scheme_id,fiscal_year,revised_allocation_total,revised_allocation_fpa,estimated_expenditure,throw_forward,allocation_capital,allocation_revenue,allocation_total,allocation_fpa,financial_progress_pct_prior_year,financial_progress_pct_current_year
1,2026-2027,0.000,0.000,99.938,0.001,0.001,0.000,0.001,0.000,100.0,100.0
2,2026-2027,0.000,0.000,261.400,177.749,100.000,0.000,100.000,0.000,59.5,82.3
3,2026-2027,15.542,0.000,51.701,23.299,0.000,23.299,23.299,0.000,68.9,100.0
4,2026-2027,20.178,0.000,49.558,50.442,50.442,0.000,50.442,0.000,49.6,100.0
5,2026-2027,0.000,0.000,509.278,316.506,0.000,316.506,316.506,0.000,61.7,100.0
6,2026-2027,216.225,11788.140,266.225,2035.995,0.000,112.420,112.420,0.000,11.6,16.4
7,2026-2027,63.037,0.000,91.899,4.031,0.000,4.031,4.031,0.000,95.8,100.0
8,2026-2027,31.026,0.000,224.833,0.000,0.000,0.001,0.001,0.000,100.0,100.0
9,2026-2027,0.000,0.000,0.000,200.000,0.000,50.000,50.000,0.000,0.0,25.0
10,2026-2027,0.000,0.000,195.877,0.001,0.001,0.000,0.001,0.000,100.0,100.0
11,2026-2027,49.616,0.000,49.616,227.316,100.000,0.000,100.000,0.000,17.9,54.0
12,2026-2027,0.000,0.000,0.000,4504.830,1100.000,119.300,1219.300,0.000,0.0,27.1
13,2026-2027,57.633,0.000,136.935,163.065,0.000,163.065,163.065,0.000,45.6,100.0
14,2026-2027,12.500,0.000,62.500,137.500,0.000,56.306,56.306,0.000,31.3,59.4
15,2026-2027,158.000,0.000,1633.713,1222.087,0.000,392.687,392.687,0.000,57.2,71.0
16,2026-2027,0.000,0.000,3872.999,0.001,0.000,0.001,0.001,0.000,100.0,100.0
17,2026-2027,0.000,0.000,0.000,390.000,0.000,97.500,97.500,0.000,0.0,25.0
18,2026-2027,41.947,0.000,152.147,47.850,0.000,47.850,47.850,0.000,76.1,100.0
19,2026-2027,80.950,0.000,224.911,130.600,62.542,68.058,130.600,0.000,63.3,100.0
20,2026-2027,61.000,0.000,98.500,1.500,0.000,1.500,1.500,0.000,98.5,100.0
21,2026-2027,50.000,0.000,50.000,50.000,0.000,50.000,50.000,0.000,50.0,100.0
22,2026-2027,24.700,0.000,24.700,25.300,0.000,25.300,25.300,0.000,49.4,100.0
23,2026-2027,0.000,0.000,74.799,21.590,21.590,0.000,21.590,0.000,77.6,100.0
24,2026-2027,250.000,0.000,357.291,962.709,0.000,284.141,284.141,0.000,27.1,48.6
25,2026-2027,494.393,0.000,730.793,1269.207,0.000,416.822,416.822,0.000,36.5,57.4
26,2026-2027,315.060,0.000,524.765,474.521,0.000,75.000,75.000,0.000,52.5,60.0
27,2026-2027,300.000,0.000,487.320,488.930,0.000,488.930,488.930,0.000,49.9,100.0
28,2026-2027,510.000,0.000,510.000,510.000,0.000,510.000,510.000,0.000,50.0,100.0
29,2026-2027,0.000,0.000,0.000,350.000,0.000,87.500,87.500,0.000,0.0,25.0
30,2026-2027,69.280,0.000,69.280,30.680,0.000,30.680,30.680,0.000,69.3,100.0
31,2026-2027,43.750,0.000,56.250,43.750,0.000,43.750,43.750,0.000,56.3,100.0
32,2026-2027,0.000,0.000,128.335,22.264,0.100,0.000,0.100,0.000,85.2,85.3
33,2026-2027,0.000,0.000,79.202,65.385,20.000,0.000,20.000,0.000,54.8,68.6
34,2026-2027,0.000,0.000,92.650,3.476,3.476,0.000,3.476,0.000,96.4,100.0
35,2026-2027,0.000,0.000,94.661,0.908,0.908,0.000,0.908,0.000,99.0,100.0
36,2026-2027,33.812,0.000,93.870,0.179,0.179,0.000,0.179,0.000,99.8,100.0
37,2026-2027,25.491,0.000,73.756,0.005,0.005,0.000,0.005,0.000,100.0,100.0
38,2026-2027,17.603,0.000,20.000,0.000,0.001,0.000,0.001,0.000,100.0,100.0
39,2026-2027,0.000,0.000,14.522,3.218,3.218,0.000,3.218,0.000,81.9,100.0
40,2026-2027,0.000,0.000,14.599,16.748,16.748,0.000,16.748,0.000,46.6,100.0
41,2026-2027,0.000,0.000,14.640,1.360,1.360,0.000,1.360,0.000,91.5,100.0
42,2026-2027,0.000,0.000,15.628,10.472,10.472,0.000,10.472,0.000,59.9,100.0
43,2026-2027,25.257,0.000,30.000,0.000,0.001,0.000,0.001,0.000,100.0,100.0
44,2026-2027,18.752,0.000,20.000,0.000,0.001,0.000,0.001,0.000,100.0,100.0
45,2026-2027,19.046,0.000,19.046,101.466,54.711,0.000,54.711,0.000,15.8,61.2
46,2026-2027,1.195,0.000,6.185,0.072,0.072,0.000,0.072,0.000,98.8,100.0
47,2026-2027,1.375,0.000,11.714,0.000,0.001,0.000,0.001,0.000,100.0,100.0
48,2026-2027,3.125,0.000,3.125,21.837,21.837,0.000,21.837,0.000,12.5,100.0
49,2026-2027,3.125,0.000,3.125,21.837,21.837,0.000,21.837,0.000,12.5,100.0
50,2026-2027,18.100,0.000,18.100,109.668,109.668,0.000,109.668,0.000,14.2,100.0
51,2026-2027,5.000,0.000,5.000,35.028,35.028,0.000,35.028,0.000,12.5,100.0
52,2026-2027,2.000,0.000,2.000,13.877,13.877,0.000,13.877,0.000,12.6,100.0
53,2026-2027,0.000,0.000,109.427,50.773,0.001,0.000,0.001,0.000,68.3,68.3
54,2026-2027,0.000,0.000,0.000,924.576,0.000,160.499,160.499,0.000,0.0,17.4
55,2026-2027,2.500,0.000,122.977,1246.951,0.050,0.000,0.050,0.000,9.0,9.0
56,2026-2027,50.000,0.000,283.242,306.758,1.500,0.000,1.500,0.000,48.0,48.3
57,2026-2027,15.000,0.000,132.982,56.363,1.500,0.000,1.500,0.000,70.2,71.0
58,2026-2027,100.000,0.000,525.711,218.791,218.791,0.000,218.791,0.000,70.6,100.0
59,2026-2027,15.000,0.000,48.226,150.774,1.500,0.000,1.500,0.000,24.2,25.0
60,2026-2027,62.593,0.000,144.151,49.849,1.500,0.000,1.500,0.000,74.3,75.1
61,2026-2027,50.000,0.000,339.434,430.154,10.000,0.000,10.000,0.000,44.1,45.4
62,2026-2027,70.000,0.000,237.474,303.801,303.801,0.000,303.801,0.000,43.9,100.0
63,2026-2027,2.500,0.000,35.189,96.145,79.321,16.824,96.145,0.000,26.8,100.0
64,2026-2027,25.000,0.000,61.189,89.811,1.500,0.000,1.500,0.000,40.5,41.5
65,2026-2027,20.000,0.000,67.392,132.075,1.500,0.000,1.500,0.000,33.8,34.5
66,2026-2027,10.000,0.000,34.998,163.757,79.152,0.000,79.152,0.000,17.6,57.4
67,2026-2027,10.000,0.000,35.000,163.033,80.000,0.000,80.000,0.000,17.7,58.1
68,2026-2027,20.000,0.000,128.673,67.245,1.500,0.000,1.500,0.000,65.7,66.4
69,2026-2027,0.000,0.000,0.000,528.431,1.500,0.000,1.500,0.000,0.0,0.3
70,2026-2027,3.750,0.000,25.454,158.814,60.000,0.000,60.000,0.000,13.8,46.4
71,2026-2027,25.000,0.000,82.070,115.303,1.500,0.000,1.500,0.000,41.6,42.3
72,2026-2027,5.000,0.000,104.601,82.160,1.500,0.000,1.500,0.000,56.0,56.8
73,2026-2027,1.250,0.000,10.942,182.058,1.500,0.000,1.500,0.000,5.7,6.4
74,2026-2027,15.000,0.000,227.812,224.188,1.500,0.000,1.500,0.000,50.4,50.7
75,2026-2027,30.000,0.000,95.977,94.023,1.500,0.000,1.500,0.000,50.5,51.3
76,2026-2027,70.000,0.000,151.759,44.515,1.500,0.000,1.500,0.000,77.3,78.1
77,2026-2027,10.000,0.000,10.000,30.000,1.500,0.000,1.500,0.000,25.0,28.8
78,2026-2027,50.000,0.000,95.820,95.812,1.500,0.000,1.500,0.000,50.0,50.8
79,2026-2027,30.000,0.000,75.917,123.716,1.500,0.000,1.500,0.000,38.0,38.8
80,2026-2027,40.000,0.000,83.699,112.321,1.500,0.000,1.500,0.000,42.7,43.5
81,2026-2027,30.000,0.000,65.015,133.705,1.500,0.000,1.500,0.000,32.7,33.5
82,2026-2027,25.000,0.000,31.250,165.965,1.500,0.000,1.500,0.000,15.8,16.6
83,2026-2027,153.022,0.000,197.523,0.018,0.010,0.000,0.010,0.000,100.0,100.0
84,2026-2027,1.250,0.000,1.250,198.750,1.500,0.000,1.500,0.000,0.6,1.4
85,2026-2027,138.940,0.000,198.311,0.003,0.001,0.000,0.001,0.000,100.0,100.0
86,2026-2027,38.000,0.000,92.958,106.878,1.500,0.000,1.500,0.000,46.5,47.3
87,2026-2027,12.500,0.000,12.500,87.500,63.245,24.255,87.500,0.000,12.5,100.0
88,2026-2027,0.000,0.000,0.000,1400.000,1283.331,116.669,1400.000,0.000,0.0,100.0
89,2026-2027,0.001,0.000,2868.187,177.813,0.050,0.000,0.050,0.000,94.2,94.2
90,2026-2027,20.000,0.000,731.092,716.222,400.000,0.000,400.000,0.000,50.5,78.2
91,2026-2027,30.377,0.000,236.533,215.481,1.500,0.000,1.500,0.000,52.3,52.7
92,2026-2027,30.377,0.000,79.026,119.245,1.500,0.000,1.500,0.000,39.9,40.6
93,2026-2027,30.000,0.000,71.781,110.899,1.500,0.000,1.500,0.000,39.3,40.1
94,2026-2027,0.000,0.000,0.000,300.000,5.000,0.000,5.000,0.000,0.0,1.7
95,2026-2027,5.000,0.000,239.318,87.050,5.000,0.000,5.000,0.000,73.3,74.9
96,2026-2027,0.000,0.000,563.797,187.047,0.000,15.047,15.047,0.000,75.1,77.1
97,2026-2027,37.500,0.000,841.067,76.716,62.716,14.000,76.716,0.000,91.6,100.0
98,2026-2027,579.068,0.000,2017.919,1546.487,200.000,50.000,250.000,0.000,56.6,63.6
99,2026-2027,65.000,0.000,1620.440,1133.911,125.000,25.000,150.000,0.000,58.8,64.3
100,2026-2027,30.000,0.000,71.000,121.627,75.000,0.000,75.000,0.000,36.9,75.8
101,2026-2027,50.000,0.000,295.391,697.495,60.000,0.000,60.000,0.000,29.8,35.8
102,2026-2027,14.864,0.000,813.265,0.001,0.001,0.000,0.001,0.000,100.0,100.0
103,2026-2027,140.906,0.000,409.360,419.674,50.000,0.000,50.000,0.000,49.4,55.4
104,2026-2027,32.500,0.000,2096.570,197.239,10.000,0.000,10.000,0.000,91.4,91.8
105,2026-2027,50.000,0.000,2294.635,569.950,50.000,0.000,50.000,0.000,80.1,81.8
106,2026-2027,0.000,0.000,1776.888,20.710,20.710,0.000,20.710,0.000,98.8,100.0
107,2026-2027,15.000,0.000,116.038,200.670,40.000,0.000,40.000,0.000,36.6,49.3
108,2026-2027,52.673,0.000,140.942,58.883,52.673,6.210,58.883,0.000,70.5,100.0
109,2026-2027,30.000,0.000,116.559,51.268,24.000,0.000,24.000,0.000,69.5,83.8
110,2026-2027,12.500,0.000,65.597,115.090,40.000,0.000,40.000,0.000,36.3,58.4
111,2026-2027,44.261,0.000,115.491,44.261,44.261,0.000,44.261,0.000,72.3,100.0
112,2026-2027,25.326,0.000,142.031,25.331,25.331,0.000,25.331,0.000,84.9,100.0
113,2026-2027,0.000,0.000,86.324,54.628,54.628,0.000,54.628,0.000,61.2,100.0
114,2026-2027,12.500,0.000,27.485,72.498,20.000,0.000,20.000,0.000,27.5,47.5
115,2026-2027,98.460,0.000,198.614,0.001,0.001,0.000,0.001,0.000,100.0,100.0
116,2026-2027,41.282,0.000,190.046,0.001,0.001,0.000,0.001,0.000,100.0,100.0
117,2026-2027,54.979,0.000,128.124,58.314,49.694,8.620,58.314,0.000,68.7,100.0
118,2026-2027,30.000,0.000,70.264,119.265,50.000,0.000,50.000,0.000,37.1,63.5
119,2026-2027,49.209,0.000,94.521,5.474,0.001,0.000,0.001,0.000,94.5,94.5
120,2026-2027,26.111,0.000,78.827,61.933,51.933,10.000,61.933,0.000,56.0,100.0
121,2026-2027,6.250,0.000,26.250,73.667,5.000,0.000,5.000,0.000,26.3,31.3
122,2026-2027,20.000,0.000,81.248,101.165,40.000,0.000,40.000,0.000,44.5,66.5
123,2026-2027,27.960,0.000,99.635,0.001,0.001,0.000,0.001,0.000,100.0,100.0
124,2026-2027,84.237,0.000,163.363,0.001,0.001,0.000,0.001,0.000,100.0,100.0
125,2026-2027,42.986,0.000,210.729,0.001,0.001,0.000,0.001,0.000,100.0,100.0
126,2026-2027,0.000,0.000,73.209,21.291,21.291,0.000,21.291,0.000,77.5,100.0
127,2026-2027,15.012,0.000,144.999,0.001,0.001,0.000,0.001,0.000,100.0,100.0
128,2026-2027,27.059,0.000,122.090,31.996,31.996,0.000,31.996,0.000,79.2,100.0
129,2026-2027,10.820,0.000,164.950,0.002,0.000,0.001,0.001,0.000,100.0,100.0
130,2026-2027,0.000,0.000,88.353,10.435,1.526,0.000,1.526,0.000,89.4,91.0
131,2026-2027,64.383,0.000,204.284,0.001,0.001,0.000,0.001,0.000,100.0,100.0
132,2026-2027,2.500,0.000,7.500,91.284,87.284,4.000,91.284,0.000,7.6,100.0
133,2026-2027,25.564,0.000,93.529,86.611,75.033,11.578,86.611,0.000,51.9,100.0
134,2026-2027,18.750,0.000,18.750,164.381,8.000,0.000,8.000,0.000,10.2,14.6
135,2026-2027,30.000,0.000,74.122,74.099,40.000,0.000,40.000,0.000,50.0,77.0
136,2026-2027,20.000,0.000,60.488,116.867,30.000,0.000,30.000,0.000,34.1,51.0
137,2026-2027,11.739,0.000,56.736,23.264,3.914,19.350,23.264,0.000,70.9,100.0
138,2026-2027,0.000,0.000,29.334,73.406,20.000,0.000,20.000,0.000,28.6,48.0
139,2026-2027,0.030,0.000,29.910,30.497,30.497,0.000,30.497,0.000,49.5,100.0
140,2026-2027,25.000,0.000,77.041,39.593,29.593,10.000,39.593,0.000,66.1,100.0
141,2026-2027,11.468,0.000,110.174,0.992,0.992,0.000,0.992,0.000,99.1,100.0
142,2026-2027,157.846,0.000,195.300,799.806,0.000,69.866,69.866,0.000,19.6,26.6
143,2026-2027,17.500,0.000,22.000,93.113,20.000,0.000,20.000,0.000,19.1,36.5
144,2026-2027,70.000,0.000,88.000,68.250,59.460,8.790,68.250,0.000,56.3,100.0
145,2026-2027,65.250,0.000,65.250,51.245,42.455,8.790,51.245,0.000,56.0,100.0
146,2026-2027,101.519,0.000,101.519,55.661,46.872,8.790,55.662,0.000,64.6,100.0
147,2026-2027,95.309,0.000,115.308,0.001,0.001,0.000,0.001,0.000,100.0,100.0
148,2026-2027,15.000,0.000,18.739,96.374,20.000,0.000,20.000,0.000,16.3,33.7
149,2026-2027,70.000,0.000,85.000,100.230,60.000,0.000,60.000,0.000,45.9,78.3
150,2026-2027,11.250,0.000,11.859,103.254,20.000,0.000,20.000,0.000,10.3,27.7
151,2026-2027,80.000,0.000,95.000,87.948,76.370,11.578,87.948,0.000,51.9,100.0
152,2026-2027,80.000,0.000,87.415,73.151,40.000,0.000,40.000,0.000,54.4,79.4
153,2026-2027,99.525,0.000,114.525,66.235,16.000,0.000,16.000,0.000,63.4,72.2
154,2026-2027,47.666,0.000,58.901,60.096,16.000,0.000,16.000,0.000,49.5,62.9
155,2026-2027,20.000,0.000,23.734,91.379,24.000,0.000,24.000,0.000,20.6,41.5
156,2026-2027,17.500,0.000,18.311,96.802,20.000,0.000,20.000,0.000,15.9,33.3
157,2026-2027,28.342,0.000,74.341,40.772,20.000,0.000,20.000,0.000,64.6,82.0
158,2026-2027,3.750,0.000,4.414,114.583,45.000,0.000,45.000,0.000,3.7,41.5
159,2026-2027,15.000,0.000,29.999,88.998,20.000,0.000,20.000,0.000,25.2,42.0
160,2026-2027,27.000,0.000,52.000,61.760,20.000,0.000,20.000,0.000,45.7,63.3
161,2026-2027,48.118,0.000,62.782,84.570,20.000,0.000,20.000,0.000,42.6,56.2
162,2026-2027,34.947,0.000,69.940,10.051,0.001,0.000,0.001,0.000,87.4,87.4
163,2026-2027,94.525,0.000,114.525,5.475,0.001,0.000,0.001,0.000,95.4,95.4
164,2026-2027,40.685,0.000,89.102,64.348,56.615,7.733,64.348,0.000,58.1,100.0
165,2026-2027,48.075,0.000,96.148,0.001,0.001,0.000,0.001,0.000,100.0,100.0
166,2026-2027,20.000,0.000,68.380,28.383,16.000,0.000,16.000,0.000,70.7,87.2
167,2026-2027,57.314,0.000,76.419,0.001,0.001,0.000,0.001,0.000,100.0,100.0
168,2026-2027,45.000,0.000,59.751,90.234,20.000,0.000,20.000,0.000,39.8,53.2
169,2026-2027,30.000,0.000,46.351,139.700,20.000,0.000,20.000,0.000,24.9,35.7
170,2026-2027,22.500,0.000,34.454,153.683,50.000,0.000,50.000,0.000,18.3,44.9
171,2026-2027,70.000,0.000,85.000,100.430,60.000,0.000,60.000,0.000,45.8,78.2
172,2026-2027,39.928,0.000,79.852,0.001,0.001,0.000,0.001,0.000,100.0,100.0
173,2026-2027,60.000,0.000,72.160,126.849,80.000,0.000,80.000,0.000,36.3,76.5
174,2026-2027,140.000,0.000,154.999,44.733,44.733,0.000,44.733,0.000,77.6,100.0
175,2026-2027,140.000,0.000,159.996,39.700,25.700,14.000,39.700,0.000,80.1,100.0
176,2026-2027,40.000,0.000,64.999,133.759,20.000,0.000,20.000,0.000,32.7,42.8
177,2026-2027,27.000,0.000,42.000,72.325,18.825,0.000,18.825,0.000,36.7,53.2
178,2026-2027,22.404,0.000,42.403,149.271,20.000,0.000,20.000,0.000,22.1,32.6
179,2026-2027,30.000,0.000,59.991,239.973,24.000,0.000,24.000,0.000,20.0,28.0
180,2026-2027,2.500,0.000,2.500,77.175,61.526,15.649,77.175,0.000,3.1,100.0
181,2026-2027,60.000,0.000,79.999,159.746,40.000,0.000,40.000,0.000,33.4,50.1
182,2026-2027,11.200,0.000,11.200,321.989,40.000,0.000,40.000,0.000,3.4,15.4
183,2026-2027,0.000,0.000,0.000,149.620,20.000,0.000,20.000,0.000,0.0,13.4
184,2026-2027,18.750,0.000,18.750,131.250,20.000,0.000,20.000,0.000,12.5,25.8
185,2026-2027,18.750,0.000,18.750,131.188,20.000,0.000,20.000,0.000,12.5,25.8
186,2026-2027,0.000,0.000,0.000,149.894,16.000,0.000,16.000,0.000,0.0,10.7
187,2026-2027,0.000,0.000,0.000,149.939,16.000,0.000,16.000,0.000,0.0,10.7
188,2026-2027,18.750,0.000,18.750,131.250,16.000,0.000,16.000,0.000,12.5,23.2
189,2026-2027,18.750,0.000,18.750,131.250,16.000,0.000,16.000,0.000,12.5,23.2
190,2026-2027,14.000,0.000,14.000,105.947,30.000,0.000,30.000,0.000,11.7,36.7
191,2026-2027,0.000,0.000,0.000,239.883,30.000,0.000,30.000,0.000,0.0,12.5
192,2026-2027,18.750,0.000,18.750,144.590,28.000,0.000,28.000,0.000,11.5,28.6
193,2026-2027,18.750,0.000,18.750,130.685,30.000,0.000,30.000,0.000,12.5,32.6
194,2026-2027,18.750,0.000,18.750,127.542,30.000,0.000,30.000,0.000,12.8,33.3
195,2026-2027,15.000,0.000,15.000,104.954,30.000,0.000,30.000,0.000,12.5,37.5
196,2026-2027,22.500,0.000,22.500,156.992,30.000,0.000,30.000,0.000,12.5,29.2
197,2026-2027,29.784,0.000,29.784,89.353,0.000,89.353,89.353,0.000,25.0,100.0
198,2026-2027,0.000,0.000,0.000,293.730,40.000,0.000,40.000,0.000,0.0,13.6
199,2026-2027,25.000,0.000,140.222,59.688,0.001,0.000,0.001,0.000,70.1,70.1
200,2026-2027,166.202,0.000,449.872,221.196,50.000,15.000,65.000,0.000,67.0,76.7
201,2026-2027,0.000,0.000,4.950,40.050,0.000,0.001,0.001,0.000,11.0,11.0
202,2026-2027,45.000,0.000,119.419,79.073,66.573,12.500,79.073,0.000,60.2,100.0
203,2026-2027,33.750,0.000,56.128,33.384,19.944,13.440,33.384,0.000,62.7,100.0
204,2026-2027,35.251,0.000,156.652,35.034,20.034,15.000,35.034,0.000,81.7,100.0
205,2026-2027,7.500,0.000,18.657,70.594,57.154,13.440,70.594,0.000,20.9,100.0
206,2026-2027,38.410,0.000,158.410,384.136,140.000,0.000,140.000,0.000,29.2,55.0
207,2026-2027,37.500,0.000,71.096,124.845,50.000,0.000,50.000,0.000,36.3,61.8
208,2026-2027,30.000,0.000,80.761,70.030,62.867,7.163,70.030,0.000,53.6,100.0
209,2026-2027,24.813,0.000,73.431,11.500,0.000,11.500,11.500,0.000,86.5,100.0
210,2026-2027,45.000,0.000,109.356,88.734,72.062,16.672,88.734,0.000,55.2,100.0
211,2026-2027,45.000,0.000,109.132,89.171,73.606,15.565,89.171,0.000,55.0,100.0
212,2026-2027,5.000,0.000,7.319,114.609,50.000,0.000,50.000,0.000,6.0,47.0
213,2026-2027,53.544,0.000,104.254,9.339,0.000,9.339,9.339,0.000,91.8,100.0
214,2026-2027,15.000,0.000,31.374,96.040,86.040,10.000,96.040,0.000,24.6,100.0
215,2026-2027,6.250,0.000,55.132,83.260,68.260,15.000,83.260,0.000,39.8,100.0
216,2026-2027,18.447,0.000,75.400,35.953,20.953,15.000,35.953,0.000,67.7,100.0
217,2026-2027,33.721,0.000,60.832,29.191,15.751,13.440,29.191,0.000,67.6,100.0
218,2026-2027,31.377,0.000,108.877,179.927,90.000,0.000,90.000,0.000,37.7,68.9
219,2026-2027,31.116,0.000,145.116,309.769,120.000,0.000,120.000,0.000,31.9,58.3
220,2026-2027,24.339,0.000,70.924,100.353,83.726,16.627,100.353,0.000,41.4,100.0
221,2026-2027,90.000,0.000,190.000,273.759,100.000,0.000,100.000,0.000,41.0,62.5
222,2026-2027,30.000,0.000,44.097,70.891,54.891,16.000,70.891,0.000,38.3,100.0
223,2026-2027,16.210,0.000,60.833,49.340,33.340,16.000,49.340,0.000,55.2,100.0
224,2026-2027,30.000,0.000,88.245,76.117,65.875,10.242,76.117,0.000,53.7,100.0
225,2026-2027,50.000,0.000,82.795,51.469,35.469,16.000,51.469,0.000,61.7,100.0
226,2026-2027,15.000,0.000,34.388,155.346,0.000,26.455,26.455,0.000,18.1,32.1
227,2026-2027,607.354,0.000,1727.367,3957.253,304.998,150.000,454.998,0.000,30.4,38.4
228,2026-2027,7.500,0.000,7.500,92.114,25.000,0.000,25.000,0.000,7.5,32.6
229,2026-2027,7.500,0.000,7.500,91.577,25.000,0.000,25.000,0.000,7.6,32.8
230,2026-2027,22.500,0.000,22.500,87.223,25.000,0.000,25.000,0.000,20.5,43.3
231,2026-2027,38.920,0.000,83.920,47.345,39.345,8.000,47.345,0.000,63.9,100.0
232,2026-2027,22.500,0.000,22.500,66.999,25.000,0.000,25.000,0.000,25.1,53.1
233,2026-2027,22.500,0.000,22.500,66.999,30.000,0.000,30.000,0.000,25.1,58.7
234,2026-2027,22.266,0.000,51.532,20.581,13.581,7.000,20.581,0.000,71.5,100.0
235,2026-2027,30.000,0.000,34.500,55.223,42.723,12.500,55.223,0.000,38.5,100.0
236,2026-2027,18.750,0.000,18.750,128.085,40.000,0.000,40.000,0.000,12.8,40.0
237,2026-2027,25.000,0.000,30.000,67.885,55.385,12.500,67.885,0.000,30.6,100.0
238,2026-2027,25.000,0.000,30.000,67.885,55.385,12.500,67.885,0.000,30.6,100.0
239,2026-2027,18.750,0.000,18.750,78.775,66.275,12.500,78.775,0.000,19.2,100.0
240,2026-2027,18.750,0.000,18.750,80.924,68.424,12.500,80.924,0.000,18.8,100.0
241,2026-2027,25.000,0.000,30.000,67.885,55.385,12.500,67.885,0.000,30.6,100.0
242,2026-2027,80.000,0.000,180.000,18.076,0.000,18.076,18.076,0.000,90.9,100.0
243,2026-2027,8.550,0.000,8.550,140.975,30.000,0.000,30.000,0.000,5.7,25.8
244,2026-2027,243.250,0.000,243.250,369.634,110.000,25.000,135.000,0.000,39.7,61.7
245,2026-2027,49.590,0.000,49.590,49.581,49.591,0.000,49.591,0.000,50.0,100.0
246,2026-2027,12.500,0.000,12.500,87.401,33.000,0.000,33.000,0.000,12.5,45.5
247,2026-2027,12.500,0.000,12.500,87.259,35.000,0.000,35.000,0.000,12.5,47.6
248,2026-2027,12.500,0.000,12.500,81.819,25.000,0.000,25.000,0.000,13.3,39.8
249,2026-2027,18.750,0.000,18.750,131.187,35.000,0.000,35.000,0.000,12.5,35.8
250,2026-2027,13.750,0.000,13.750,95.917,50.000,0.000,50.000,0.000,12.5,58.1
251,2026-2027,19.375,0.000,19.375,127.958,20.000,0.000,20.000,0.000,13.2,26.7
252,2026-2027,51.875,0.000,51.875,363.085,20.000,0.000,20.000,0.000,12.5,17.3
253,2026-2027,12.500,0.000,12.500,36.903,36.903,0.000,36.903,0.000,25.3,100.0
254,2026-2027,27.500,0.000,27.500,82.130,30.000,0.000,30.000,0.000,25.1,52.4
255,2026-2027,12.500,0.000,12.500,86.654,30.000,0.000,30.000,0.000,12.6,42.9
256,2026-2027,32.500,0.000,32.500,96.126,35.000,0.000,35.000,0.000,25.3,52.5
257,2026-2027,22.500,0.000,22.500,152.811,25.000,0.000,25.000,0.000,12.8,27.1
258,2026-2027,30.000,0.000,30.000,29.999,29.999,0.000,29.999,0.000,50.0,100.0
259,2026-2027,0.000,0.000,0.000,100.000,10.000,0.000,10.000,0.000,0.0,10.0
260,2026-2027,0.000,0.000,0.000,90.000,10.000,0.000,10.000,0.000,0.0,11.1
261,2026-2027,0.000,0.000,0.000,100.000,10.000,0.000,10.000,0.000,0.0,10.0
262,2026-2027,0.000,0.000,1046.787,254.938,0.001,0.000,0.001,0.000,80.4,80.4
263,2026-2027,0.000,0.000,464.219,57.483,0.001,0.000,0.001,0.000,89.0,89.0
264,2026-2027,0.000,0.000,197.029,328.353,0.001,0.000,0.001,0.000,37.5,37.5
265,2026-2027,11.250,0.000,241.542,47.841,47.841,0.000,47.841,0.000,83.5,100.0
266,2026-2027,7.500,0.000,1088.230,181.807,13.479,0.000,13.479,0.000,85.7,86.7
267,2026-2027,0.000,0.000,882.457,88.920,0.001,0.000,0.001,0.000,90.8,90.8
268,2026-2027,25.000,0.000,77.498,18.270,12.754,0.000,12.754,0.000,80.9,94.2
269,2026-2027,10.100,0.000,66.378,10.261,3.366,0.000,3.366,0.000,86.6,91.0
270,2026-2027,15.000,0.000,69.881,22.188,13.914,0.000,13.914,0.000,75.9,91.0
271,2026-2027,29.633,0.000,64.308,59.099,59.099,0.000,59.099,0.000,52.1,100.0
272,2026-2027,17.599,0.000,98.979,26.118,26.118,0.000,26.118,0.000,79.1,100.0
273,2026-2027,24.973,0.000,63.723,13.148,13.148,0.000,13.148,0.000,82.9,100.0
274,2026-2027,0.000,0.000,54.444,0.001,0.001,0.000,0.001,0.000,100.0,100.0
275,2026-2027,15.000,0.000,62.404,46.903,33.903,13.000,46.903,0.000,57.1,100.0
276,2026-2027,10.008,0.000,58.758,7.172,0.001,0.000,0.001,0.000,89.1,89.1
277,2026-2027,4.883,0.000,68.083,14.287,1.626,0.000,1.626,0.000,82.7,84.6
278,2026-2027,5.000,0.000,89.000,30.168,12.441,0.000,12.441,0.000,74.7,85.1
279,2026-2027,18.750,0.000,93.233,34.836,19.644,0.000,19.644,0.000,72.8,88.1
280,2026-2027,15.000,0.000,95.395,72.570,5.000,0.000,5.000,0.000,56.8,59.8
281,2026-2027,2598.837,25990.960,2930.591,543.252,0.000,543.252,543.252,8425.200,84.4,100.0
282,2026-2027,15.000,0.000,137.583,145.917,10.000,0.000,10.000,0.000,48.5,52.1
283,2026-2027,20.000,0.000,133.100,65.933,10.000,0.000,10.000,0.000,66.9,71.9
284,2026-2027,20.000,0.000,50.000,25.000,25.000,0.000,25.000,0.000,66.7,100.0
285,2026-2027,15.000,0.000,59.500,30.426,20.366,0.000,20.366,0.000,66.2,88.8
286,2026-2027,20.000,0.000,51.250,8.575,0.001,0.000,0.001,0.000,85.7,85.7
287,2026-2027,10.000,0.000,29.000,47.808,41.772,0.000,41.772,0.000,37.8,92.1
288,2026-2027,20.000,0.000,64.500,25.293,25.293,0.000,25.293,0.000,71.8,100.0
289,2026-2027,20.000,0.000,64.500,70.649,5.000,0.000,5.000,0.000,47.7,51.4
290,2026-2027,15.000,0.000,60.750,15.764,7.716,0.000,7.716,0.000,79.4,89.5
291,2026-2027,15.000,0.000,55.000,35.000,24.940,0.000,24.940,0.000,61.1,88.8
292,2026-2027,20.000,0.000,69.500,23.558,13.498,0.000,13.498,0.000,74.7,89.2
293,2026-2027,16.944,0.000,48.194,11.753,11.393,0.360,11.753,0.000,80.4,100.0
294,2026-2027,10.000,0.000,65.000,51.474,41.274,0.000,41.274,0.000,55.8,91.2
295,2026-2027,15.000,0.000,45.108,80.433,5.000,0.000,5.000,0.000,35.9,39.9
296,2026-2027,10.000,0.000,48.750,24.594,17.074,0.000,17.074,0.000,66.5,89.7
297,2026-2027,15.000,0.000,40.000,15.260,9.620,0.000,9.620,0.000,72.4,89.8
298,2026-2027,15.000,0.000,38.750,34.594,27.074,0.000,27.074,0.000,52.8,89.7
299,2026-2027,15.000,0.000,50.750,38.989,5.000,0.000,5.000,0.000,56.6,62.1
300,2026-2027,15.000,0.000,55.000,4.673,4.673,0.000,4.673,0.000,92.2,100.0
301,2026-2027,15.000,0.000,50.000,20.000,20.000,0.000,20.000,0.000,71.4,100.0
302,2026-2027,15.000,0.000,57.500,12.485,12.485,0.000,12.485,0.000,82.2,100.0
303,2026-2027,15.000,0.000,49.250,46.313,46.313,0.000,46.313,0.000,51.5,100.0
304,2026-2027,14.271,0.000,49.021,50.092,50.092,0.000,50.092,0.000,49.5,100.0
305,2026-2027,15.000,0.000,50.000,38.534,38.534,0.000,38.534,0.000,56.5,100.0
306,2026-2027,34.804,0.000,69.804,11.468,11.468,0.000,11.468,0.000,85.9,100.0
307,2026-2027,15.000,0.000,63.750,36.245,36.245,0.000,36.245,0.000,63.8,100.0
308,2026-2027,29.845,0.000,59.845,23.076,23.076,0.000,23.076,0.000,72.2,100.0
309,2026-2027,15.000,0.000,43.000,125.266,10.000,0.000,10.000,0.000,25.6,31.5
310,2026-2027,18.750,0.000,64.250,52.340,5.000,0.000,5.000,0.000,55.1,59.4
311,2026-2027,10.000,0.000,60.500,32.524,32.524,0.000,32.524,0.000,65.0,100.0
312,2026-2027,15.000,0.000,53.500,81.652,5.000,0.000,5.000,0.000,39.6,43.3
313,2026-2027,30.000,0.000,79.985,105.618,10.000,0.000,10.000,0.000,43.1,48.5
314,2026-2027,20.000,0.000,67.500,32.484,19.712,0.000,19.712,0.000,67.5,87.2
315,2026-2027,84.524,0.000,159.524,140.449,107.989,32.460,140.449,0.000,53.2,100.0
316,2026-2027,25.000,0.000,75.000,84.999,5.000,0.000,5.000,0.000,46.9,50.0
317,2026-2027,60.000,0.000,239.995,259.982,15.000,0.000,15.000,0.000,48.0,51.0
318,2026-2027,35.000,0.000,104.978,194.912,5.000,0.000,5.000,0.000,35.0,36.7
319,2026-2027,30.000,0.000,171.952,222.808,10.000,0.000,10.000,0.000,43.6,46.1
320,2026-2027,15.000,0.000,65.000,95.000,5.000,0.000,5.000,0.000,40.6,43.8
321,2026-2027,15.000,0.000,58.065,97.263,5.000,0.000,5.000,0.000,37.4,40.6
322,2026-2027,25.000,0.000,121.000,178.995,5.000,0.000,5.000,0.000,40.3,42.0
323,2026-2027,15.000,0.000,92.988,146.952,5.000,0.000,5.000,0.000,38.8,40.8
324,2026-2027,15.000,0.000,72.413,82.876,10.000,0.000,10.000,0.000,46.6,53.1
325,2026-2027,18.750,0.000,86.110,93.515,10.000,0.000,10.000,0.000,47.9,53.5
326,2026-2027,30.000,0.000,97.270,97.128,5.000,0.000,5.000,0.000,50.0,52.6
327,2026-2027,25.000,0.000,92.896,106.586,5.000,0.000,5.000,0.000,46.6,49.1
328,2026-2027,20.000,0.000,82.366,19.866,7.094,0.000,7.094,0.000,80.6,87.5
329,2026-2027,30.000,0.000,93.744,104.503,10.000,0.000,10.000,0.000,47.3,52.3
330,2026-2027,18.750,0.000,63.750,26.222,17.542,0.000,17.542,0.000,70.9,90.4
331,2026-2027,14.943,0.000,46.389,12.753,0.001,0.000,0.001,0.000,78.4,78.4
332,2026-2027,15.000,0.000,38.000,19.218,19.218,0.000,19.218,0.000,66.4,100.0
333,2026-2027,15.000,0.000,46.970,112.884,10.000,0.000,10.000,0.000,29.4,35.6
334,2026-2027,0.000,0.000,45.878,9.041,9.041,0.000,9.041,0.000,83.5,100.0
335,2026-2027,0.000,0.000,34.497,0.001,0.001,0.000,0.001,0.000,100.0,100.0
336,2026-2027,25.000,0.000,50.764,35.115,35.115,0.000,35.115,0.000,59.1,100.0
337,2026-2027,22.000,0.000,44.830,31.275,31.275,0.000,31.275,0.000,58.9,100.0
338,2026-2027,30.000,0.000,53.375,24.543,24.543,0.000,24.543,0.000,68.5,100.0
339,2026-2027,20.000,0.000,39.023,24.388,24.388,0.000,24.388,0.000,61.5,100.0
340,2026-2027,26.250,0.000,49.750,57.729,5.000,0.000,5.000,0.000,46.3,50.9
341,2026-2027,25.000,0.000,43.618,18.442,18.442,0.000,18.442,0.000,70.3,100.0
342,2026-2027,25.000,0.000,43.623,18.454,18.454,0.000,18.454,0.000,70.3,100.0
343,2026-2027,25.000,0.000,43.798,18.862,18.862,0.000,18.862,0.000,69.9,100.0
344,2026-2027,25.000,0.000,43.365,17.851,17.851,0.000,17.851,0.000,70.8,100.0
345,2026-2027,25.000,0.000,48.830,30.601,30.601,0.000,30.601,0.000,61.5,100.0
346,2026-2027,25.000,0.000,48.112,28.928,28.928,0.000,28.928,0.000,62.5,100.0
347,2026-2027,20.000,0.000,47.796,44.858,44.858,0.000,44.858,0.000,51.6,100.0
348,2026-2027,20.000,0.000,43.440,34.693,34.693,0.000,34.693,0.000,55.6,100.0
349,2026-2027,10.000,0.000,48.372,79.535,5.000,0.000,5.000,0.000,37.8,41.7
350,2026-2027,25.000,0.000,48.595,30.055,30.055,0.000,30.055,0.000,61.8,100.0
351,2026-2027,15.000,0.000,37.483,37.461,37.461,0.000,37.461,0.000,50.0,100.0
352,2026-2027,25.000,0.000,48.330,29.441,29.441,0.000,29.441,0.000,62.1,100.0
353,2026-2027,10.000,0.000,28.770,33.795,33.795,0.000,33.795,0.000,46.0,100.0
354,2026-2027,15.000,0.000,33.628,28.467,28.467,0.000,28.467,0.000,54.2,100.0
355,2026-2027,20.000,0.000,48.707,46.985,46.985,0.000,46.985,0.000,50.9,100.0
356,2026-2027,18.750,0.000,37.040,83.363,10.000,0.000,10.000,0.000,30.8,39.1
357,2026-2027,15.000,0.000,33.587,81.906,10.000,0.000,10.000,0.000,29.1,37.7
358,2026-2027,18.750,0.000,37.502,79.047,5.000,0.000,5.000,0.000,32.2,36.5
359,2026-2027,25.000,0.000,43.750,79.870,10.000,0.000,10.000,0.000,35.4,43.5
360,2026-2027,25.000,0.000,44.000,19.316,19.316,0.000,19.316,0.000,69.5,100.0
361,2026-2027,15.000,0.000,37.720,94.346,5.000,0.000,5.000,0.000,28.6,32.3
362,2026-2027,18.750,0.000,37.152,77.495,10.000,0.000,10.000,0.000,32.4,41.1
363,2026-2027,20.000,0.000,43.373,34.536,34.536,0.000,34.536,0.000,55.7,100.0
364,2026-2027,20.000,0.000,43.711,35.326,35.326,0.000,35.326,0.000,55.3,100.0
365,2026-2027,14.000,0.000,37.473,40.770,40.770,0.000,40.770,0.000,47.9,100.0
366,2026-2027,25.000,0.000,43.736,18.719,18.719,0.000,18.719,0.000,70.0,100.0
367,2026-2027,25.000,0.000,48.547,29.943,29.943,0.000,29.943,0.000,61.9,100.0
368,2026-2027,18.750,0.000,42.450,56.648,5.000,0.000,5.000,0.000,42.8,47.9
369,2026-2027,25.000,0.000,48.132,28.974,28.974,0.000,28.974,0.000,62.4,100.0
370,2026-2027,20.000,0.000,38.748,23.745,23.745,0.000,23.745,0.000,62.0,100.0
371,2026-2027,20.000,0.000,43.418,34.644,34.644,0.000,34.644,0.000,55.6,100.0
372,2026-2027,20.000,0.000,42.838,33.288,33.288,0.000,33.288,0.000,56.3,100.0
373,2026-2027,20.000,0.000,57.860,18.335,18.335,0.000,18.335,0.000,75.9,100.0
374,2026-2027,20.000,0.000,43.447,34.711,34.711,0.000,34.711,0.000,55.6,100.0
375,2026-2027,20.000,0.000,47.950,45.214,45.214,0.000,45.214,0.000,51.5,100.0
376,2026-2027,15.000,0.000,38.420,39.643,39.643,0.000,39.643,0.000,49.2,100.0
377,2026-2027,20.000,0.000,49.900,99.595,5.000,0.000,5.000,0.000,33.4,36.7
378,2026-2027,20.000,0.000,43.638,35.154,35.154,0.000,35.154,0.000,55.4,100.0
379,2026-2027,20.000,0.000,42.530,32.571,32.571,0.000,32.571,0.000,56.6,100.0
380,2026-2027,37.242,0.000,53.202,17.897,17.897,0.000,17.897,0.000,74.8,100.0
381,2026-2027,15.000,0.000,33.653,45.770,45.770,0.000,45.770,0.000,42.4,100.0
382,2026-2027,20.000,0.000,38.650,23.518,23.518,0.000,23.518,0.000,62.2,100.0
383,2026-2027,20.000,0.000,43.800,35.525,35.525,0.000,35.525,0.000,55.2,100.0
384,2026-2027,30.000,0.000,48.400,100.067,10.000,0.000,10.000,0.000,32.6,39.3
385,2026-2027,44.025,0.000,62.893,29.270,29.270,0.000,29.270,0.000,68.2,100.0
386,2026-2027,35.000,0.000,54.033,77.128,10.000,0.000,10.000,0.000,41.2,48.8
387,2026-2027,26.250,0.000,49.978,90.556,7.500,0.000,7.500,0.000,35.6,40.9
388,2026-2027,18.750,0.000,42.169,109.292,5.000,0.000,5.000,0.000,27.8,31.1
389,2026-2027,18.750,0.000,37.278,78.754,10.000,0.000,10.000,0.000,32.1,40.7
390,2026-2027,15.000,0.000,42.260,48.606,48.606,0.000,48.606,0.000,46.5,100.0
391,2026-2027,59.606,612.950,65.303,77.107,15.500,61.607,77.107,113.650,45.9,100.0
392,2026-2027,0.000,0.000,17.037,1087.412,5.000,0.000,5.000,0.000,1.5,2.0
393,2026-2027,31.718,0.000,85.881,410.795,80.000,0.000,80.000,0.000,17.3,33.4
394,2026-2027,18.750,0.000,75.000,123.469,7.500,0.000,7.500,0.000,37.8,41.6
395,2026-2027,0.000,0.000,259.656,0.001,0.001,0.000,0.001,0.000,100.0,100.0
396,2026-2027,25.000,0.000,159.731,43.566,5.000,0.000,5.000,0.000,78.6,81.0
397,2026-2027,25.000,0.000,160.000,125.339,5.000,0.000,5.000,0.000,56.1,57.8
398,2026-2027,25.000,0.000,98.000,99.520,5.000,0.000,5.000,0.000,49.6,52.1
399,2026-2027,25.000,0.000,259.225,140.746,5.000,0.000,5.000,0.000,64.8,66.1
400,2026-2027,25.034,0.000,69.958,62.052,15.000,0.000,15.000,0.000,53.0,64.4
401,2026-2027,0.000,0.000,47.821,6.503,0.001,0.000,0.001,0.000,88.0,88.0
402,2026-2027,43.740,0.000,260.673,43.740,5.000,0.000,5.000,0.000,85.6,87.3
403,2026-2027,15.000,0.000,51.350,8.644,8.644,0.000,8.644,0.000,85.6,100.0
404,2026-2027,18.750,0.000,56.000,41.712,41.712,0.000,41.712,0.000,57.3,100.0
405,2026-2027,25.000,0.000,97.418,24.918,17.418,0.000,17.418,0.000,79.6,93.9
406,2026-2027,20.000,0.000,68.750,25.881,25.881,0.000,25.881,0.000,72.7,100.0
407,2026-2027,274.000,0.000,1913.000,1072.500,40.000,60.000,100.000,0.000,64.1,67.4
408,2026-2027,36.461,1145.180,81.341,166.932,9.500,157.432,166.932,7.250,32.8,100.0
409,2026-2027,6.250,0.000,69.231,236.384,7.500,0.000,7.500,0.000,22.7,25.1
410,2026-2027,18.750,0.000,77.298,95.567,5.000,0.000,5.000,0.000,44.7,47.6
411,2026-2027,30.932,0.000,30.932,64.269,5.000,0.000,5.000,0.000,32.5,37.7
412,2026-2027,25.000,0.000,48.243,127.156,5.000,0.000,5.000,0.000,27.5,30.4
413,2026-2027,25.000,0.000,76.634,17.576,17.576,0.000,17.576,0.000,81.3,100.0
414,2026-2027,25.000,0.000,55.000,44.512,44.512,0.000,44.512,0.000,55.3,100.0
415,2026-2027,25.000,0.000,50.250,138.639,133.840,4.799,138.639,0.000,26.6,100.0
416,2026-2027,26.553,0.000,53.105,5.542,2.930,0.000,2.930,0.000,90.6,95.5
417,2026-2027,25.000,0.000,56.122,99.486,5.000,0.000,5.000,0.000,36.1,39.3
418,2026-2027,25.000,0.000,55.000,99.204,50.000,0.000,50.000,0.000,35.7,68.1
419,2026-2027,39.677,0.000,69.677,0.000,0.001,0.000,0.001,0.000,100.0,100.0
420,2026-2027,15.000,0.000,115.000,334.062,20.000,0.000,20.000,0.000,25.6,30.1
421,2026-2027,25.000,0.000,123.243,267.971,10.000,0.000,10.000,0.000,31.5,34.1
422,2026-2027,12.500,0.000,101.560,343.742,15.000,0.000,15.000,0.000,22.8,26.2
423,2026-2027,36.795,0.000,73.590,51.540,51.540,0.000,51.540,0.000,58.8,100.0
424,2026-2027,49.995,0.000,99.990,0.000,0.001,0.000,0.001,0.000,100.0,100.0
425,2026-2027,49.685,0.000,99.370,0.000,0.001,0.000,0.001,0.000,100.0,100.0
426,2026-2027,14.858,0.000,29.717,19.333,19.333,0.000,19.333,0.000,60.6,100.0
427,2026-2027,449.334,0.000,759.594,0.000,0.001,0.000,0.001,0.000,100.0,100.0
428,2026-2027,44.648,0.000,44.648,50.897,50.897,0.000,50.897,0.000,46.7,100.0
429,2026-2027,0.000,0.000,0.000,1499.994,0.000,100.000,100.000,0.000,0.0,6.7
430,2026-2027,150.000,0.000,150.000,1049.965,40.000,0.000,40.000,0.000,12.5,15.8
431,2026-2027,0.000,0.000,0.000,199.000,0.000,100.000,100.000,0.000,0.0,50.3
432,2026-2027,62.500,0.000,62.500,437.386,10.000,0.000,10.000,0.000,12.5,14.5
433,2026-2027,18.750,0.000,18.750,131.250,5.000,0.000,5.000,0.000,12.5,15.8
434,2026-2027,50.000,0.000,50.000,46.240,46.240,0.000,46.240,0.000,52.0,100.0
435,2026-2027,50.000,0.000,50.000,50.000,50.000,0.000,50.000,0.000,50.0,100.0
436,2026-2027,12.500,0.000,12.500,86.463,5.000,0.000,5.000,0.000,12.6,17.7
437,2026-2027,15.000,0.000,15.000,105.000,105.000,0.000,105.000,0.000,12.5,100.0
438,2026-2027,6.241,0.000,6.241,43.689,43.689,0.000,43.689,0.000,12.5,100.0
439,2026-2027,12.499,0.000,12.499,87.498,87.498,0.000,87.498,0.000,12.5,100.0
440,2026-2027,11.698,0.000,11.698,81.890,81.889,0.000,81.889,0.000,12.5,100.0
441,2026-2027,40.000,0.000,40.000,40.000,40.000,0.000,40.000,0.000,50.0,100.0
442,2026-2027,18.679,0.000,18.679,56.039,56.038,0.000,56.038,0.000,25.0,100.0
443,2026-2027,9.303,0.000,9.303,65.125,65.124,0.000,65.124,0.000,12.5,100.0
444,2026-2027,49.797,0.000,49.797,49.797,49.797,0.000,49.797,0.000,50.0,100.0
445,2026-2027,24.794,0.000,24.794,24.795,24.795,0.000,24.795,0.000,50.0,100.0
446,2026-2027,24.849,0.000,24.849,24.850,24.849,0.000,24.849,0.000,50.0,100.0
447,2026-2027,24.757,0.000,24.757,24.756,24.756,0.000,24.756,0.000,50.0,100.0
448,2026-2027,24.964,0.000,24.964,24.964,24.964,0.000,24.964,0.000,50.0,100.0
449,2026-2027,9.994,0.000,9.994,69.964,69.964,0.000,69.964,0.000,12.5,100.0
450,2026-2027,45.000,0.000,45.000,45.000,45.000,0.000,45.000,0.000,50.0,100.0
451,2026-2027,49.500,0.000,49.500,49.500,49.500,0.000,49.500,0.000,50.0,100.0
452,2026-2027,15.000,0.000,15.000,45.000,45.000,0.000,45.000,0.000,25.0,100.0
453,2026-2027,12.490,0.000,12.490,37.472,37.472,0.000,37.472,0.000,25.0,100.0
454,2026-2027,18.589,0.000,18.589,130.125,130.125,0.000,130.125,0.000,12.5,100.0
455,2026-2027,24.999,0.000,24.999,74.997,74.997,0.000,74.997,0.000,25.0,100.0
456,2026-2027,49.901,0.000,49.901,49.901,49.901,0.000,49.901,0.000,50.0,100.0
457,2026-2027,20.000,0.000,20.000,20.000,20.000,0.000,20.000,0.000,50.0,100.0
458,2026-2027,17.500,0.000,17.500,52.500,52.500,0.000,52.500,0.000,25.0,100.0
459,2026-2027,23.988,0.000,23.988,75.963,75.963,0.000,75.963,0.000,24.0,100.0
460,2026-2027,25.000,0.000,25.000,25.000,25.000,0.000,25.000,0.000,50.0,100.0
461,2026-2027,17.495,0.000,17.495,52.487,52.487,0.000,52.487,0.000,25.0,100.0
462,2026-2027,12.500,0.000,12.500,37.500,37.500,0.000,37.500,0.000,25.0,100.0
463,2026-2027,24.944,0.000,24.944,174.611,174.610,0.000,174.610,0.000,12.5,100.0
464,2026-2027,24.811,0.000,24.811,74.435,74.435,0.000,74.435,0.000,25.0,100.0
465,2026-2027,12.500,0.000,12.500,37.500,37.500,0.000,37.500,0.000,25.0,100.0
466,2026-2027,19.519,0.000,19.519,105.481,62.463,43.018,105.481,0.000,15.6,100.0
467,2026-2027,24.996,0.000,24.996,24.997,24.997,0.000,24.997,0.000,50.0,100.0
468,2026-2027,12.489,0.000,12.489,37.468,37.468,0.000,37.468,0.000,25.0,100.0
469,2026-2027,12.419,0.000,12.419,37.259,37.259,0.000,37.259,0.000,25.0,100.0
470,2026-2027,24.999,0.000,24.999,74.998,74.998,0.000,74.998,0.000,25.0,100.0
471,2026-2027,12.497,0.000,12.497,37.493,37.492,0.000,37.492,0.000,25.0,100.0
472,2026-2027,12.500,0.000,12.500,37.500,37.500,0.000,37.500,0.000,25.0,100.0
473,2026-2027,12.500,0.000,12.500,37.500,37.500,0.000,37.500,0.000,25.0,100.0
474,2026-2027,37.460,0.000,37.460,112.540,112.540,0.000,112.540,0.000,25.0,100.0
475,2026-2027,12.495,0.000,12.495,37.487,37.487,0.000,37.487,0.000,25.0,100.0
476,2026-2027,12.370,0.000,12.370,37.110,37.110,0.000,37.110,0.000,25.0,100.0
477,2026-2027,12.455,0.000,12.455,37.366,37.366,0.000,37.366,0.000,25.0,100.0
478,2026-2027,12.422,0.000,12.422,37.267,37.267,0.000,37.267,0.000,25.0,100.0
479,2026-2027,50.000,0.000,50.000,50.000,50.000,0.000,50.000,0.000,50.0,100.0
480,2026-2027,0.000,0.000,0.000,50.000,50.000,0.000,50.000,0.000,0.0,100.0
481,2026-2027,0.000,0.000,0.000,50.000,50.000,0.000,50.000,0.000,0.0,100.0
482,2026-2027,0.000,0.000,0.000,80.000,80.000,0.000,80.000,0.000,0.0,100.0
483,2026-2027,0.000,0.000,0.000,70.000,68.812,1.188,70.000,0.000,0.0,100.0
484,2026-2027,0.000,0.000,0.000,50.000,50.000,0.000,50.000,0.000,0.0,100.0
485,2026-2027,0.000,0.000,1909.814,2470.530,0.001,0.000,0.001,0.000,43.6,43.6
486,2026-2027,0.000,0.000,821.238,404.333,0.001,0.000,0.001,0.000,67.0,67.0
487,2026-2027,0.000,0.000,1535.445,470.919,0.001,0.000,0.001,0.000,76.5,76.5
488,2026-2027,0.000,0.000,1019.624,273.508,0.001,0.000,0.001,0.000,78.8,78.8
489,2026-2027,20.000,0.000,1422.166,746.872,2.015,0.000,2.015,0.000,65.6,65.7
490,2026-2027,6.250,0.000,201.790,88.902,29.538,0.000,29.538,0.000,69.4,79.6
491,2026-2027,10.000,0.000,487.061,109.963,5.000,0.000,5.000,0.000,81.6,82.4
492,2026-2027,0.000,0.000,136.692,469.368,0.001,0.000,0.001,0.000,22.6,22.6
493,2026-2027,4.887,0.000,252.504,11.520,0.001,0.000,0.001,0.000,95.6,95.6
494,2026-2027,0.000,0.000,39.603,3.313,0.001,0.000,0.001,0.000,92.3,92.3
495,2026-2027,8.247,0.000,37.203,11.014,8.246,0.000,8.246,0.000,77.2,94.3
496,2026-2027,22.500,0.000,137.598,56.592,5.000,0.000,5.000,0.000,70.9,73.4
497,2026-2027,0.000,0.000,150.220,10.516,0.001,0.000,0.001,0.000,93.5,93.5
498,2026-2027,124.000,5005.490,566.217,625.008,0.000,100.000,100.000,715.380,47.5,55.9
499,2026-2027,40.000,0.000,155.692,324.964,10.000,0.000,10.000,0.000,32.4,34.5
500,2026-2027,25.000,0.000,111.923,13.776,5.594,0.000,5.594,0.000,89.0,93.5
501,2026-2027,17.594,0.000,62.594,40.305,40.305,0.000,40.305,0.000,60.8,100.0
502,2026-2027,16.980,0.000,54.480,0.000,0.001,0.000,0.001,0.000,100.0,100.0
503,2026-2027,13.767,0.000,58.335,97.795,97.795,0.000,97.795,0.000,37.4,100.0
504,2026-2027,0.000,0.000,65.496,56.796,5.000,0.000,5.000,0.000,53.6,57.6
505,2026-2027,20.000,0.000,109.470,35.684,35.684,0.000,35.684,0.000,75.4,100.0
506,2026-2027,21.494,0.000,98.994,41.655,5.000,0.000,5.000,0.000,70.4,73.9
507,2026-2027,16.947,0.000,51.327,23.374,23.374,0.000,23.374,0.000,68.7,100.0
508,2026-2027,18.750,0.000,81.150,87.940,10.000,0.000,10.000,0.000,48.0,53.9
509,2026-2027,12.500,0.000,104.212,49.203,42.697,0.000,42.697,0.000,67.9,95.8
510,2026-2027,20.000,0.000,42.894,106.287,15.000,0.000,15.000,0.000,28.8,38.8
511,2026-2027,15.000,0.000,77.674,85.376,5.000,0.000,5.000,0.000,47.6,50.7
512,2026-2027,15.000,0.000,91.250,105.467,5.000,0.000,5.000,0.000,46.4,48.9
513,2026-2027,11.883,0.000,45.433,7.366,5.000,0.000,5.000,0.000,86.0,95.5
514,2026-2027,18.750,0.000,68.750,45.697,36.587,0.000,36.587,0.000,60.1,92.0
515,2026-2027,25.000,0.000,88.576,109.305,86.530,22.775,109.305,0.000,44.8,100.0
516,2026-2027,25.000,0.000,69.260,62.039,5.000,0.000,5.000,0.000,52.7,56.6
517,2026-2027,20.000,0.000,116.012,134.048,10.000,0.000,10.000,0.000,46.4,50.4
518,2026-2027,20.000,0.000,65.000,34.000,22.027,0.000,22.027,0.000,65.7,87.9
519,2026-2027,15.000,0.000,55.000,29.542,21.556,0.000,21.556,0.000,65.1,90.6
520,2026-2027,15.000,0.000,77.676,115.703,5.000,0.000,5.000,0.000,40.2,42.8
521,2026-2027,30.000,0.000,80.350,41.478,5.000,0.000,5.000,0.000,66.0,70.1
522,2026-2027,25.000,0.000,94.570,103.279,5.000,0.000,5.000,0.000,47.8,50.3
523,2026-2027,25.000,0.000,77.500,86.163,7.500,0.000,7.500,0.000,47.4,51.9
524,2026-2027,10.000,0.000,45.000,36.067,28.085,0.000,28.085,0.000,55.5,90.2
525,2026-2027,20.000,0.000,54.950,26.093,18.111,0.000,18.111,0.000,67.8,90.2
526,2026-2027,20.000,0.000,45.000,38.375,5.000,0.000,5.000,0.000,54.0,60.0
527,2026-2027,18.750,0.000,70.974,110.860,7.500,0.000,7.500,0.000,39.0,43.2
528,2026-2027,18.750,0.000,75.743,66.387,5.000,0.000,5.000,0.000,53.3,56.8
529,2026-2027,18.750,0.000,79.476,84.250,10.000,0.000,10.000,0.000,48.5,54.6
530,2026-2027,18.750,0.000,75.615,75.708,7.500,0.000,7.500,0.000,50.0,54.9
531,2026-2027,18.750,0.000,78.216,85.224,5.000,0.000,5.000,0.000,47.9,50.9
532,2026-2027,25.000,0.000,83.233,15.753,6.651,0.000,6.651,0.000,84.1,90.8
533,2026-2027,12.500,0.000,71.975,126.150,10.000,0.000,10.000,0.000,36.3,41.4
534,2026-2027,25.000,0.000,52.811,61.244,53.046,8.198,61.244,0.000,46.3,100.0
535,2026-2027,18.750,0.000,36.250,61.512,5.000,0.000,5.000,0.000,37.1,42.2
536,2026-2027,18.750,0.000,58.750,74.094,5.000,0.000,5.000,0.000,44.2,48.0
537,2026-2027,25.000,0.000,40.678,70.098,5.000,0.000,5.000,0.000,36.7,41.2
538,2026-2027,25.000,0.000,60.379,56.515,48.317,0.000,48.317,0.000,51.7,93.0
539,2026-2027,7.500,0.000,36.250,53.700,43.700,0.000,43.700,0.000,40.3,88.9
540,2026-2027,25.000,0.000,55.000,104.108,5.000,0.000,5.000,0.000,34.6,37.7
541,2026-2027,15.000,0.000,90.000,21.421,12.823,0.000,12.823,0.000,80.8,92.3
542,2026-2027,25.000,0.000,70.000,41.579,33.381,0.000,33.381,0.000,62.7,92.7
543,2026-2027,18.750,0.000,48.750,56.147,5.000,0.000,5.000,0.000,46.5,51.2
544,2026-2027,25.000,0.000,94.050,102.451,5.000,0.000,5.000,0.000,47.9,50.4
545,2026-2027,25.000,0.000,64.050,40.847,5.000,0.000,5.000,0.000,61.1,65.8
546,2026-2027,25.000,0.000,65.000,40.072,30.072,0.000,30.072,0.000,61.9,90.5
547,2026-2027,20.000,0.000,55.000,49.897,39.897,0.000,39.897,0.000,52.4,90.5
548,2026-2027,25.000,0.000,60.000,44.332,34.332,0.000,34.332,0.000,57.5,90.4
549,2026-2027,20.000,0.000,59.050,45.847,35.847,0.000,35.847,0.000,56.3,90.5
550,2026-2027,20.000,0.000,74.050,29.370,19.370,0.000,19.370,0.000,71.6,90.3
551,2026-2027,10.060,0.000,20.060,82.933,5.000,0.000,5.000,0.000,19.5,24.3
552,2026-2027,10.000,0.000,45.000,45.000,35.000,0.000,35.000,0.000,50.0,88.9
553,2026-2027,15.000,0.000,80.000,25.630,15.630,0.000,15.630,0.000,75.7,90.5
554,2026-2027,20.000,0.000,55.000,49.897,5.000,0.000,5.000,0.000,52.4,57.2
555,2026-2027,6.250,0.000,46.550,59.423,5.000,0.000,5.000,0.000,43.9,48.6
556,2026-2027,35.000,0.000,77.030,37.127,28.929,0.000,28.929,0.000,67.5,92.8
557,2026-2027,18.750,0.000,58.750,88.729,10.000,0.000,10.000,0.000,39.8,46.6
558,2026-2027,18.750,0.000,63.750,88.630,10.000,0.000,10.000,0.000,41.8,48.4
559,2026-2027,18.750,0.000,58.500,57.717,49.519,0.000,49.519,0.000,50.3,92.9
560,2026-2027,25.000,0.000,74.050,48.302,40.104,0.000,40.104,0.000,60.5,93.3
561,2026-2027,25.000,0.000,75.000,36.579,28.381,0.000,28.381,0.000,67.2,92.7
562,2026-2027,25.000,0.000,72.030,44.894,36.696,0.000,36.696,0.000,61.6,93.0
563,2026-2027,25.000,0.000,65.000,46.337,38.139,0.000,38.139,0.000,58.4,92.6
564,2026-2027,12.500,0.000,76.550,120.964,5.000,0.000,5.000,0.000,38.8,41.3
565,2026-2027,25.000,0.000,70.000,35.630,25.630,0.000,25.630,0.000,66.3,90.5
566,2026-2027,25.000,0.000,79.050,24.370,14.370,0.000,14.370,0.000,76.4,90.3
567,2026-2027,25.000,0.000,60.000,30.000,20.000,0.000,20.000,0.000,66.7,88.9
568,2026-2027,11.250,0.000,64.740,25.210,15.210,0.000,15.210,0.000,72.0,88.9
569,2026-2027,41.304,0.000,81.304,23.768,13.768,0.000,13.768,0.000,77.4,90.5
570,2026-2027,18.750,0.000,113.202,29.409,19.409,0.000,19.409,0.000,79.4,93.0
571,2026-2027,18.750,0.000,50.000,102.848,5.000,0.000,5.000,0.000,32.7,36.0
572,2026-2027,11.250,0.000,56.189,27.480,17.480,0.000,17.480,0.000,67.2,88.0
573,2026-2027,20.000,0.000,65.000,30.076,30.076,0.000,30.076,0.000,68.4,100.0
574,2026-2027,15.000,0.000,60.000,34.915,34.915,0.000,34.915,0.000,63.2,100.0
575,2026-2027,15.056,0.000,39.956,15.441,15.441,0.000,15.441,0.000,72.1,100.0
576,2026-2027,11.005,0.000,16.005,173.850,15.000,0.000,15.000,0.000,8.4,16.3
577,2026-2027,7.000,0.000,12.000,179.279,15.000,0.000,15.000,0.000,6.3,14.1
578,2026-2027,37.000,0.000,46.005,144.371,20.000,0.000,20.000,0.000,24.2,34.7
579,2026-2027,27.750,0.000,36.755,153.621,20.000,0.000,20.000,0.000,19.3,29.8
580,2026-2027,28.290,0.000,37.295,153.081,15.000,0.000,15.000,0.000,19.6,27.5
581,2026-2027,9.762,0.000,38.652,7.253,3.252,0.000,3.252,0.000,84.2,91.3
582,2026-2027,25.000,0.000,112.279,84.115,61.340,0.000,61.340,0.000,57.2,88.4
583,2026-2027,18.750,0.000,78.717,118.416,50.000,0.000,50.000,0.000,39.9,65.3
584,2026-2027,5.000,0.000,30.766,55.120,5.000,0.000,5.000,0.000,35.8,41.6
585,2026-2027,25.000,0.000,47.935,28.515,28.515,0.000,28.515,0.000,62.7,100.0
586,2026-2027,25.000,0.000,48.367,29.524,29.524,0.000,29.524,0.000,62.1,100.0
587,2026-2027,15.000,0.000,35.009,23.463,23.463,0.000,23.463,0.000,59.9,100.0
588,2026-2027,20.000,0.000,38.888,24.073,5.000,0.000,5.000,0.000,61.8,69.7
589,2026-2027,14.000,0.000,37.455,40.729,40.729,0.000,40.729,0.000,47.9,100.0
590,2026-2027,18.750,0.000,42.472,75.888,5.000,0.000,5.000,0.000,35.9,40.1
591,2026-2027,20.000,0.000,38.551,23.287,23.287,0.000,23.287,0.000,62.3,100.0
592,2026-2027,25.000,0.000,43.715,18.668,18.668,0.000,18.668,0.000,70.1,100.0
593,2026-2027,25.000,0.000,48.533,29.909,29.909,0.000,29.909,0.000,61.9,100.0
594,2026-2027,25.000,0.000,48.200,29.135,29.135,0.000,29.135,0.000,62.3,100.0
595,2026-2027,40.032,0.000,78.617,66.862,66.862,0.000,66.862,0.000,54.0,100.0
596,2026-2027,25.000,0.000,48.501,29.834,29.834,0.000,29.834,0.000,61.9,100.0
597,2026-2027,18.750,0.000,42.165,128.124,5.000,0.000,5.000,0.000,24.8,27.7
598,2026-2027,15.000,0.000,38.460,39.739,39.739,0.000,39.739,0.000,49.2,100.0
599,2026-2027,10.500,0.000,49.052,79.454,5.000,0.000,5.000,0.000,38.2,42.1
600,2026-2027,25.000,0.000,48.964,30.916,30.916,0.000,30.916,0.000,61.3,100.0
601,2026-2027,20.000,0.000,43.550,34.948,34.948,0.000,34.948,0.000,55.5,100.0
602,2026-2027,25.000,0.000,47.377,27.212,27.212,0.000,27.212,0.000,63.5,100.0
603,2026-2027,10.000,0.000,27.186,30.101,30.101,0.000,30.101,0.000,47.5,100.0
604,2026-2027,15.000,0.000,33.301,27.701,27.701,0.000,27.701,0.000,54.6,100.0
605,2026-2027,25.000,0.000,48.912,30.795,30.795,0.000,30.795,0.000,61.4,100.0
606,2026-2027,25.000,0.000,48.737,69.836,5.000,0.000,5.000,0.000,41.1,45.3
607,2026-2027,25.000,0.000,48.663,112.419,7.500,0.000,7.500,0.000,30.2,34.9
608,2026-2027,18.750,0.000,42.495,111.234,7.500,0.000,7.500,0.000,27.6,32.5
609,2026-2027,25.000,0.000,48.832,106.776,10.000,0.000,10.000,0.000,31.4,37.8
610,2026-2027,18.750,0.000,41.145,155.246,10.000,0.000,10.000,0.000,21.0,26.0
611,2026-2027,15.000,0.000,38.386,101.821,5.000,0.000,5.000,0.000,27.4,30.9
612,2026-2027,18.750,0.000,42.152,151.985,10.000,0.000,10.000,0.000,21.7,26.9
613,2026-2027,20.000,0.000,66.299,133.579,5.000,0.000,5.000,0.000,33.2,35.7
614,2026-2027,25.000,0.000,48.634,30.146,30.146,0.000,30.146,0.000,61.7,100.0
615,2026-2027,25.000,0.000,48.174,29.073,29.073,0.000,29.073,0.000,62.4,100.0
616,2026-2027,25.000,0.000,48.576,30.009,5.000,0.000,5.000,0.000,61.8,68.2
617,2026-2027,25.000,0.000,48.562,29.978,29.978,0.000,29.978,0.000,61.8,100.0
618,2026-2027,38.636,0.000,58.734,0.000,0.001,0.000,0.001,0.000,100.0,100.0
619,2026-2027,25.000,0.000,34.552,29.129,29.129,0.000,29.129,0.000,54.3,100.0
620,2026-2027,25.000,0.000,47.512,27.528,27.528,0.000,27.528,0.000,63.3,100.0
621,2026-2027,18.750,0.000,42.467,62.615,5.000,0.000,5.000,0.000,40.4,45.2
622,2026-2027,25.000,0.000,43.933,19.176,19.176,0.000,19.176,0.000,69.6,100.0
623,2026-2027,20.000,0.000,38.848,23.978,23.978,0.000,23.978,0.000,61.8,100.0
624,2026-2027,25.000,0.000,48.594,30.053,30.053,0.000,30.053,0.000,61.8,100.0
625,2026-2027,25.000,0.000,48.640,30.161,30.161,0.000,30.161,0.000,61.7,100.0
626,2026-2027,25.000,0.000,48.945,30.871,5.000,0.000,5.000,0.000,61.3,67.6
627,2026-2027,25.000,0.000,58.029,18.734,18.734,0.000,18.734,0.000,75.6,100.0
628,2026-2027,18.750,0.000,42.344,36.301,36.301,0.000,36.301,0.000,53.8,100.0
629,2026-2027,18.750,0.000,42.481,138.094,5.000,0.000,5.000,0.000,23.5,26.3
630,2026-2027,20.000,0.000,43.421,34.648,34.648,0.000,34.648,0.000,55.6,100.0
631,2026-2027,15.000,0.000,53.438,74.690,5.000,0.000,5.000,0.000,41.7,45.6
632,2026-2027,25.000,0.000,48.654,30.194,5.000,0.000,5.000,0.000,61.7,68.0
633,2026-2027,13.000,0.000,35.722,40.186,40.186,0.000,40.186,0.000,47.1,100.0
634,2026-2027,25.000,0.000,48.282,70.045,5.000,0.000,5.000,0.000,40.8,45.0
635,2026-2027,18.750,0.000,37.427,122.607,5.000,0.000,5.000,0.000,23.4,26.5
636,2026-2027,18.750,0.000,28.032,33.850,33.850,0.000,33.850,0.000,45.3,100.0
637,2026-2027,25.000,0.000,48.940,30.860,30.860,0.000,30.860,0.000,61.3,100.0
638,2026-2027,25.000,0.000,43.000,73.972,10.000,0.000,10.000,0.000,36.8,45.3
639,2026-2027,15.000,0.000,33.474,88.991,7.500,0.000,7.500,0.000,27.3,33.5
640,2026-2027,15.000,0.000,38.698,123.319,7.500,0.000,7.500,0.000,23.9,28.5
641,2026-2027,20.000,0.000,43.694,34.756,34.756,0.000,34.756,0.000,55.7,100.0
642,2026-2027,15.000,0.000,38.535,127.964,10.000,0.000,10.000,0.000,23.1,29.2
643,2026-2027,15.000,0.000,37.999,99.441,5.000,0.000,5.000,0.000,27.6,31.3
644,2026-2027,15.000,0.000,38.460,79.820,10.000,0.000,10.000,0.000,32.5,41.0
645,2026-2027,20.000,0.000,49.802,67.330,5.000,0.000,5.000,0.000,42.5,46.8
646,2026-2027,17.250,0.000,56.679,18.522,12.113,0.000,12.113,0.000,75.4,91.5
647,2026-2027,15.000,0.000,46.394,109.136,5.000,0.000,5.000,0.000,29.8,33.0
648,2026-2027,25.000,0.000,48.916,112.835,5.000,0.000,5.000,0.000,30.2,33.3
649,2026-2027,10.000,0.000,43.727,40.590,40.590,0.000,40.590,0.000,51.9,100.0
650,2026-2027,20.000,0.000,37.928,41.750,41.750,0.000,41.750,0.000,47.6,100.0
651,2026-2027,15.000,0.000,57.498,116.885,15.000,0.000,15.000,0.000,33.0,41.6
652,2026-2027,15.000,0.000,50.796,123.426,5.000,0.000,5.000,0.000,29.2,32.0
653,2026-2027,15.000,0.000,38.905,40.777,40.777,0.000,40.777,0.000,48.8,100.0
654,2026-2027,15.000,0.000,43.745,52.070,5.000,0.000,5.000,0.000,45.7,50.9
655,2026-2027,73.559,18865.350,112.704,7449.796,3328.570,50.000,3378.570,15000.000,1.5,46.2
656,2026-2027,25.000,0.000,186.005,419.021,10.000,0.000,10.000,0.000,30.7,32.4
657,2026-2027,25.000,0.000,104.806,244.228,10.000,0.000,10.000,0.000,30.0,32.9
658,2026-2027,10.000,0.000,67.537,190.152,10.000,0.000,10.000,0.000,26.2,30.1
659,2026-2027,0.000,0.000,145.000,155.000,0.000,15.000,15.000,0.000,48.3,53.3
660,2026-2027,15.000,0.000,35.000,75.581,5.000,0.000,5.000,0.000,31.7,36.2
661,2026-2027,15.000,0.000,35.000,80.418,5.000,0.000,5.000,0.000,30.3,34.7
662,2026-2027,15.000,0.000,45.000,33.565,33.565,0.000,33.565,0.000,57.3,100.0
663,2026-2027,15.000,0.000,35.000,42.253,42.253,0.000,42.253,0.000,45.3,100.0
664,2026-2027,15.000,0.000,35.000,106.740,7.500,0.000,7.500,0.000,24.7,30.0
665,2026-2027,15.000,0.000,35.000,121.856,7.500,0.000,7.500,0.000,22.3,27.1
666,2026-2027,148.275,0.000,540.811,0.000,0.001,0.000,0.001,0.000,100.0,100.0
667,2026-2027,0.000,0.000,110.318,0.027,0.001,0.000,0.001,0.000,100.0,100.0
668,2026-2027,0.000,0.000,2247.230,3192.770,0.001,0.000,0.001,0.000,41.3,41.3
669,2026-2027,10.930,0.000,97.896,70.867,56.783,14.084,70.867,0.000,58.0,100.0
670,2026-2027,81.565,0.000,253.771,0.000,0.001,0.000,0.001,0.000,100.0,100.0
671,2026-2027,0.000,0.000,149.780,0.220,0.000,0.220,0.220,0.000,99.9,100.0
672,2026-2027,0.000,0.000,193.724,5.921,0.001,0.000,0.001,0.000,97.0,97.0
673,2026-2027,44.325,0.000,140.569,0.000,0.001,0.000,0.001,0.000,100.0,100.0
674,2026-2027,7.008,0.000,118.022,81.060,68.797,12.263,81.060,0.000,59.3,100.0
675,2026-2027,14.569,0.000,72.569,1.781,0.001,0.000,0.001,0.000,97.6,97.6
676,2026-2027,0.000,0.000,29.317,0.048,0.047,0.000,0.047,0.000,99.8,100.0
677,2026-2027,51.340,0.000,135.164,22.172,0.000,22.172,22.172,0.000,85.9,100.0
678,2026-2027,56.008,0.000,108.051,56.169,0.124,0.162,0.286,0.000,65.8,66.0
679,2026-2027,4.854,0.000,46.435,59.744,40.340,19.404,59.744,0.000,43.7,100.0
680,2026-2027,0.000,0.000,141.000,6.552,0.253,0.000,0.253,0.000,95.6,95.7
681,2026-2027,5.000,0.000,61.941,112.184,48.154,0.000,48.154,0.000,35.6,63.2
682,2026-2027,50.000,0.000,112.398,158.310,0.001,0.000,0.001,0.000,41.5,41.5
683,2026-2027,0.000,0.000,22.065,103.947,10.000,0.000,10.000,0.000,17.5,25.4
684,2026-2027,0.000,0.000,30.913,24.327,19.691,4.636,24.327,0.000,56.0,100.0
685,2026-2027,20.186,0.000,26.514,21.632,20.808,0.824,21.632,0.000,55.1,100.0
686,2026-2027,16.956,0.000,16.956,20.603,20.603,0.000,20.603,0.000,45.1,100.0
687,2026-2027,2.062,0.000,32.997,20.735,20.735,0.000,20.735,0.000,61.4,100.0
688,2026-2027,52.384,0.000,52.384,14.892,1.000,13.892,14.892,0.000,77.9,100.0
689,2026-2027,20.000,0.000,20.000,160.525,20.000,0.000,20.000,0.000,11.1,22.2
690,2026-2027,46.077,0.000,49.827,22.358,7.248,15.109,22.357,0.000,69.0,100.0
691,2026-2027,25.000,0.000,25.000,44.022,29.516,14.506,44.022,0.000,36.2,100.0
692,2026-2027,22.918,0.000,25.418,18.509,13.864,4.582,18.446,0.000,57.9,99.9
693,2026-2027,25.000,0.000,25.000,126.935,19.780,0.000,19.780,0.000,16.5,29.5
694,2026-2027,20.000,0.000,20.000,82.227,20.000,0.000,20.000,0.000,19.6,39.1
695,2026-2027,12.500,0.000,12.500,83.424,19.000,0.000,19.000,0.000,13.0,32.8
696,2026-2027,19.408,0.000,19.408,25.031,20.689,4.342,25.031,0.000,43.7,100.0
697,2026-2027,25.000,0.000,25.000,67.265,67.265,0.000,67.265,0.000,27.1,100.0
698,2026-2027,25.000,0.000,25.000,43.685,43.685,0.000,43.685,0.000,36.4,100.0
699,2026-2027,20.000,0.000,20.000,31.326,31.326,0.000,31.326,0.000,39.0,100.0
700,2026-2027,47.500,0.000,50.000,19.709,4.459,15.250,19.709,0.000,71.7,100.0
701,2026-2027,25.000,0.000,25.000,101.046,30.000,0.000,30.000,0.000,19.8,43.6
702,2026-2027,63.631,0.000,63.631,0.000,0.001,0.000,0.001,0.000,100.0,100.0
703,2026-2027,10.000,0.000,10.000,183.433,31.074,0.000,31.074,0.000,5.2,21.2
704,2026-2027,11.816,0.000,11.816,94.663,18.910,0.000,18.910,0.000,11.1,28.9
705,2026-2027,7.500,0.000,7.500,35.718,35.718,0.000,35.718,0.000,17.4,100.0
706,2026-2027,8.750,0.000,8.750,44.812,20.000,0.000,20.000,0.000,16.3,53.7
707,2026-2027,53.392,0.000,53.392,14.338,0.000,14.338,14.338,0.000,78.8,100.0
708,2026-2027,54.432,0.000,54.432,14.338,0.000,14.338,14.338,0.000,79.2,100.0
709,2026-2027,0.000,0.000,1481.500,1155.408,0.001,0.000,0.001,0.000,56.2,56.2
710,2026-2027,0.000,0.000,152.839,0.625,0.001,0.000,0.001,0.000,99.6,99.6
711,2026-2027,0.000,0.000,122.903,121.473,0.000,0.001,0.001,0.000,50.3,50.3
712,2026-2027,0.000,0.000,184.739,9.323,0.000,0.001,0.001,0.000,95.2,95.2
713,2026-2027,134.934,0.000,442.040,1822.880,51.800,0.000,51.800,0.000,19.5,21.8
714,2026-2027,104.000,0.000,241.926,2007.935,100.000,10.000,110.000,0.000,10.8,15.6
715,2026-2027,270.850,0.000,1014.263,2910.899,100.000,0.000,100.000,0.000,25.8,28.4
716,2026-2027,0.000,0.000,745.516,554.484,40.000,0.000,40.000,0.000,57.3,60.4
717,2026-2027,600.000,0.000,1883.766,342.155,207.206,134.949,342.155,0.000,84.6,100.0
718,2026-2027,0.000,0.000,0.000,1843.589,0.001,0.000,0.001,0.000,0.0,0.0
719,2026-2027,62.647,0.000,792.607,2718.786,250.000,100.000,350.000,0.000,22.6,32.5
720,2026-2027,0.000,0.000,0.000,943.932,70.000,0.000,70.000,0.000,0.0,7.4
721,2026-2027,9.403,0.000,1007.887,722.982,150.000,50.000,200.000,0.000,58.2,69.8
722,2026-2027,25.000,0.000,81.930,2783.097,197.981,10.000,207.981,0.000,2.9,10.1
723,2026-2027,0.000,0.000,1112.335,66.537,50.000,0.000,50.000,0.000,94.4,98.6
724,2026-2027,0.000,0.000,751.705,640.808,88.366,30.000,118.366,0.000,54.0,62.5
725,2026-2027,0.000,0.000,143.750,748.137,70.000,0.000,70.000,0.000,16.1,24.0
726,2026-2027,0.000,0.000,0.000,502.110,30.000,0.000,30.000,0.000,0.0,6.0
727,2026-2027,0.000,0.000,97.160,94.740,0.000,0.001,0.001,0.000,50.6,50.6
728,2026-2027,0.000,0.000,108.182,425.286,30.000,0.000,30.000,0.000,20.3,25.9
729,2026-2027,0.000,0.000,782.649,409.330,40.000,0.000,40.000,0.000,65.7,69.0
730,2026-2027,412.500,0.000,648.036,1223.448,205.000,10.000,215.000,0.000,34.6,46.1
731,2026-2027,832.647,0.000,2166.106,975.477,200.000,70.000,270.000,0.000,68.9,77.5
732,2026-2027,0.000,0.000,309.461,167.068,50.000,0.000,50.000,0.000,64.9,75.4
733,2026-2027,0.000,0.000,38.103,399.394,70.000,0.000,70.000,0.000,8.7,24.7
734,2026-2027,150.000,0.000,184.902,843.344,70.000,0.000,70.000,0.000,18.0,24.8
735,2026-2027,109.000,0.000,317.667,421.904,300.915,120.989,421.904,0.000,43.0,100.0
736,2026-2027,120.000,0.000,268.869,536.687,100.448,0.000,100.448,0.000,33.4,45.8
737,2026-2027,15.000,0.000,15.000,104.540,30.030,0.000,30.030,0.000,12.5,37.7
738,2026-2027,75.000,0.000,75.000,325.000,0.000,200.000,200.000,0.000,18.8,68.8
739,2026-2027,100.000,0.000,100.000,84.745,38.261,46.484,84.745,0.000,54.1,100.0
740,2026-2027,0.000,0.000,49.940,350.060,60.000,10.000,70.000,0.000,12.5,30.0
741,2026-2027,74.190,0.000,155.153,45.527,45.527,0.000,45.527,0.000,77.3,100.0
742,2026-2027,90.412,0.000,90.412,51.092,27.383,23.709,51.092,0.000,63.9,100.0
743,2026-2027,30.636,0.000,30.636,43.136,43.136,0.000,43.136,0.000,41.5,100.0
744,2026-2027,151.879,0.000,176.879,538.591,142.000,0.000,142.000,0.000,24.7,44.6
745,2026-2027,62.500,0.000,62.500,1228.655,70.000,0.000,70.000,0.000,4.8,10.3
746,2026-2027,55.810,0.000,55.810,55.810,0.000,55.810,55.810,0.000,50.0,100.0
747,2026-2027,0.000,0.000,0.000,5678.826,100.000,10.000,110.000,0.000,0.0,1.9
748,2026-2027,0.000,0.000,0.000,157.599,40.000,0.000,40.000,0.000,0.0,25.4
749,2026-2027,0.000,0.000,0.000,224.973,50.000,0.000,50.000,0.000,0.0,22.2
750,2026-2027,0.000,0.000,107.235,22.764,0.000,10.000,10.000,0.000,82.5,90.2
751,2026-2027,56.440,0.000,193.550,56.450,0.000,56.450,56.450,0.000,77.4,100.0
752,2026-2027,1.499,0.000,134.069,115.847,0.000,45.000,45.000,0.000,53.6,71.7
753,2026-2027,1.878,0.000,130.216,115.284,0.000,65.000,65.000,0.000,53.0,79.5
754,2026-2027,417.074,0.000,467.074,532.926,50.000,0.000,50.000,0.000,46.7,51.7
755,2026-2027,237.500,0.000,262.500,237.500,0.001,0.000,0.001,0.000,52.5,52.5
756,2026-2027,4189.811,0.000,6965.801,1782.683,0.000,1782.683,1782.683,0.000,79.6,100.0
757,2026-2027,4791.135,0.000,7565.600,1892.091,0.000,1892.091,1892.091,0.000,80.0,100.0
758,2026-2027,0.000,0.000,0.000,200.000,0.000,20.000,20.000,0.000,0.0,10.0
759,2026-2027,25.000,0.000,25.000,75.000,75.000,0.000,75.000,0.000,25.0,100.0
760,2026-2027,0.000,0.000,0.000,80.000,0.000,80.000,80.000,0.000,0.0,100.0
761,2026-2027,0.000,0.000,0.000,150.000,0.000,150.000,150.000,0.000,0.0,100.0
762,2026-2027,0.000,0.000,0.000,100.000,0.000,100.000,100.000,0.000,0.0,100.0
763,2026-2027,0.000,0.000,0.000,50.000,43.157,6.843,50.000,0.000,0.0,100.0
764,2026-2027,0.000,0.000,0.000,1540.072,0.000,750.000,750.000,0.000,0.0,48.7
765,2026-2027,0.000,0.000,0.000,200.000,0.000,30.000,30.000,0.000,0.0,15.0
766,2026-2027,0.000,0.000,0.000,300.000,0.000,23.550,23.550,0.000,0.0,7.9
767,2026-2027,25.000,0.000,141.229,284.646,101.000,0.000,101.000,0.000,33.2,56.9
768,2026-2027,77.866,0.000,208.582,532.582,204.801,0.357,205.158,0.000,28.1,55.8
769,2026-2027,20.000,0.000,20.000,132.563,129.098,3.465,132.563,0.000,13.1,100.0
770,2026-2027,0.000,0.000,19.050,13.950,0.000,3.000,3.000,0.000,57.7,66.8
771,2026-2027,0.000,0.000,71.489,68.511,0.000,0.001,0.001,0.000,51.1,51.1
772,2026-2027,0.000,0.000,48.750,66.250,0.000,0.001,0.001,0.000,42.4,42.4
773,2026-2027,92.520,0.000,92.520,15.366,15.366,0.000,15.366,0.000,85.8,100.0
774,2026-2027,2.750,0.000,35.975,8.939,8.939,0.000,8.939,0.000,80.1,100.0
775,2026-2027,41.823,0.000,54.619,0.002,0.002,0.000,0.002,0.000,100.0,100.0
776,2026-2027,75.000,0.000,75.000,74.970,0.000,74.970,74.970,0.000,50.0,100.0
777,2026-2027,7.857,0.000,99.482,95.791,23.903,0.000,23.903,0.000,50.9,63.2
778,2026-2027,11.995,0.000,33.072,12.181,10.225,1.956,12.181,0.000,73.1,100.0
779,2026-2027,18.000,0.000,39.054,6.698,1.670,5.028,6.698,0.000,85.4,100.0
780,2026-2027,15.107,0.000,21.207,15.122,10.452,4.670,15.122,0.000,58.4,100.0
781,2026-2027,39.628,0.000,89.164,158.509,0.000,5.096,5.096,0.000,36.0,38.1
782,2026-2027,68.900,0.000,125.183,0.261,0.001,0.000,0.001,0.000,99.8,99.8
783,2026-2027,25.228,0.000,73.684,25.227,0.001,0.000,0.001,0.000,74.5,74.5
784,2026-2027,0.000,0.000,78.791,0.962,0.001,0.000,0.001,0.000,98.8,98.8
785,2026-2027,10.302,0.000,30.000,0.000,0.001,0.000,0.001,0.000,100.0,100.0
786,2026-2027,0.000,0.000,0.000,100.000,0.001,0.000,0.001,0.000,0.0,0.0
787,2026-2027,0.000,0.000,0.000,50.000,0.000,0.001,0.001,0.000,0.0,0.0
788,2026-2027,37.381,0.000,43.430,156.504,0.000,116.494,116.494,0.000,21.7,80.0
789,2026-2027,0.000,0.000,0.000,0.000,0.000,0.000,0.000,1738.600,0.0,0.0
790,2026-2027,375.000,2957.850,2211.060,4794.560,1500.000,0.000,1500.000,5865.130,31.6,53.0
791,2026-2027,45.000,0.000,343.412,291.431,100.000,0.000,100.000,0.000,54.1,69.8
792,2026-2027,34.000,0.000,149.451,268.357,0.900,0.000,0.900,0.000,35.8,36.0
793,2026-2027,0.000,0.000,175.273,10.185,0.100,0.000,0.100,0.000,94.5,94.6
794,2026-2027,1121.367,0.000,1807.635,1711.489,75.000,325.000,400.000,0.000,51.4,62.7
795,2026-2027,72.350,0.000,72.350,312.650,0.000,111.890,111.890,0.000,18.8,47.9
796,2026-2027,98.517,0.000,98.517,89.443,0.000,89.443,89.443,0.000,52.4,100.0
797,2026-2027,0.000,0.000,0.000,181.467,50.898,10.439,61.337,0.000,0.0,33.8
798,2026-2027,25.000,0.000,25.000,25.000,0.000,25.000,25.000,0.000,50.0,100.0
799,2026-2027,0.000,0.000,0.000,677.180,0.000,50.000,50.000,1600.000,0.0,7.4
800,2026-2027,0.000,0.000,0.000,100.000,25.000,25.000,50.000,0.000,0.0,50.0
801,2026-2027,358.236,0.000,542.182,31.417,31.417,0.000,31.417,0.000,94.5,100.0
802,2026-2027,1250.000,11027.650,1890.746,6508.339,0.000,1700.000,1700.000,19680.000,22.5,42.8
803,2026-2027,37.500,518.680,42.225,124.233,0.000,124.233,124.233,1776.530,25.4,100.0
804,2026-2027,0.000,0.000,710.924,430.276,1.000,0.000,1.000,0.000,62.3,62.4
805,2026-2027,0.000,0.000,1155.344,894.486,15.992,0.000,15.992,0.000,56.4,57.1
806,2026-2027,145.594,0.000,1182.473,103.573,103.573,0.000,103.573,0.000,91.9,100.0
807,2026-2027,0.000,0.000,965.710,610.282,1.000,0.000,1.000,0.000,61.3,61.3
808,2026-2027,325.000,0.000,3311.082,1455.696,125.000,75.000,200.000,0.000,69.5,73.7
809,2026-2027,4.787,0.000,970.610,423.857,1.000,0.000,1.000,0.000,69.6,69.7
810,2026-2027,0.000,0.000,0.000,999.206,0.000,999.206,999.206,0.000,0.0,100.0
811,2026-2027,0.000,0.000,0.000,315.490,0.000,315.490,315.490,0.000,0.0,100.0
812,2026-2027,0.000,0.000,0.000,187.211,0.000,187.211,187.211,0.000,0.0,100.0
813,2026-2027,48.347,0.000,136.297,35.227,35.227,0.000,35.227,0.000,79.5,100.0
814,2026-2027,0.000,0.000,45.116,22.617,0.001,0.000,0.001,0.000,66.6,66.6
815,2026-2027,0.000,0.000,364.249,46.287,1.000,0.000,1.000,0.000,88.7,89.0
816,2026-2027,0.000,0.000,2083.997,1250.164,0.001,0.000,0.001,0.000,62.5,62.5
817,2026-2027,1845.772,0.000,2862.916,1782.354,705.298,0.000,705.298,0.000,61.6,76.8
818,2026-2027,0.000,0.000,255.615,194.964,1.000,0.000,1.000,0.000,56.7,57.0
819,2026-2027,0.000,0.000,224.098,141.207,1.000,0.000,1.000,0.000,61.3,61.6
820,2026-2027,37.500,0.000,643.273,1093.086,1.000,0.000,1.000,0.000,37.0,37.1
821,2026-2027,0.000,0.000,169.965,25.213,0.213,0.000,0.213,0.000,87.1,87.2
822,2026-2027,218.639,0.000,3749.487,17.909,0.000,17.909,17.909,0.000,99.5,100.0
823,2026-2027,305.157,0.000,2257.425,692.888,175.083,517.805,692.888,0.000,76.5,100.0
824,2026-2027,0.000,0.000,539.747,1214.754,250.000,0.000,250.000,0.000,30.8,45.0
825,2026-2027,0.000,0.000,475.147,275.948,1.000,0.000,1.000,0.000,63.3,63.4
826,2026-2027,0.000,0.000,217.694,7.856,1.000,0.000,1.000,0.000,96.5,97.0
827,2026-2027,0.000,0.000,16.431,1.566,0.001,0.000,0.001,0.000,91.3,91.3
828,2026-2027,0.000,0.000,124.479,69.331,37.953,31.378,69.331,0.000,64.2,100.0
829,2026-2027,0.000,0.000,280.219,11.918,0.001,0.000,0.001,0.000,95.9,95.9
830,2026-2027,0.000,0.000,1193.215,448.606,1.000,0.000,1.000,0.000,72.7,72.7
831,2026-2027,358.205,0.000,1769.260,76.616,0.000,76.616,76.616,0.000,95.8,100.0
832,2026-2027,0.000,0.000,89.505,4.737,0.073,0.000,0.073,0.000,95.0,95.1
833,2026-2027,306.821,0.000,467.840,90.000,90.000,0.000,90.000,0.000,83.9,100.0
834,2026-2027,0.000,0.000,88.128,6.114,0.802,0.000,0.802,0.000,93.5,94.4
835,2026-2027,0.000,0.000,51.981,37.910,5.805,32.105,37.910,0.000,57.8,100.0
836,2026-2027,0.000,0.000,49.625,109.647,0.001,0.000,0.001,0.000,31.2,31.2
837,2026-2027,49.312,0.000,94.241,0.001,0.001,0.000,0.001,0.000,100.0,100.0
838,2026-2027,8.762,0.000,20.996,0.990,0.990,0.000,0.990,0.000,95.5,100.0
839,2026-2027,2.859,0.000,36.881,81.645,37.791,43.854,81.645,0.000,31.1,100.0
840,2026-2027,27.669,0.000,88.645,3.659,0.000,3.659,3.659,0.000,96.0,100.0
841,2026-2027,10.546,0.000,35.341,85.385,41.531,43.854,85.385,0.000,29.3,100.0
842,2026-2027,0.000,0.000,53.930,11.000,0.000,1.000,1.000,0.000,83.1,84.6
843,2026-2027,0.000,0.000,52.773,12.157,0.000,1.000,1.000,0.000,81.3,82.8
844,2026-2027,0.000,0.000,53.930,11.000,0.000,1.000,1.000,0.000,83.1,84.6
845,2026-2027,0.000,0.000,51.578,59.939,42.279,17.660,59.939,0.000,46.3,100.0
846,2026-2027,0.000,0.000,33.455,28.492,0.001,0.000,0.001,0.000,54.0,54.0
847,2026-2027,0.000,0.000,34.380,27.567,0.001,0.000,0.001,0.000,55.5,55.5
848,2026-2027,0.000,0.000,41.977,19.970,0.001,0.000,0.001,0.000,67.8,67.8
849,2026-2027,0.824,0.000,10.678,2.817,0.001,0.000,0.001,0.000,79.1,79.1
850,2026-2027,0.000,0.000,3372.682,1491.224,1.000,0.000,1.000,0.000,69.3,69.4
851,2026-2027,6.272,0.000,70.128,3.325,0.000,3.325,3.325,0.000,95.5,100.0
852,2026-2027,37.500,0.000,37.500,116.771,93.000,23.771,116.771,0.000,24.3,100.0
853,2026-2027,73.376,0.000,772.286,10.545,9.765,0.780,10.545,0.000,98.7,100.0
854,2026-2027,5.000,0.000,5.000,83.715,63.524,20.191,83.715,0.000,5.6,100.0
855,2026-2027,0.000,0.000,54.142,41.098,1.000,0.000,1.000,0.000,56.8,57.9
856,2026-2027,43.750,0.000,43.750,1655.982,250.000,0.000,250.000,0.000,2.6,17.3
857,2026-2027,0.000,0.000,145.036,50.422,1.000,0.000,1.000,0.000,74.2,74.7
858,2026-2027,0.570,0.000,43.419,40.474,23.119,17.355,40.474,0.000,51.8,100.0
859,2026-2027,0.000,0.000,90.802,35.234,0.000,1.000,1.000,0.000,72.0,72.8
860,2026-2027,0.000,0.000,113.625,302.879,1.000,0.000,1.000,0.000,27.3,27.5
861,2026-2027,28.052,0.000,28.052,171.882,25.000,0.000,25.000,0.000,14.0,26.5
862,2026-2027,0.000,0.000,82.301,10.685,0.045,0.000,0.045,0.000,88.5,88.6
863,2026-2027,0.000,0.000,77.074,33.726,0.014,0.000,0.014,0.000,69.6,69.6
864,2026-2027,0.000,0.000,59.272,16.687,0.698,0.000,0.698,0.000,78.0,79.0
865,2026-2027,0.000,0.000,82.440,32.972,0.103,0.000,0.103,0.000,71.4,71.5
866,2026-2027,5.000,0.000,54.983,753.854,0.000,0.001,0.001,0.000,6.8,6.8
867,2026-2027,64.174,0.000,370.751,55.686,0.000,55.686,55.686,0.000,86.9,100.0
868,2026-2027,0.000,0.000,57.990,6.631,0.000,1.000,1.000,0.000,89.7,91.3
869,2026-2027,0.000,0.000,59.005,12.130,0.001,0.000,0.001,0.000,82.9,82.9
870,2026-2027,0.000,0.000,45.866,5.087,0.001,0.000,0.001,0.000,90.0,90.0
871,2026-2027,0.000,0.000,79.511,14.497,0.001,0.000,0.001,0.000,84.6,84.6
872,2026-2027,0.000,0.000,12.271,27.177,1.000,0.000,1.000,0.000,31.1,33.6
873,2026-2027,0.000,0.000,63.166,0.001,0.001,0.000,0.001,0.000,100.0,100.0
874,2026-2027,101.250,0.000,101.250,491.698,100.000,0.000,100.000,0.000,17.1,33.9
875,2026-2027,20.302,0.000,20.302,158.552,131.585,26.967,158.552,0.000,11.4,100.0
876,2026-2027,10.000,0.000,10.000,67.981,58.130,9.851,67.981,0.000,12.8,100.0
877,2026-2027,5.000,0.000,5.000,35.053,32.762,2.291,35.053,0.000,12.5,100.0
878,2026-2027,0.000,0.000,353.165,137.495,1.000,0.000,1.000,0.000,72.0,72.2
879,2026-2027,135.000,0.000,135.000,159.510,75.074,84.436,159.510,0.000,45.8,100.0
880,2026-2027,33.750,0.000,33.750,256.816,100.000,0.000,100.000,0.000,11.6,46.0
881,2026-2027,76.516,0.000,76.516,101.719,66.558,35.161,101.719,0.000,42.9,100.0
882,2026-2027,101.947,0.000,101.947,75.614,40.109,35.505,75.614,0.000,57.4,100.0
883,2026-2027,82.926,0.000,94.193,70.269,1.000,0.000,1.000,0.000,57.3,57.9
884,2026-2027,13.248,0.000,13.709,61.868,35.066,26.802,61.868,0.000,18.1,100.0
885,2026-2027,12.895,0.000,39.718,0.001,0.001,0.000,0.001,0.000,100.0,100.0
886,2026-2027,28.697,0.000,62.499,37.382,0.000,1.000,1.000,0.000,62.6,63.6
887,2026-2027,25.416,0.000,25.697,123.451,1.000,0.000,1.000,0.000,17.2,17.9
888,2026-2027,0.000,0.000,93.851,120.289,72.330,47.959,120.289,0.000,43.8,100.0
889,2026-2027,0.000,0.000,0.234,149.027,1.000,0.000,1.000,0.000,0.2,0.8
890,2026-2027,0.000,0.000,0.000,459.499,1.000,0.000,1.000,0.000,0.0,0.2
891,2026-2027,15.311,0.000,63.019,288.820,87.071,201.749,288.820,0.000,17.9,100.0
892,2026-2027,64.858,0.000,89.624,9.440,0.000,9.440,9.440,0.000,90.5,100.0
893,2026-2027,0.027,0.000,6.431,5.099,4.527,0.572,5.099,0.000,55.8,100.0
894,2026-2027,175.839,0.000,175.839,241.528,172.402,69.126,241.528,0.000,42.1,100.0
895,2026-2027,0.000,0.000,42.078,7.603,0.025,0.000,0.025,0.000,84.7,84.7
896,2026-2027,0.000,0.000,59.002,17.298,0.847,0.000,0.847,0.000,77.3,78.4
897,2026-2027,0.000,0.000,80.896,48.396,1.000,0.000,1.000,0.000,62.6,63.3
898,2026-2027,0.000,0.000,0.000,49.633,49.633,0.000,49.633,0.000,0.0,100.0
899,2026-2027,59.537,0.000,59.537,154.828,110.817,44.011,154.828,0.000,27.8,100.0
900,2026-2027,46.362,0.000,46.362,139.989,75.301,64.688,139.989,0.000,24.9,100.0
901,2026-2027,18.750,0.000,18.750,51.981,28.291,23.690,51.981,0.000,26.5,100.0
902,2026-2027,8.125,0.000,8.125,51.629,31.433,20.196,51.629,0.000,13.6,100.0
903,2026-2027,85.796,0.000,85.796,24.310,0.000,1.000,1.000,0.000,77.9,78.8
904,2026-2027,43.750,0.000,43.750,1647.269,250.000,0.000,250.000,0.000,2.6,17.4
905,2026-2027,24.625,0.000,24.625,167.454,131.454,36.000,167.454,0.000,12.8,100.0
906,2026-2027,71.398,0.000,89.834,63.403,63.403,0.000,63.403,0.000,58.6,100.0
907,2026-2027,25.000,0.000,25.000,163.693,118.795,44.898,163.693,0.000,13.2,100.0
908,2026-2027,25.000,0.000,25.000,174.873,129.975,44.898,174.873,0.000,12.5,100.0
909,2026-2027,510.000,0.000,695.500,520.204,397.640,122.564,520.204,0.000,57.2,100.0
910,2026-2027,48.000,0.000,48.000,48.731,36.251,12.480,48.731,0.000,49.6,100.0
911,2026-2027,50.000,0.000,50.000,50.364,37.884,12.480,50.364,0.000,49.8,100.0
912,2026-2027,100.000,0.000,100.000,89.476,56.188,33.288,89.476,0.000,52.8,100.0
913,2026-2027,50.000,0.000,50.000,41.795,30.108,11.687,41.795,0.000,54.5,100.0
914,2026-2027,66.740,0.000,66.740,14.653,0.000,14.653,14.653,0.000,82.0,100.0
915,2026-2027,66.616,0.000,66.616,14.653,0.000,14.653,14.653,0.000,82.0,100.0
916,2026-2027,0.000,0.000,75.897,16.220,0.000,1.000,1.000,0.000,82.4,83.5
917,2026-2027,0.000,0.000,0.000,47.774,38.251,9.523,47.774,0.000,0.0,100.0
918,2026-2027,0.000,0.000,0.000,91.441,60.376,31.065,91.441,0.000,0.0,100.0
919,2026-2027,0.000,0.000,0.000,74.970,61.007,13.963,74.970,0.000,0.0,100.0
920,2026-2027,0.000,0.000,0.000,49.340,49.340,0.000,49.340,0.000,0.0,100.0
921,2026-2027,0.000,0.000,0.000,69.201,66.343,2.858,69.201,0.000,0.0,100.0
922,2026-2027,0.000,0.000,0.000,50.000,50.000,0.000,50.000,0.000,0.0,100.0
923,2026-2027,0.000,0.000,0.000,50.000,50.000,0.000,50.000,0.000,0.0,100.0
924,2026-2027,0.000,0.000,0.000,200.000,30.000,0.000,30.000,0.000,0.0,15.0
925,2026-2027,0.000,0.000,0.000,600.000,90.000,0.000,90.000,0.000,0.0,15.0
926,2026-2027,0.000,0.000,0.000,200.000,30.000,0.000,30.000,0.000,0.0,15.0
927,2026-2027,0.000,0.000,416.511,106.625,9.545,97.080,106.625,0.000,79.6,100.0
928,2026-2027,883.715,0.000,3546.514,4910.636,1200.000,200.000,1400.000,0.000,41.9,58.5
929,2026-2027,400.463,0.000,946.301,508.642,1.394,0.000,1.394,0.000,65.0,65.1
930,2026-2027,0.000,0.000,72.139,34.626,1.000,0.000,1.000,0.000,67.6,68.5
931,2026-2027,292.367,0.000,425.303,17.029,1.000,0.000,1.000,0.000,96.2,96.4
932,2026-2027,1996.085,0.000,1996.085,7239.915,1795.248,3204.752,5000.000,0.000,21.6,75.7
933,2026-2027,0.000,0.000,0.000,297.991,0.000,297.991,297.991,0.000,0.0,100.0
934,2026-2027,10.000,0.000,811.663,233.904,100.000,0.000,100.000,0.000,77.6,87.2
935,2026-2027,219.601,0.000,1040.737,131.246,131.246,0.000,131.246,0.000,88.8,100.0
936,2026-2027,0.000,0.000,22.787,6.741,0.001,0.000,0.001,0.000,77.2,77.2
937,2026-2027,0.000,0.000,78.047,78.626,78.626,0.000,78.626,0.000,49.8,100.0
938,2026-2027,0.000,0.000,278.860,61.491,0.001,0.000,0.001,0.000,81.9,81.9
939,2026-2027,60.000,0.000,612.876,29.225,29.225,0.000,29.225,0.000,95.4,100.0
940,2026-2027,56.250,0.000,138.700,79.862,79.862,0.000,79.862,0.000,63.5,100.0
941,2026-2027,0.000,0.000,0.565,217.997,0.001,0.000,0.001,0.000,0.3,0.3
942,2026-2027,18.750,0.000,49.427,42.822,42.822,0.000,42.822,0.000,53.6,100.0
943,2026-2027,18.750,0.000,166.956,35.875,35.875,0.000,35.875,0.000,82.3,100.0
944,2026-2027,78.228,0.000,511.031,318.609,150.000,0.000,150.000,0.000,61.6,79.7
945,2026-2027,50.000,0.000,377.960,234.874,50.000,0.000,50.000,0.000,61.7,69.8
946,2026-2027,60.000,0.000,273.406,20.544,20.544,0.000,20.544,0.000,93.0,100.0
947,2026-2027,0.000,0.000,292.136,0.000,0.001,0.000,0.001,0.000,100.0,100.0
948,2026-2027,0.000,0.000,16.120,27.562,27.562,0.000,27.562,0.000,36.9,100.0
949,2026-2027,11.667,0.000,44.259,0.000,0.001,0.000,0.001,0.000,100.0,100.0
950,2026-2027,60.000,0.000,78.750,129.743,129.743,0.000,129.743,0.000,37.8,100.0
951,2026-2027,18.750,0.000,57.500,25.154,25.154,0.000,25.154,0.000,69.6,100.0
952,2026-2027,22.500,0.000,62.734,56.874,56.874,0.000,56.874,0.000,52.4,100.0
953,2026-2027,94.942,0.000,576.125,164.278,164.278,0.000,164.278,0.000,77.8,100.0
954,2026-2027,7.500,0.000,7.500,325.119,128.017,0.000,128.017,0.000,2.3,40.7
955,2026-2027,80.000,0.000,80.000,260.524,194.258,0.000,194.258,0.000,23.5,80.5
956,2026-2027,20.000,0.000,20.000,33.479,33.479,0.000,33.479,0.000,37.4,100.0
957,2026-2027,30.000,0.000,30.000,11.838,11.838,0.000,11.838,0.000,71.7,100.0
958,2026-2027,20.000,0.000,20.000,25.410,25.410,0.000,25.410,0.000,44.0,100.0
959,2026-2027,10.000,0.000,10.000,53.648,53.648,0.000,53.648,0.000,15.7,100.0
960,2026-2027,40.000,0.000,40.000,89.099,89.099,0.000,89.099,0.000,31.0,100.0
961,2026-2027,40.000,0.000,40.000,131.071,131.071,0.000,131.071,0.000,23.4,100.0
962,2026-2027,25.000,0.000,25.000,58.897,58.897,0.000,58.897,0.000,29.8,100.0
963,2026-2027,12.500,0.000,12.500,37.010,37.010,0.000,37.010,0.000,25.2,100.0
964,2026-2027,157.500,0.000,157.500,244.418,244.418,0.000,244.418,0.000,39.2,100.0
965,2026-2027,210.000,0.000,210.000,59.338,59.338,0.000,59.338,0.000,78.0,100.0
966,2026-2027,7.500,0.000,7.500,102.585,102.585,0.000,102.585,0.000,6.8,100.0
967,2026-2027,25.000,0.000,25.000,64.653,64.653,0.000,64.653,0.000,27.9,100.0
968,2026-2027,12.500,0.000,12.500,100.290,100.290,0.000,100.290,0.000,11.1,100.0
969,2026-2027,62.500,0.000,62.500,512.500,512.500,0.000,512.500,0.000,10.9,100.0
970,2026-2027,0.000,0.000,0.000,202.842,198.000,0.000,198.000,0.000,0.0,97.6
971,2026-2027,0.000,0.000,0.000,9406.406,80.000,20.000,100.000,0.000,0.0,1.1
972,2026-2027,0.000,0.000,0.000,8288.434,0.000,1.000,1.000,0.000,0.0,0.0
973,2026-2027,2309.849,0.000,8804.619,350.530,304.152,46.378,350.530,0.000,96.2,100.0
974,2026-2027,0.000,0.000,47.998,104.042,0.000,50.000,50.000,0.000,31.6,64.5
975,2026-2027,0.000,0.000,9.265,1.635,0.000,1.000,1.000,0.000,85.0,94.2
976,2026-2027,17.000,0.000,4098.493,2522.507,700.000,200.000,900.000,0.000,61.9,75.5
977,2026-2027,0.000,0.000,249.628,37.566,0.001,0.000,0.001,0.000,86.9,86.9
978,2026-2027,0.000,0.000,1486.601,7.840,0.001,0.000,0.001,0.000,99.5,99.5
979,2026-2027,195.000,0.000,1179.114,128.404,128.404,0.000,128.404,0.000,90.2,100.0
980,2026-2027,0.000,0.000,101.126,88.824,88.824,0.000,88.824,0.000,53.2,100.0
981,2026-2027,14.431,0.000,32.563,37.067,37.067,0.000,37.067,0.000,46.8,100.0
982,2026-2027,82.440,0.000,110.832,82.098,82.098,0.000,82.098,0.000,57.4,100.0
983,2026-2027,64.828,0.000,75.828,119.740,119.740,0.000,119.740,0.000,38.8,100.0
984,2026-2027,30.000,0.000,50.703,83.368,83.368,0.000,83.368,0.000,37.8,100.0
985,2026-2027,45.000,0.000,56.042,119.648,20.000,0.000,20.000,0.000,31.9,43.3
986,2026-2027,125.000,0.000,135.000,108.970,108.970,0.000,108.970,0.000,55.3,100.0
987,2026-2027,99.364,0.000,127.166,44.711,44.711,0.000,44.711,0.000,74.0,100.0
988,2026-2027,41.914,0.000,76.328,0.000,0.001,0.000,0.001,0.000,100.0,100.0
989,2026-2027,19.897,0.000,20.143,0.251,0.251,0.000,0.251,0.000,98.8,100.0
990,2026-2027,60.406,0.000,87.225,60.412,60.412,0.000,60.412,0.000,59.1,100.0
991,2026-2027,46.503,0.000,65.200,47.840,47.840,0.000,47.840,0.000,57.7,100.0
992,2026-2027,59.302,0.000,79.589,0.001,0.001,0.000,0.001,0.000,100.0,100.0
993,2026-2027,85.872,0.000,112.734,86.076,10.000,0.000,10.000,0.000,56.7,61.7
994,2026-2027,35.688,0.000,36.557,35.690,35.689,0.000,35.689,0.000,50.6,100.0
995,2026-2027,13.328,0.000,13.328,199.923,40.000,0.000,40.000,0.000,6.3,25.0
996,2026-2027,58.648,0.000,58.648,0.000,0.001,0.000,0.001,0.000,100.0,100.0
997,2026-2027,7.777,0.000,31.096,31.122,31.122,0.000,31.122,0.000,50.0,100.0
998,2026-2027,22.678,0.000,70.535,45.284,45.284,0.000,45.284,0.000,60.9,100.0
999,2026-2027,45.485,0.000,103.895,45.548,45.548,0.000,45.548,0.000,69.5,100.0
1000,2026-2027,12.500,0.000,12.500,186.190,50.156,0.000,50.156,0.000,6.3,31.5
1001,2026-2027,43.729,0.000,43.729,43.731,43.730,0.000,43.730,0.000,50.0,100.0
1002,2026-2027,25.000,0.000,25.000,169.812,169.812,0.000,169.812,0.000,12.8,100.0
1003,2026-2027,12.500,0.000,12.500,35.415,35.415,0.000,35.415,0.000,26.1,100.0
1004,2026-2027,50.000,0.000,50.000,50.000,50.000,0.000,50.000,0.000,50.0,100.0
1005,2026-2027,6.250,0.000,6.250,43.623,43.623,0.000,43.623,0.000,12.5,100.0
1006,2026-2027,50.000,0.000,50.000,47.000,47.000,0.000,47.000,0.000,51.5,100.0
1007,2026-2027,55.000,0.000,55.000,53.712,53.712,0.000,53.712,0.000,50.6,100.0
1008,2026-2027,25.000,0.000,25.000,24.741,24.741,0.000,24.741,0.000,50.3,100.0
1009,2026-2027,80.000,0.000,80.000,76.499,76.499,0.000,76.499,0.000,51.1,100.0
1010,2026-2027,15.000,0.000,15.000,47.123,47.123,0.000,47.123,0.000,24.1,100.0
1011,2026-2027,0.000,0.000,67.757,20.315,0.000,0.001,0.001,0.000,76.9,76.9
1012,2026-2027,0.000,0.000,0.000,200.000,0.000,10.000,10.000,0.000,0.0,5.0
1013,2026-2027,0.000,0.000,0.000,49.998,10.423,39.575,49.998,0.000,0.0,100.0
1014,2026-2027,0.000,0.000,2.640,54.450,0.000,54.450,54.450,0.000,4.6,100.0
1015,2026-2027,16.386,0.000,16.386,122.365,0.000,9.975,9.975,0.000,11.8,19.0
1016,2026-2027,0.000,0.000,0.000,90.000,0.000,9.575,9.575,0.000,0.0,10.6
1017,2026-2027,15.000,0.000,15.000,15.000,15.000,0.000,15.000,0.000,50.0,100.0
1018,2026-2027,14.000,0.000,14.000,14.000,14.000,0.000,14.000,0.000,50.0,100.0
1019,2026-2027,12.500,0.000,12.500,12.500,12.500,0.000,12.500,0.000,50.0,100.0
1020,2026-2027,23.500,0.000,23.500,23.500,23.500,0.000,23.500,0.000,50.0,100.0
1021,2026-2027,20.000,0.000,20.000,20.000,20.000,0.000,20.000,0.000,50.0,100.0
1022,2026-2027,23.000,0.000,23.000,24.000,24.000,0.000,24.000,0.000,48.9,100.0
1023,2026-2027,0.719,0.000,0.719,28.032,2.161,5.930,8.091,0.000,2.5,30.6
1024,2026-2027,3.954,0.000,3.954,23.841,8.927,0.000,8.927,0.000,14.2,46.3
1025,2026-2027,0.000,0.000,0.000,443.350,0.010,0.000,0.010,0.000,0.0,0.0
1026,2026-2027,0.000,0.000,166.673,272.987,0.010,0.000,0.010,0.000,37.9,37.9
1027,2026-2027,0.000,0.000,309.038,569.842,0.010,0.000,0.010,0.000,35.2,35.2
1028,2026-2027,92.760,0.000,306.926,92.759,92.759,0.000,92.759,0.000,76.8,100.0
1029,2026-2027,159.236,0.000,325.432,159.235,91.518,0.000,91.518,0.000,67.1,86.0
1030,2026-2027,488.986,0.000,538.986,561.014,112.709,0.000,112.709,0.000,49.0,59.2
1031,2026-2027,0.000,0.000,0.000,100.000,0.010,0.000,0.010,0.000,0.0,0.0
1032,2026-2027,0.000,0.000,0.000,100.000,0.010,0.000,0.010,0.000,0.0,0.0
1033,2026-2027,1.409,0.000,20.578,201.502,0.010,0.000,0.010,0.000,9.3,9.3
1034,2026-2027,74.757,0.000,120.837,74.756,74.756,0.000,74.756,0.000,61.8,100.0
1035,2026-2027,50.000,0.000,50.000,49.700,49.700,0.000,49.700,0.000,50.2,100.0
1036,2026-2027,50.000,0.000,50.000,149.526,149.526,0.000,149.526,0.000,25.1,100.0
1037,2026-2027,34.375,0.000,34.375,263.127,22.954,0.000,22.954,0.000,11.6,19.3
1038,2026-2027,18.059,0.000,18.059,7.017,5.429,1.588,7.017,0.000,72.0,100.0
1039,2026-2027,19.570,0.000,19.570,3.000,0.000,3.000,3.000,0.000,86.7,100.0
1040,2026-2027,19.699,0.000,19.699,3.000,0.000,3.000,3.000,0.000,86.8,100.0
1041,2026-2027,20.539,0.000,20.539,21.857,20.225,1.632,21.857,0.000,48.4,100.0
1042,2026-2027,20.000,0.000,20.000,2.000,0.000,2.000,2.000,0.000,90.9,100.0
1043,2026-2027,0.000,0.000,17.995,5.085,0.085,5.000,5.085,0.000,78.0,100.0
1044,2026-2027,16.996,0.000,16.996,108.269,13.692,0.000,13.692,0.000,13.6,24.5
1045,2026-2027,8.642,0.000,8.642,48.349,46.349,2.000,48.349,0.000,15.2,100.0
1046,2026-2027,50.000,0.000,418.381,70.247,70.247,0.000,70.247,0.000,85.6,100.0
1047,2026-2027,2.500,0.000,170.369,142.454,10.000,0.000,10.000,0.000,54.5,57.7
1048,2026-2027,2.500,0.000,30.565,84.102,10.000,0.000,10.000,0.000,26.7,35.4
1049,2026-2027,20.000,0.000,20.000,177.180,120.000,0.000,120.000,0.000,10.1,71.0
1050,2026-2027,22.500,0.000,54.576,125.810,30.000,0.000,30.000,0.000,30.3,46.9
1051,2026-2027,1300.000,0.000,5533.626,3534.505,500.000,0.000,500.000,0.000,61.0,66.5
1052,2026-2027,0.000,0.000,89.804,81.913,20.000,0.000,20.000,0.000,52.3,63.9
1053,2026-2027,400.000,0.000,4487.982,1809.437,400.000,0.000,400.000,0.000,71.3,77.6
1054,2026-2027,50.000,0.000,153.333,283.332,50.000,0.000,50.000,0.000,35.1,46.6
1055,2026-2027,521.000,0.000,1190.937,4286.565,1050.000,0.000,1050.000,0.000,21.7,40.9
1056,2026-2027,40.000,0.000,118.602,114.800,40.000,0.000,40.000,0.000,50.8,68.0
1057,2026-2027,1000.000,0.000,2335.685,3260.113,1000.000,0.000,1000.000,0.000,41.7,59.6
1058,2026-2027,250.000,0.000,509.386,2214.449,200.000,0.000,200.000,0.000,18.7,26.0
1059,2026-2027,50.000,0.000,116.390,215.566,100.000,0.000,100.000,0.000,35.1,65.2
1060,2026-2027,200.000,0.000,411.651,1043.576,500.000,0.000,500.000,0.000,28.3,62.6
1061,2026-2027,250.000,0.000,481.714,1426.522,60.000,0.000,60.000,0.000,25.2,28.4
1062,2026-2027,400.000,0.000,600.995,1156.632,450.000,0.000,450.000,0.000,34.2,59.8
1063,2026-2027,450.000,0.000,607.254,708.227,350.000,0.000,350.000,0.000,46.2,72.8
1064,2026-2027,0.000,0.000,0.000,145.934,30.000,0.000,30.000,0.000,0.0,20.6
1065,2026-2027,10.000,0.000,10.000,164.840,40.000,0.000,40.000,0.000,5.7,28.6
1066,2026-2027,9.000,0.000,9.000,75.610,10.000,0.000,10.000,0.000,10.6,22.5
1067,2026-2027,500.000,0.000,1023.184,476.816,476.816,0.000,476.816,0.000,68.2,100.0
1068,2026-2027,300.000,0.000,300.000,4138.005,500.000,0.000,500.000,0.000,6.8,18.0
1069,2026-2027,3590.497,0.000,3590.497,1190.844,200.000,0.000,200.000,0.000,75.1,79.3
1070,2026-2027,225.000,0.000,425.000,557.576,175.000,25.000,200.000,0.000,43.3,63.6
1071,2026-2027,30.000,0.000,30.000,105.490,30.000,0.000,30.000,0.000,22.1,44.3
1072,2026-2027,75.000,0.000,75.000,324.943,150.000,0.000,150.000,0.000,18.8,56.3
1073,2026-2027,0.000,0.000,0.000,347.288,150.000,0.000,150.000,0.000,0.0,43.2
1074,2026-2027,82.500,0.000,82.500,257.132,100.000,0.000,100.000,0.000,24.3,53.7
1075,2026-2027,37.500,0.000,37.500,261.745,150.000,0.000,150.000,0.000,12.5,62.7
1076,2026-2027,19.046,0.000,19.046,421.639,50.000,0.000,50.000,0.000,4.3,15.7
1077,2026-2027,6.250,0.000,6.250,93.735,65.761,0.000,65.761,0.000,6.3,72.0
1078,2026-2027,25.000,0.000,25.000,74.748,50.000,0.000,50.000,0.000,25.1,75.2
1079,2026-2027,82.500,0.000,82.500,252.652,150.000,0.000,150.000,0.000,24.6,69.4
1080,2026-2027,200.000,0.000,200.000,833.277,500.000,0.000,500.000,0.000,19.4,67.7
1081,2026-2027,400.000,0.000,400.000,1636.739,1000.000,0.000,1000.000,0.000,19.6,68.7
1082,2026-2027,100.000,0.000,100.000,500.491,250.000,0.000,250.000,0.000,16.7,58.3
1083,2026-2027,76.383,0.000,76.383,229.205,229.205,0.000,229.205,0.000,25.0,100.0
1084,2026-2027,958.738,0.000,958.738,2334.808,1000.000,0.000,1000.000,0.000,29.1,59.5
1085,2026-2027,25.000,0.000,25.000,84.100,84.100,0.000,84.100,0.000,22.9,100.0
1086,2026-2027,100.000,0.000,100.000,99.971,99.971,0.000,99.971,0.000,50.0,100.0
1087,2026-2027,100.000,0.000,100.000,99.903,99.903,0.000,99.903,0.000,50.0,100.0
1088,2026-2027,100.000,0.000,100.000,330.562,200.000,0.000,200.000,0.000,23.2,69.7
1089,2026-2027,0.000,0.000,0.000,61.000,61.000,0.000,61.000,0.000,0.0,100.0
1090,2026-2027,100.000,0.000,8615.586,1374.153,300.000,0.000,300.000,0.000,86.2,89.2
1091,2026-2027,50.000,0.000,264.094,457.464,45.000,0.000,45.000,0.000,36.6,42.8
1092,2026-2027,50.000,0.000,97.370,75.159,7.516,0.000,7.516,0.000,56.4,60.8
1093,2026-2027,151.771,0.000,417.143,100.000,10.000,0.000,10.000,0.000,80.7,82.6
1094,2026-2027,650.000,0.000,1879.613,1490.880,400.000,0.000,400.000,0.000,55.8,67.6
1095,2026-2027,100.000,0.000,442.871,381.977,38.198,0.000,38.198,0.000,53.7,58.3
1096,2026-2027,257.780,0.000,1024.325,0.000,0.001,0.000,0.001,0.000,100.0,100.0
1097,2026-2027,0.000,0.000,138.517,55.606,5.561,0.000,5.561,0.000,71.4,74.2
1098,2026-2027,115.753,0.000,530.645,205.178,20.518,0.000,20.518,0.000,72.1,74.9
1099,2026-2027,100.000,0.000,1137.128,327.585,32.759,0.000,32.759,0.000,77.6,79.9
1100,2026-2027,50.000,0.000,530.065,115.524,11.552,0.000,11.552,0.000,82.1,83.9
1101,2026-2027,59.214,0.000,326.118,0.000,0.001,0.000,0.001,0.000,100.0,100.0
1102,2026-2027,34.332,0.000,179.775,0.000,0.001,0.000,0.001,0.000,100.0,100.0
1103,2026-2027,150.000,0.000,768.478,530.419,200.000,0.000,200.000,0.000,59.2,74.6
1104,2026-2027,100.000,0.000,660.000,540.000,54.000,0.000,54.000,0.000,55.0,59.5
1105,2026-2027,0.000,0.000,589.565,50.389,5.039,0.000,5.039,0.000,92.1,92.9
1106,2026-2027,12.500,0.000,235.363,93.642,9.364,0.000,9.364,0.000,71.5,74.4
1107,2026-2027,400.000,0.000,1127.380,2508.872,250.887,0.000,250.887,0.000,31.0,37.9
1108,2026-2027,1100.000,0.000,2093.628,375.365,37.537,0.000,37.537,0.000,84.8,86.3
1109,2026-2027,574.238,0.000,1286.456,1815.298,300.000,0.000,300.000,0.000,41.5,51.1
1110,2026-2027,200.000,0.000,488.306,341.984,200.000,0.000,200.000,0.000,58.8,82.9
1111,2026-2027,200.000,0.000,380.705,522.845,52.285,0.000,52.285,0.000,42.1,47.9
1112,2026-2027,187.500,0.000,403.125,171.875,100.000,0.000,100.000,0.000,70.1,87.5
1113,2026-2027,200.000,0.000,744.000,706.668,70.667,0.000,70.667,0.000,51.3,56.2
1114,2026-2027,103.860,0.000,256.755,150.965,15.097,0.000,15.097,0.000,63.0,66.7
1115,2026-2027,75.288,0.000,131.754,18.822,18.822,0.000,18.822,0.000,87.5,100.0
1116,2026-2027,25.000,0.000,25.000,9869.248,430.000,0.000,430.000,0.000,0.3,4.6
1117,2026-2027,0.000,0.000,164.653,185.333,30.000,0.000,30.000,0.000,47.0,55.6
1118,2026-2027,30.000,0.000,577.918,57.449,57.449,0.000,57.449,0.000,91.0,100.0
1119,2026-2027,0.000,0.000,107.788,55.892,55.892,0.000,55.892,0.000,65.9,100.0
1120,2026-2027,0.000,0.000,5025.980,1314.020,0.001,0.000,0.001,0.000,79.3,79.3
1121,2026-2027,230.000,0.000,5818.056,1059.154,449.154,50.000,499.154,0.000,84.6,91.9
1122,2026-2027,10.000,0.000,309.204,190.375,60.375,0.000,60.375,0.000,61.9,74.0
1123,2026-2027,0.000,0.000,526.787,167.625,104.677,0.000,104.677,0.000,75.9,90.9
1124,2026-2027,12.500,0.000,553.245,365.864,50.000,0.000,50.000,0.000,60.2,65.6
1125,2026-2027,70.000,0.000,218.156,87.386,87.386,0.000,87.386,0.000,71.4,100.0
1126,2026-2027,228.499,0.000,588.505,100.000,100.000,0.000,100.000,0.000,85.5,100.0
1127,2026-2027,100.000,0.000,466.313,150.614,150.614,0.000,150.614,0.000,75.6,100.0
1128,2026-2027,50.000,0.000,689.799,1308.859,200.000,0.000,200.000,0.000,34.5,44.5
1129,2026-2027,300.000,0.000,1946.878,1844.878,400.000,0.000,400.000,0.000,51.3,61.9
1130,2026-2027,100.000,0.000,600.705,100.803,100.803,0.000,100.803,0.000,85.6,100.0
1131,2026-2027,10.000,0.000,950.569,657.004,0.001,0.000,0.001,0.000,59.1,59.1
1132,2026-2027,9.499,0.000,324.419,0.000,0.001,0.000,0.001,0.000,100.0,100.0
1133,2026-2027,75.000,0.000,226.389,290.054,100.000,0.000,100.000,0.000,43.8,63.2
1134,2026-2027,100.000,0.000,364.850,160.218,60.000,0.000,60.000,0.000,69.5,80.9
1135,2026-2027,50.000,0.000,342.000,386.000,50.000,0.000,50.000,0.000,47.0,53.8
1136,2026-2027,400.000,0.000,3741.999,359.297,50.000,0.000,50.000,0.000,91.2,92.5
1137,2026-2027,200.000,0.000,2173.260,1531.050,600.000,0.000,600.000,0.000,58.7,74.9
1138,2026-2027,0.000,0.000,426.949,128.177,50.000,0.000,50.000,0.000,76.9,85.9
1139,2026-2027,60.700,0.000,145.135,4.506,4.506,0.000,4.506,0.000,97.0,100.0
1140,2026-2027,12.500,0.000,193.058,310.018,60.000,0.000,60.000,0.000,38.4,50.3
1141,2026-2027,50.000,493.780,50.000,2713.060,0.000,580.000,580.000,2900.000,1.8,22.8
1142,2026-2027,2.500,0.000,39.421,46.065,46.065,0.000,46.065,0.000,46.1,100.0
1143,2026-2027,52.500,0.000,158.974,115.826,45.000,0.000,45.000,0.000,57.9,74.2
1144,2026-2027,150.000,0.000,419.375,439.401,110.000,0.000,110.000,0.000,48.8,61.6
1145,2026-2027,446.409,0.000,971.784,100.000,100.000,0.000,100.000,0.000,90.7,100.0
1146,2026-2027,150.000,0.000,175.000,275.000,250.000,0.000,250.000,0.000,38.9,94.4
1147,2026-2027,100.000,0.000,277.365,419.238,50.000,0.000,50.000,0.000,39.8,47.0
1148,2026-2027,200.000,0.000,200.000,7422.302,400.000,0.000,400.000,0.000,2.6,7.9
1149,2026-2027,50.000,0.000,178.299,71.673,71.673,0.000,71.673,0.000,71.3,100.0
1150,2026-2027,10.000,0.000,10.000,252.471,150.000,0.000,150.000,0.000,3.8,61.0
1151,2026-2027,39.417,0.000,75.902,120.886,120.886,0.000,120.886,0.000,38.6,100.0
1152,2026-2027,0.000,0.000,0.000,5057.000,50.000,0.000,50.000,0.000,0.0,1.0
1153,2026-2027,92.600,0.000,102.843,0.000,0.001,0.000,0.001,0.000,100.0,100.0
1154,2026-2027,161.057,0.000,161.057,1020.289,500.000,0.000,500.000,0.000,13.6,56.0
1155,2026-2027,50.000,0.000,116.982,82.929,10.000,0.000,10.000,0.000,58.5,63.5
1156,2026-2027,30.000,0.000,42.693,61.170,20.000,0.000,20.000,0.000,41.1,60.4
1157,2026-2027,97.129,0.000,108.385,0.000,0.001,0.000,0.001,0.000,100.0,100.0
1158,2026-2027,38.246,0.000,60.647,387.550,50.000,0.000,50.000,0.000,13.5,24.7
1159,2026-2027,12.500,0.000,47.300,685.958,50.000,0.000,50.000,0.000,6.5,13.3
1160,2026-2027,350.000,0.000,439.271,7.138,7.138,0.000,7.138,0.000,98.4,100.0
1161,2026-2027,200.000,0.000,291.991,167.988,167.988,0.000,167.988,0.000,63.5,100.0
1162,2026-2027,285.927,0.000,357.408,0.000,0.001,0.000,0.001,0.000,100.0,100.0
1163,2026-2027,60.000,0.000,117.055,263.368,60.000,0.000,60.000,0.000,30.8,46.5
1164,2026-2027,357.954,0.000,447.404,0.000,0.001,0.000,0.001,0.000,100.0,100.0
1165,2026-2027,333.603,0.000,417.003,0.000,0.001,0.000,0.001,0.000,100.0,100.0
1166,2026-2027,360.000,0.000,527.109,308.524,75.000,0.000,75.000,0.000,63.1,72.1
1167,2026-2027,200.000,0.000,300.000,462.933,200.000,0.000,200.000,0.000,39.3,65.5
1168,2026-2027,100.000,0.000,209.389,337.578,337.578,0.000,337.578,0.000,38.3,100.0
1169,2026-2027,443.720,0.000,543.720,56.245,56.245,0.000,56.245,0.000,90.6,100.0
1170,2026-2027,100.000,0.000,166.847,167.389,150.000,0.000,150.000,0.000,49.9,94.8
1171,2026-2027,50.000,0.000,50.000,518.451,100.000,0.000,100.000,0.000,8.8,26.4
1172,2026-2027,100.000,0.000,302.439,922.490,100.000,0.000,100.000,0.000,24.7,32.9
1173,2026-2027,7.500,0.000,2190.520,107.403,84.903,0.000,84.903,0.000,95.3,99.0
1174,2026-2027,150.000,0.000,150.000,4451.603,500.000,0.000,500.000,0.000,3.3,14.1
1175,2026-2027,544.939,0.000,544.939,0.000,0.001,0.000,0.001,0.000,100.0,100.0
1176,2026-2027,0.000,0.000,0.000,499.884,100.000,0.000,100.000,0.000,0.0,20.0
1177,2026-2027,18.750,0.000,18.750,80.671,80.671,0.000,80.671,0.000,18.9,100.0
1178,2026-2027,200.000,0.000,200.000,1283.456,600.000,0.000,600.000,0.000,13.5,53.9
1179,2026-2027,50.000,0.000,50.000,150.000,40.000,0.000,40.000,0.000,25.0,45.0
1180,2026-2027,9.375,0.000,9.375,155.608,30.000,0.000,30.000,0.000,5.7,23.9
1181,2026-2027,9.375,0.000,9.375,140.264,100.000,0.000,100.000,0.000,6.3,73.1
1182,2026-2027,18.750,0.000,18.750,279.985,60.000,0.000,60.000,0.000,6.3,26.4
1183,2026-2027,25.000,0.000,25.000,381.399,50.000,0.000,50.000,0.000,6.2,18.5
1184,2026-2027,6.250,0.000,6.250,93.690,25.000,0.000,25.000,0.000,6.3,31.3
1185,2026-2027,25.000,0.000,25.000,474.399,100.000,0.000,100.000,0.000,5.0,25.0
1186,2026-2027,100.000,0.000,100.000,299.993,250.000,0.000,250.000,0.000,25.0,87.5
1187,2026-2027,12.500,0.000,12.500,266.766,30.000,0.000,30.000,0.000,4.5,15.2
1188,2026-2027,18.750,0.000,18.750,272.091,100.000,0.000,100.000,0.000,6.4,40.8
1189,2026-2027,6.250,0.000,6.250,102.762,25.000,0.000,25.000,0.000,5.7,28.7
1190,2026-2027,37.500,0.000,37.500,112.476,100.000,0.000,100.000,0.000,25.0,91.7
1191,2026-2027,1.875,0.000,1.875,27.270,27.270,0.000,27.270,0.000,6.4,100.0
1192,2026-2027,55.000,0.000,55.000,162.955,55.000,0.000,55.000,0.000,25.2,50.5
1193,2026-2027,18.750,0.000,18.750,81.225,81.225,0.000,81.225,0.000,18.8,100.0
1194,2026-2027,20.000,0.000,20.000,421.760,50.000,0.000,50.000,0.000,4.5,15.8
1195,2026-2027,58.968,0.000,58.968,177.454,100.000,0.000,100.000,0.000,24.9,67.2
1196,2026-2027,50.000,0.000,50.000,149.559,100.000,0.000,100.000,0.000,25.1,75.2
1197,2026-2027,50.000,0.000,50.000,146.930,146.930,0.000,146.930,0.000,25.4,100.0
1198,2026-2027,25.000,0.000,25.000,81.896,81.896,0.000,81.896,0.000,23.4,100.0
1199,2026-2027,50.000,0.000,50.000,149.954,50.000,0.000,50.000,0.000,25.0,50.0
1200,2026-2027,100.000,0.000,100.000,307.708,200.000,0.000,200.000,0.000,24.5,73.6
1201,2026-2027,87.500,0.000,87.500,258.360,60.000,0.000,60.000,0.000,25.3,42.6
1202,2026-2027,50.000,0.000,50.000,947.965,200.000,0.000,200.000,0.000,5.0,25.1
1203,2026-2027,100.000,0.000,100.000,435.183,200.000,0.000,200.000,0.000,18.7,56.1
1204,2026-2027,175.000,0.000,175.000,724.713,150.000,0.000,150.000,0.000,19.5,36.1
1205,2026-2027,12.500,0.000,12.500,187.230,40.000,0.000,40.000,0.000,6.3,26.3
1206,2026-2027,9.375,0.000,9.375,140.705,30.000,0.000,30.000,0.000,6.2,26.2
1207,2026-2027,9.375,0.000,9.375,140.616,30.000,0.000,30.000,0.000,6.3,26.3
1208,2026-2027,10.000,0.000,10.000,290.000,65.000,0.000,65.000,0.000,3.3,25.0
1209,2026-2027,162.500,25619.750,162.500,396.891,0.000,200.000,200.000,5141.630,29.0,64.8
1210,2026-2027,0.000,0.000,0.000,4936.820,0.000,100.000,100.000,2000.000,0.0,2.0
1211,2026-2027,0.000,0.000,0.000,844.921,100.000,0.000,100.000,0.000,0.0,11.8
1212,2026-2027,0.000,0.000,0.000,371.565,65.000,0.000,65.000,0.000,0.0,17.5
1213,2026-2027,0.000,0.000,0.000,2000.000,500.000,0.000,500.000,0.000,0.0,25.0
1214,2026-2027,0.000,0.000,0.000,1000.000,250.000,0.000,250.000,0.000,0.0,25.0
1215,2026-2027,0.000,0.000,0.000,1724.999,431.250,0.000,431.250,0.000,0.0,25.0
1216,2026-2027,0.000,0.000,0.000,2899.625,724.906,0.000,724.906,0.000,0.0,25.0
1217,2026-2027,0.000,0.000,0.000,979.919,244.980,0.000,244.980,0.000,0.0,25.0
1218,2026-2027,0.000,0.000,0.000,3197.818,799.455,0.000,799.455,0.000,0.0,25.0
1219,2026-2027,0.000,0.000,0.000,5000.000,3000.000,0.000,3000.000,0.000,0.0,60.0
1220,2026-2027,100.000,0.000,350.566,149.404,100.000,0.000,100.000,0.000,70.1,90.1
1221,2026-2027,200.000,0.000,519.398,400.794,200.000,0.000,200.000,0.000,56.4,78.2
1222,2026-2027,0.000,0.000,0.000,16888.815,10.000,0.000,10.000,0.000,0.0,0.1
1223,2026-2027,60.000,0.000,73.870,149.870,0.000,22.374,22.374,0.000,33.0,43.0
1224,2026-2027,10.000,0.000,30.000,50.970,0.000,8.097,8.097,0.000,37.1,47.1
1225,2026-2027,10.000,0.000,16.000,108.063,0.000,12.406,12.406,0.000,12.9,22.9
1226,2026-2027,10.000,0.000,10.000,86.000,0.000,9.600,9.600,0.000,10.4,20.4
1227,2026-2027,20.000,0.000,20.000,91.000,0.000,11.100,11.100,0.000,18.0,28.0
1228,2026-2027,0.000,0.000,0.000,68.000,0.000,6.800,6.800,0.000,0.0,10.0
1229,2026-2027,0.000,0.000,0.000,86.000,0.000,8.600,8.600,0.000,0.0,10.0
1230,2026-2027,14.166,0.000,14.166,73.509,0.000,8.768,8.768,0.000,16.2,26.2
1231,2026-2027,0.000,0.000,0.000,45.228,0.000,4.523,4.523,0.000,0.0,10.0
1232,2026-2027,0.000,0.000,2.528,2.472,1.472,1.000,2.472,0.000,50.6,100.0
1233,2026-2027,0.000,0.000,12.000,2.000,0.000,2.000,2.000,0.000,85.7,100.0
1234,2026-2027,67.706,0.000,88.326,14.774,0.000,14.774,14.774,0.000,85.7,100.0
1235,2026-2027,0.000,0.000,146.737,212.424,0.001,0.000,0.001,0.000,40.9,40.9
1236,2026-2027,0.000,0.000,55.966,0.000,0.001,0.000,0.001,0.000,100.0,100.0
1237,2026-2027,0.000,0.000,48.816,44.904,44.904,0.000,44.904,0.000,52.1,100.0
1238,2026-2027,0.000,0.000,72.949,68.810,68.810,0.000,68.810,0.000,51.5,100.0
1239,2026-2027,90.087,0.000,90.087,90.086,0.000,0.001,0.001,0.000,50.0,50.0
1240,2026-2027,34.218,0.000,91.104,0.001,0.001,0.000,0.001,0.000,100.0,100.0
1241,2026-2027,7.500,0.000,7.500,168.659,40.000,0.000,40.000,0.000,4.3,27.0
1242,2026-2027,0.000,0.000,0.000,207.675,100.000,0.000,100.000,0.000,0.0,48.2
1243,2026-2027,0.000,0.000,0.000,414.458,100.000,0.000,100.000,0.000,0.0,24.1
1244,2026-2027,0.000,0.000,0.000,431.565,80.000,0.000,80.000,0.000,0.0,18.5
1245,2026-2027,0.000,0.000,254.669,-254.669,0.001,0.000,0.001,0.000,0.0,0.0
1246,2026-2027,0.000,0.000,257.626,0.082,0.001,0.000,0.001,0.000,100.0,100.0
1247,2026-2027,0.000,0.000,134.409,38.394,38.394,0.000,38.394,0.000,77.8,100.0
1248,2026-2027,40.637,0.000,181.102,15.479,15.479,0.000,15.479,0.000,92.1,100.0
1249,2026-2027,47.540,0.000,163.644,0.000,0.001,0.000,0.001,0.000,100.0,100.0
1250,2026-2027,26.676,0.000,89.767,3.901,3.901,0.000,3.901,0.000,95.8,100.0
1251,2026-2027,0.000,0.000,46.480,25.772,25.772,0.000,25.772,0.000,64.3,100.0
1252,2026-2027,0.000,0.000,123.436,6.177,0.001,0.000,0.001,0.000,95.2,95.2
1253,2026-2027,500.500,0.000,3512.886,1705.542,550.000,0.000,550.000,0.000,67.3,77.9
1254,2026-2027,0.000,0.000,95.392,54.619,0.001,0.000,0.001,0.000,63.6,63.6
1255,2026-2027,75.000,0.000,216.062,201.738,20.000,0.000,20.000,0.000,51.7,56.5
1256,2026-2027,0.000,0.000,48.811,43.162,43.162,0.000,43.162,0.000,53.1,100.0
1257,2026-2027,100.000,0.000,472.627,262.492,173.564,0.000,173.564,0.000,64.3,87.9
1258,2026-2027,150.000,0.000,727.136,-727.136,176.000,0.000,176.000,0.000,0.0,0.0
1259,2026-2027,62.812,0.000,130.858,665.028,300.000,0.000,300.000,0.000,16.4,54.1
1260,2026-2027,0.000,0.000,66.058,-66.058,0.001,0.000,0.001,0.000,0.0,0.0
1261,2026-2027,110.780,0.000,141.744,13.172,0.001,0.000,0.001,0.000,91.5,91.5
1262,2026-2027,0.000,0.000,104.141,13.523,0.001,0.000,0.001,0.000,88.5,88.5
1263,2026-2027,40.000,0.000,66.201,68.123,30.000,0.000,30.000,0.000,49.3,71.6
1264,2026-2027,7.500,0.000,7.500,257.910,40.000,0.000,40.000,0.000,2.8,17.9
1265,2026-2027,0.000,0.000,150.116,0.004,0.001,0.000,0.001,0.000,100.0,100.0
1266,2026-2027,0.000,0.000,156.913,141.211,50.000,0.000,50.000,0.000,52.6,69.4
1267,2026-2027,0.000,0.000,28.380,0.004,0.001,0.000,0.001,0.000,100.0,100.0
1268,2026-2027,150.000,0.000,869.423,435.993,100.000,0.000,100.000,0.000,66.6,74.3
1269,2026-2027,0.000,0.000,241.117,6.259,0.000,0.100,0.100,0.000,97.5,97.5
1270,2026-2027,192.500,0.000,1437.691,1229.513,50.000,49.993,99.993,0.000,53.9,57.7
1271,2026-2027,0.000,0.000,621.634,2179.196,0.100,0.000,0.100,0.000,22.2,22.2
1272,2026-2027,0.000,0.000,1344.169,97.281,0.100,0.000,0.100,0.000,93.3,93.3
1273,2026-2027,0.000,0.000,15.054,44.446,0.000,0.100,0.100,0.000,25.3,25.5
1274,2026-2027,0.000,0.000,52.027,21.646,0.000,0.100,0.100,0.000,70.6,70.8
1275,2026-2027,0.000,0.000,34.097,575.260,100.000,0.000,100.000,0.000,5.6,22.0
1276,2026-2027,0.000,0.000,45.166,362.712,0.000,0.100,0.100,0.000,11.1,11.1
1277,2026-2027,0.000,0.000,28.575,193.535,0.000,0.100,0.100,0.000,12.9,12.9
1278,2026-2027,16.242,0.000,87.407,12.577,0.000,12.577,12.577,0.000,87.4,100.0
1279,2026-2027,28.202,0.000,60.000,20.000,0.000,20.000,20.000,0.000,75.0,100.0
1280,2026-2027,28.284,0.000,56.716,43.284,28.284,15.000,43.284,0.000,56.7,100.0
1281,2026-2027,85.250,0.000,164.750,0.250,0.000,0.100,0.100,0.000,99.8,99.9
1282,2026-2027,0.000,0.000,79.187,0.813,0.000,0.100,0.100,0.000,99.0,99.1
1283,2026-2027,321.108,0.000,321.108,415.760,20.000,55.000,75.000,0.000,43.6,53.8
1284,2026-2027,36.000,4204.300,36.000,524.000,0.000,90.000,90.000,4760.000,6.4,22.5
1285,2026-2027,40.000,0.000,40.000,40.000,0.000,40.000,40.000,0.000,50.0,100.0
1286,2026-2027,75.000,0.000,75.000,75.000,0.000,75.000,75.000,0.000,50.0,100.0
1287,2026-2027,39.250,0.000,39.250,40.750,0.000,40.750,40.750,0.000,49.1,100.0
1288,2026-2027,23.009,0.000,23.009,56.991,0.000,17.000,17.000,0.000,28.8,50.0
1289,2026-2027,0.000,0.000,0.000,40.000,10.000,0.000,10.000,0.000,0.0,25.0
1290,2026-2027,0.000,0.000,0.000,80.000,20.000,0.000,20.000,0.000,0.0,25.0
1291,2026-2027,0.000,0.000,0.000,18.000,9.000,0.000,9.000,0.000,0.0,50.0
1292,2026-2027,0.000,0.000,711.159,72.872,0.100,0.000,0.100,0.000,90.7,90.7
1293,2026-2027,0.000,0.000,466.680,15.145,0.000,0.100,0.100,0.000,96.9,96.9
1294,2026-2027,0.000,0.000,211.933,49.859,0.000,0.100,0.100,0.000,81.0,81.0
1295,2026-2027,349.328,0.000,1426.386,1352.902,311.000,0.000,311.000,0.000,51.3,62.5
1296,2026-2027,0.000,0.000,46.369,37.705,0.100,0.000,0.100,0.000,55.2,55.3
1297,2026-2027,59.844,0.000,80.000,20.000,0.000,20.000,20.000,0.000,80.0,100.0
1298,2026-2027,0.000,0.000,9.347,65.424,0.000,65.424,65.424,0.000,12.5,100.0
1299,2026-2027,0.000,0.000,11.418,238.582,0.000,25.000,25.000,0.000,4.6,14.6
1300,2026-2027,16.318,0.000,45.633,54.367,0.000,54.367,54.367,0.000,45.6,100.0
1301,2026-2027,10.000,0.000,21.719,78.281,0.000,78.281,78.281,0.000,21.7,100.0
1302,2026-2027,10.000,0.000,10.000,70.000,49.657,20.343,70.000,0.000,12.5,100.0
1303,2026-2027,40.000,0.000,40.000,29.574,0.000,29.574,29.574,0.000,57.5,100.0
1304,2026-2027,50.000,0.000,50.000,31.310,0.000,31.310,31.310,0.000,61.5,100.0
1305,2026-2027,39.550,0.000,39.550,38.380,0.000,38.380,38.380,0.000,50.8,100.0
1306,2026-2027,40.000,0.000,40.000,35.680,0.000,35.680,35.680,0.000,52.9,100.0
1307,2026-2027,0.966,0.000,69.150,2.897,2.897,0.000,2.897,0.000,96.0,100.0
1308,2026-2027,12.500,0.000,262.500,336.740,336.740,0.000,336.740,0.000,43.8,100.0
1309,2026-2027,66.492,0.000,501.118,66.491,66.491,0.000,66.491,0.000,88.3,100.0
1310,2026-2027,24.614,0.000,124.098,73.842,10.000,0.000,10.000,0.000,62.7,67.7
1311,2026-2027,31.250,0.000,31.250,93.750,93.750,0.000,93.750,0.000,25.0,100.0
1312,2026-2027,0.000,0.000,0.000,59.693,10.000,0.000,10.000,0.000,0.0,16.8
1313,2026-2027,0.000,0.000,0.000,430.231,107.558,0.000,107.558,0.000,0.0,25.0
1314,2026-2027,251.560,0.000,251.560,249.940,125.374,0.000,125.374,0.000,50.2,75.2
1315,2026-2027,25.000,0.000,25.000,25.000,21.200,3.800,25.000,0.000,50.0,100.0
1316,2026-2027,30.000,0.000,30.000,30.000,30.000,0.000,30.000,0.000,50.0,100.0
1317,2026-2027,0.000,0.000,0.000,80.000,72.500,7.500,80.000,0.000,0.0,100.0
1318,2026-2027,0.000,0.000,0.000,100.000,100.000,0.000,100.000,0.000,0.0,100.0
1319,2026-2027,0.000,0.000,0.000,190.000,190.000,0.000,190.000,0.000,0.0,100.0
1320,2026-2027,12.000,0.000,12.000,38.000,27.518,10.482,38.000,0.000,24.0,100.0
1321,2026-2027,0.000,0.000,0.000,110.346,27.587,0.000,27.587,0.000,0.0,25.0
1322,2026-2027,15.668,0.000,15.668,109.672,27.418,0.000,27.418,0.000,12.5,34.4
1323,2026-2027,0.000,0.000,0.000,100.000,25.000,0.000,25.000,0.000,0.0,25.0
1324,2026-2027,0.000,0.000,0.000,100.000,25.000,0.000,25.000,0.000,0.0,25.0
1325,2026-2027,0.000,0.000,0.000,100.000,25.000,0.000,25.000,0.000,0.0,25.0
1326,2026-2027,8.382,0.000,8.382,62.074,62.074,0.000,62.074,0.000,11.9,100.0
1327,2026-2027,8.382,0.000,8.382,62.074,62.074,0.000,62.074,0.000,11.9,100.0
1328,2026-2027,45.824,0.000,88.524,11.456,11.456,0.000,11.456,0.000,88.5,100.0
1329,2026-2027,7.731,0.000,38.331,111.599,111.599,0.000,111.599,0.000,25.6,100.0
1330,2026-2027,17.208,0.000,48.374,51.626,10.000,0.000,10.000,0.000,48.4,58.4
1331,2026-2027,13.750,0.000,38.792,41.208,41.208,0.000,41.208,0.000,48.5,100.0
1332,2026-2027,17.708,0.000,26.758,53.242,53.242,0.000,53.242,0.000,33.4,100.0
1333,2026-2027,15.496,0.000,23.494,46.506,46.506,0.000,46.506,0.000,33.6,100.0
1334,2026-2027,1.671,0.000,1.671,18.387,18.387,0.000,18.387,0.000,8.3,100.0
1335,2026-2027,17.708,0.000,26.758,53.242,53.242,0.000,53.242,0.000,33.4,100.0
1336,2026-2027,5.026,0.000,24.763,75.387,10.000,0.000,10.000,0.000,24.7,34.7
1337,2026-2027,11.558,0.000,66.038,34.672,34.672,0.000,34.672,0.000,65.6,100.0
1338,2026-2027,17.346,0.000,48.723,52.037,26.018,0.000,26.018,0.000,48.4,74.2
1339,2026-2027,23.128,0.000,77.633,23.127,23.127,0.000,23.127,0.000,77.0,100.0
1340,2026-2027,17.285,0.000,71.570,28.750,28.750,0.000,28.750,0.000,71.3,100.0
1341,2026-2027,27.531,0.000,67.437,82.593,82.593,0.000,82.593,0.000,44.9,100.0
1342,2026-2027,11.556,0.000,66.026,34.664,34.664,0.000,34.664,0.000,65.6,100.0
1343,2026-2027,30.977,0.000,74.578,109.649,109.649,0.000,109.649,0.000,40.5,100.0
1344,2026-2027,0.000,0.000,92.647,93.466,93.466,0.000,93.466,0.000,49.8,100.0
1345,2026-2027,43.399,0.000,51.973,130.170,32.543,0.000,32.543,0.000,28.5,46.4
1346,2026-2027,12.352,0.000,47.622,86.863,21.716,0.000,21.716,0.000,35.4,51.6
1347,2026-2027,39.578,0.000,47.378,118.736,29.684,0.000,29.684,0.000,28.5,46.4
1348,2026-2027,11.470,0.000,65.595,34.405,34.405,0.000,34.405,0.000,65.6,100.0
1349,2026-2027,22.938,0.000,77.063,22.937,22.937,0.000,22.937,0.000,77.1,100.0
1350,2026-2027,28.234,0.000,52.065,84.701,10.000,0.000,10.000,0.000,38.1,45.4
1351,2026-2027,20.311,0.000,38.982,60.934,60.934,0.000,60.934,0.000,39.0,100.0
1352,2026-2027,29.197,0.000,71.520,87.590,87.590,0.000,87.590,0.000,45.0,100.0
1353,2026-2027,22.818,0.000,55.893,68.456,68.456,0.000,68.456,0.000,44.9,100.0
1354,2026-2027,27.525,0.000,67.425,82.575,82.575,0.000,82.575,0.000,45.0,100.0
1355,2026-2027,8.602,0.000,39.789,60.211,10.000,0.000,10.000,0.000,39.8,49.8
1356,2026-2027,24.558,0.000,38.558,22.583,22.583,0.000,22.583,0.000,63.1,100.0
1357,2026-2027,22.938,0.000,77.063,22.937,22.937,0.000,22.937,0.000,77.1,100.0
1358,2026-2027,22.938,0.000,77.063,22.937,22.937,0.000,22.937,0.000,77.1,100.0
1359,2026-2027,22.938,0.000,76.897,23.103,23.103,0.000,23.103,0.000,76.9,100.0
1360,2026-2027,17.205,0.000,71.330,28.670,28.670,0.000,28.670,0.000,71.3,100.0
1361,2026-2027,17.205,0.000,71.330,28.670,28.670,0.000,28.670,0.000,71.3,100.0
1362,2026-2027,22.938,0.000,77.062,22.938,22.938,0.000,22.938,0.000,77.1,100.0
1363,2026-2027,17.203,0.000,48.391,51.609,51.609,0.000,51.609,0.000,48.4,100.0
1364,2026-2027,8.945,0.000,8.945,141.055,28.211,0.000,28.211,0.000,6.0,24.8
1365,2026-2027,187.403,0.000,187.403,9.010,9.010,0.000,9.010,0.000,95.4,100.0
1366,2026-2027,10.946,0.000,41.727,77.573,19.393,0.000,19.393,0.000,35.0,51.2
1367,2026-2027,23.854,0.000,23.854,176.146,176.146,0.000,176.146,0.000,11.9,100.0
1368,2026-2027,46.512,0.000,56.295,138.893,69.446,0.000,69.446,0.000,28.8,64.4
1369,2026-2027,19.366,0.000,19.366,4.385,4.385,0.000,4.385,0.000,81.5,100.0
1370,2026-2027,6.915,0.000,6.915,15.292,15.292,0.000,15.292,0.000,31.1,100.0
1371,2026-2027,139.082,0.000,139.082,15.215,15.215,0.000,15.215,0.000,90.1,100.0
1372,2026-2027,34.771,0.000,34.771,119.526,119.526,0.000,119.526,0.000,22.5,100.0
1373,2026-2027,34.771,0.000,34.771,119.526,119.526,0.000,119.526,0.000,22.5,100.0
1374,2026-2027,139.082,0.000,139.082,15.215,15.215,0.000,15.215,0.000,90.1,100.0
1375,2026-2027,7.530,0.000,21.227,52.706,10.000,0.000,10.000,0.000,28.7,42.2
1376,2026-2027,7.500,0.000,7.500,2.500,2.500,0.000,2.500,0.000,75.0,100.0
1377,2026-2027,31.916,0.000,31.916,95.746,10.000,0.000,10.000,0.000,25.0,32.8
1378,2026-2027,18.076,0.000,18.076,54.227,10.000,0.000,10.000,0.000,25.0,38.8
1379,2026-2027,16.588,0.000,16.588,116.112,50.000,0.000,50.000,0.000,12.5,50.2
1380,2026-2027,32.680,0.000,47.446,98.042,98.042,0.000,98.042,0.000,32.6,100.0
1381,2026-2027,9.290,0.000,9.290,155.064,155.064,0.000,155.064,0.000,5.7,100.0
1382,2026-2027,6.162,0.000,19.236,92.425,10.000,0.000,10.000,0.000,17.2,26.2
1383,2026-2027,29.764,0.000,43.916,89.290,10.000,0.000,10.000,0.000,33.0,40.5
1384,2026-2027,24.975,0.000,38.130,24.975,24.975,0.000,24.975,0.000,60.4,100.0
1385,2026-2027,5.190,0.000,5.190,77.850,10.000,0.000,10.000,0.000,6.3,18.3
1386,2026-2027,10.152,0.000,10.152,152.281,10.000,0.000,10.000,0.000,6.2,12.4
1387,2026-2027,8.386,0.000,22.442,58.705,58.705,0.000,58.705,0.000,27.7,100.0
1388,2026-2027,31.216,0.000,45.028,31.215,31.215,0.000,31.215,0.000,59.1,100.0
1389,2026-2027,22.146,0.000,22.146,66.438,10.000,0.000,10.000,0.000,25.0,36.3
1390,2026-2027,38.272,0.000,54.215,114.819,114.819,0.000,114.819,0.000,32.1,100.0
1391,2026-2027,17.889,0.000,17.889,53.665,10.000,0.000,10.000,0.000,25.0,39.0
1392,2026-2027,26.068,0.000,26.068,78.202,10.000,0.000,10.000,0.000,25.0,34.6
1393,2026-2027,12.355,0.000,24.835,87.088,21.772,0.000,21.772,0.000,22.2,41.6
1394,2026-2027,11.937,0.000,61.878,51.722,51.722,0.000,51.722,0.000,54.5,100.0
1395,2026-2027,7.472,0.000,57.415,52.298,52.298,0.000,52.298,0.000,52.3,100.0
1396,2026-2027,13.374,0.000,40.374,80.140,20.035,0.000,20.035,0.000,33.5,50.1
1397,2026-2027,24.712,0.000,37.197,74.735,18.684,0.000,18.684,0.000,33.2,49.9
1398,2026-2027,12.298,0.000,24.784,86.661,21.665,0.000,21.665,0.000,22.2,41.7
1399,2026-2027,12.474,0.000,24.854,88.068,22.017,0.000,22.017,0.000,22.0,41.5
1400,2026-2027,9.748,0.000,9.748,2.618,2.618,0.000,2.618,0.000,78.8,100.0
1401,2026-2027,16.192,0.000,16.192,48.576,48.576,0.000,48.576,0.000,25.0,100.0
1402,2026-2027,0.000,0.000,0.000,1.000,1.000,0.000,1.000,0.000,0.0,100.0
1403,2026-2027,14.522,0.000,14.522,19.840,19.840,0.000,19.840,0.000,42.3,100.0
1404,2026-2027,36.377,0.000,51.921,109.130,10.000,0.000,10.000,0.000,32.2,38.4
1405,2026-2027,14.879,0.000,20.655,14.879,14.879,0.000,14.879,0.000,58.1,100.0
1406,2026-2027,4.396,0.000,4.396,65.389,21.796,0.000,21.796,0.000,6.3,37.5
1407,2026-2027,4.774,0.000,4.774,75.658,25.219,0.000,25.219,0.000,5.9,37.3
1408,2026-2027,4.535,0.000,4.535,65.988,65.988,0.000,65.988,0.000,6.4,100.0
1409,2026-2027,4.557,0.000,4.557,68.098,22.699,0.000,22.699,0.000,6.3,37.5
1410,2026-2027,75.064,0.000,90.851,75.063,75.063,0.000,75.063,0.000,54.8,100.0
1411,2026-2027,37.503,0.000,53.285,112.510,10.000,0.000,10.000,0.000,32.1,38.2
1412,2026-2027,10.943,0.000,10.943,164.145,10.000,0.000,10.000,0.000,6.3,12.0
1413,2026-2027,11.433,0.000,11.433,171.487,171.487,0.000,171.487,0.000,6.3,100.0
1414,2026-2027,11.738,0.000,11.738,176.072,176.072,0.000,176.072,0.000,6.2,100.0
1415,2026-2027,10.374,0.000,10.374,155.601,10.000,0.000,10.000,0.000,6.3,12.3
1416,2026-2027,126.970,0.000,143.171,31.020,31.020,0.000,31.020,0.000,82.2,100.0
1417,2026-2027,39.618,0.000,55.844,118.853,10.000,0.000,10.000,0.000,32.0,37.7
1418,2026-2027,37.531,0.000,53.317,112.592,112.592,0.000,112.592,0.000,32.1,100.0
1419,2026-2027,37.484,0.000,37.484,128.227,128.227,0.000,128.227,0.000,22.6,100.0
1420,2026-2027,39.500,0.000,39.500,134.700,10.000,0.000,10.000,0.000,22.7,28.4
1421,2026-2027,39.319,0.000,39.319,134.121,134.121,0.000,134.121,0.000,22.7,100.0
1422,2026-2027,31.582,0.000,46.109,94.755,23.689,0.000,23.689,0.000,32.7,49.5
1423,2026-2027,23.673,0.000,37.639,103.143,25.786,0.000,25.786,0.000,26.7,45.1
1424,2026-2027,14.897,0.000,14.897,56.247,28.123,0.000,28.123,0.000,20.9,60.5
1425,2026-2027,12.040,0.000,12.040,47.078,47.078,0.000,47.078,0.000,20.4,100.0
1426,2026-2027,14.850,0.000,14.850,56.096,28.048,0.000,28.048,0.000,20.9,60.5
1427,2026-2027,44.629,0.000,44.629,8.664,8.664,0.000,8.664,0.000,83.7,100.0
1428,2026-2027,34.217,0.000,34.217,116.800,116.800,0.000,116.800,0.000,22.7,100.0
1429,2026-2027,32.257,0.000,45.521,96.769,96.769,0.000,96.769,0.000,32.0,100.0
1430,2026-2027,33.179,0.000,46.478,99.536,99.536,0.000,99.536,0.000,31.8,100.0
1431,2026-2027,15.626,0.000,29.442,46.879,46.879,0.000,46.879,0.000,38.6,100.0
1432,2026-2027,24.879,0.000,38.178,107.811,10.000,0.000,10.000,0.000,26.2,33.0
1433,2026-2027,15.576,0.000,29.389,67.475,10.000,0.000,10.000,0.000,30.3,40.7
1434,2026-2027,26.310,0.000,41.581,114.002,114.002,0.000,114.002,0.000,26.7,100.0
1435,2026-2027,122.833,0.000,122.833,14.351,14.351,0.000,14.351,0.000,89.5,100.0
1436,2026-2027,28.268,0.000,28.268,97.860,97.860,0.000,97.860,0.000,22.4,100.0
1437,2026-2027,11.170,0.000,11.170,187.258,10.000,0.000,10.000,0.000,5.6,10.7
1438,2026-2027,13.473,0.000,13.473,231.005,10.000,0.000,10.000,0.000,5.5,9.6
1439,2026-2027,30.708,0.000,30.708,106.476,10.000,0.000,10.000,0.000,22.4,29.7
1440,2026-2027,11.240,0.000,11.240,188.593,188.593,0.000,188.593,0.000,5.6,100.0
1441,2026-2027,19.035,0.000,19.035,98.357,98.357,0.000,98.357,0.000,16.2,100.0
1442,2026-2027,25.394,0.000,25.394,92.052,92.052,0.000,92.052,0.000,21.6,100.0
1443,2026-2027,137.840,0.000,137.840,15.149,15.149,0.000,15.149,0.000,90.1,100.0
1444,2026-2027,137.840,0.000,137.840,15.149,15.149,0.000,15.149,0.000,90.1,100.0
1445,2026-2027,137.840,0.000,137.840,15.149,15.149,0.000,15.149,0.000,90.1,100.0
1446,2026-2027,34.460,0.000,34.460,118.529,118.529,0.000,118.529,0.000,22.5,100.0
1447,2026-2027,34.719,0.000,34.719,119.351,59.676,0.000,59.676,0.000,22.5,61.3
1448,2026-2027,34.719,0.000,34.719,119.351,119.351,0.000,119.351,0.000,22.5,100.0
1449,2026-2027,30.708,0.000,30.708,106.476,106.476,0.000,106.476,0.000,22.4,100.0
1450,2026-2027,150.305,0.000,150.305,15.797,15.797,0.000,15.797,0.000,90.5,100.0
1451,2026-2027,37.576,0.000,37.576,128.526,10.000,0.000,10.000,0.000,22.6,28.6
1452,2026-2027,59.571,0.000,75.368,90.734,90.734,0.000,90.734,0.000,45.4,100.0
1453,2026-2027,0.000,0.000,0.000,50.000,10.000,0.000,10.000,0.000,0.0,20.0
1454,2026-2027,25.276,0.000,25.276,91.674,10.000,0.000,10.000,0.000,21.6,30.2
1455,2026-2027,8.076,0.000,8.076,138.436,10.000,0.000,10.000,0.000,5.5,12.3
1456,2026-2027,20.808,0.000,20.808,71.540,71.540,0.000,71.540,0.000,22.5,100.0
1457,2026-2027,12.633,0.000,12.633,48.977,48.977,0.000,48.977,0.000,20.5,100.0
1458,2026-2027,20.208,0.000,26.546,20.208,20.208,0.000,20.208,0.000,56.8,100.0
1459,2026-2027,0.000,0.000,0.000,3.700,3.700,0.000,3.700,0.000,0.0,100.0
1460,2026-2027,0.000,0.000,0.000,77.280,10.000,0.000,10.000,0.000,0.0,12.9
1461,2026-2027,22.954,0.000,33.790,22.954,22.954,0.000,22.954,0.000,59.5,100.0
1462,2026-2027,19.863,0.000,19.863,99.538,99.538,0.000,99.538,0.000,16.6,100.0
1463,2026-2027,13.242,0.000,13.242,106.159,106.159,0.000,106.159,0.000,11.1,100.0
1464,2026-2027,34.351,0.000,49.469,103.053,103.053,0.000,103.053,0.000,32.4,100.0
1465,2026-2027,34.351,0.000,49.469,103.053,103.053,0.000,103.053,0.000,32.4,100.0
1466,2026-2027,0.000,0.000,0.000,115.970,10.000,0.000,10.000,0.000,0.0,8.6
1467,2026-2027,13.400,0.000,13.400,229.624,114.812,0.000,114.812,0.000,5.5,52.8
1468,2026-2027,0.000,0.000,0.000,214.704,19.323,0.000,19.323,0.000,0.0,9.0
1469,2026-2027,30.708,0.000,45.059,92.125,92.125,0.000,92.125,0.000,32.8,100.0
1470,2026-2027,0.000,0.000,0.000,99.670,10.000,0.000,10.000,0.000,0.0,10.0
1471,2026-2027,11.050,0.000,26.228,77.344,10.000,0.000,10.000,0.000,25.3,35.0
1472,2026-2027,0.000,0.000,0.000,50.000,50.000,0.000,50.000,0.000,0.0,100.0
1473,2026-2027,30.708,0.000,45.059,92.125,10.000,0.000,10.000,0.000,32.8,40.1
1474,2026-2027,9.022,0.000,64.525,63.157,15.789,0.000,15.789,0.000,50.5,62.9
1475,2026-2027,8.687,0.000,23.887,130.301,15.000,0.000,15.000,0.000,15.5,25.2
1476,2026-2027,9.809,0.000,25.932,147.156,36.789,0.000,36.789,0.000,15.0,36.2
1477,2026-2027,39.864,0.000,56.142,119.591,59.796,0.000,59.796,0.000,31.9,66.0
1478,2026-2027,23.116,0.000,35.602,69.614,69.614,0.000,69.614,0.000,33.8,100.0
1479,2026-2027,6.832,0.000,61.332,61.609,61.609,0.000,61.609,0.000,49.9,100.0
1480,2026-2027,39.872,0.000,56.151,119.617,29.904,0.000,29.904,0.000,31.9,49.0
1481,2026-2027,29.409,0.000,49.205,360.411,172.082,0.000,172.082,0.000,12.0,54.0
1482,2026-2027,24.402,0.000,39.061,513.081,228.270,0.000,228.270,0.000,7.1,48.4
1483,2026-2027,27.145,0.000,38.423,27.144,27.144,0.000,27.144,0.000,58.6,100.0
1484,2026-2027,10.680,0.000,22.098,46.279,46.279,0.000,46.279,0.000,32.3,100.0
1485,2026-2027,31.079,0.000,31.079,4.794,4.794,0.000,4.794,0.000,86.6,100.0
1486,2026-2027,9.528,0.000,9.528,61.032,10.000,0.000,10.000,0.000,13.5,27.7
1487,2026-2027,5.000,0.000,5.000,34.890,34.890,0.000,34.890,0.000,12.5,100.0
1488,2026-2027,0.000,0.000,0.000,33.430,33.430,0.000,33.430,0.000,0.0,100.0
1489,2026-2027,0.000,0.000,0.000,44.805,44.805,0.000,44.805,0.000,0.0,100.0
1490,2026-2027,10.120,0.000,10.120,89.880,10.000,0.000,10.000,0.000,10.1,20.1
1491,2026-2027,3.462,0.000,3.462,51.928,10.000,0.000,10.000,0.000,6.3,24.3
1492,2026-2027,6.466,0.000,6.466,96.994,10.000,0.000,10.000,0.000,6.2,15.9
1493,2026-2027,12.916,0.000,28.879,90.409,90.409,0.000,90.409,0.000,24.2,100.0
1494,2026-2027,9.060,0.000,23.400,63.425,10.000,0.000,10.000,0.000,27.0,38.5
1495,2026-2027,19.435,0.000,35.416,84.219,10.000,0.000,10.000,0.000,29.6,38.0
1496,2026-2027,27.727,0.000,39.886,83.180,10.000,0.000,10.000,0.000,32.4,40.5
1497,2026-2027,18.121,0.000,32.461,54.364,10.000,0.000,10.000,0.000,37.4,48.9
1498,2026-2027,11.832,0.000,21.832,177.472,60.000,0.000,60.000,0.000,11.0,41.1
1499,2026-2027,23.750,0.000,28.376,283.142,25.483,0.000,25.483,0.000,9.1,17.3
1500,2026-2027,0.000,0.000,0.000,50.000,5.000,0.000,5.000,0.000,0.0,10.0
1501,2026-2027,0.000,0.000,0.000,50.000,5.000,0.000,5.000,0.000,0.0,10.0
1502,2026-2027,0.000,0.000,0.000,99.900,10.000,0.000,10.000,0.000,0.0,10.0
1503,2026-2027,0.000,0.000,0.000,99.900,10.000,0.000,10.000,0.000,0.0,10.0
1504,2026-2027,0.000,0.000,0.000,200.000,10.000,0.000,10.000,0.000,0.0,5.0
1505,2026-2027,0.000,0.000,0.000,24.000,24.000,0.000,24.000,0.000,0.0,100.0
1506,2026-2027,54.075,0.000,64.564,162.652,10.000,0.000,10.000,0.000,28.4,32.8
1507,2026-2027,49.450,0.000,149.442,49.458,10.548,0.000,10.548,0.000,75.1,80.4
1508,2026-2027,49.953,0.000,99.900,0.005,0.001,0.000,0.001,0.000,100.0,100.0
1509,2026-2027,12.500,0.000,96.350,3.650,3.650,0.000,3.650,0.000,96.4,100.0
1510,2026-2027,30.000,0.000,98.050,1.950,1.950,0.000,1.950,0.000,98.1,100.0
1511,2026-2027,17.466,0.000,104.966,331.861,331.861,0.000,331.861,0.000,24.0,100.0
1512,2026-2027,49.702,0.000,198.698,0.002,0.001,0.000,0.001,0.000,100.0,100.0
1513,2026-2027,0.000,0.000,0.000,384.107,10.000,0.000,10.000,0.000,0.0,2.6
1514,2026-2027,85.878,0.000,166.478,85.882,85.882,0.000,85.882,0.000,66.0,100.0
1515,2026-2027,35.268,0.000,35.268,51.374,10.000,0.000,10.000,0.000,40.7,52.2
1516,2026-2027,0.000,0.000,0.000,163.480,10.000,0.000,10.000,0.000,0.0,6.1
1517,2026-2027,6.250,0.000,6.250,93.750,10.000,0.000,10.000,0.000,6.3,16.3
1518,2026-2027,25.000,0.000,75.000,25.000,25.000,0.000,25.000,0.000,75.0,100.0
1519,2026-2027,12.475,0.000,12.475,87.325,10.000,0.000,10.000,0.000,12.5,22.5
1520,2026-2027,84.911,0.000,101.597,85.057,50.000,0.000,50.000,0.000,54.4,81.2
1521,2026-2027,49.873,0.000,112.290,49.889,49.889,0.000,49.889,0.000,69.2,100.0
1522,2026-2027,25.156,0.000,154.531,75.469,75.469,0.000,75.469,0.000,67.2,100.0
1523,2026-2027,56.633,0.000,97.575,56.634,56.634,0.000,56.634,0.000,63.3,100.0
1524,2026-2027,134.831,0.000,187.225,134.830,134.830,0.000,134.830,0.000,58.1,100.0
1525,2026-2027,30.150,0.000,68.062,50.253,50.253,0.000,50.253,0.000,57.5,100.0
1526,2026-2027,8.466,0.000,46.240,59.260,59.260,0.000,59.260,0.000,43.8,100.0
1527,2026-2027,29.205,0.000,51.149,30.801,30.801,0.000,30.801,0.000,62.4,100.0
1528,2026-2027,123.047,0.000,228.827,96.348,96.348,0.000,96.348,0.000,70.4,100.0
1529,2026-2027,0.000,0.000,0.000,51.688,10.000,0.000,10.000,0.000,0.0,19.3
1530,2026-2027,12.500,0.000,37.500,12.500,12.500,0.000,12.500,0.000,75.0,100.0
1531,2026-2027,8.934,0.000,8.934,71.127,10.000,0.000,10.000,0.000,11.2,23.6
1532,2026-2027,10.000,0.000,10.000,70.000,15.000,0.000,15.000,0.000,12.5,31.3
1533,2026-2027,20.000,0.000,60.000,20.000,20.000,0.000,20.000,0.000,75.0,100.0
1534,2026-2027,24.999,0.000,70.838,29.159,29.159,0.000,29.159,0.000,70.8,100.0
1535,2026-2027,17.968,0.000,35.651,64.340,10.000,0.000,10.000,0.000,35.7,45.7
1536,2026-2027,15.234,0.000,33.384,66.609,10.000,0.000,10.000,0.000,33.4,43.4
1537,2026-2027,0.000,0.000,10.000,10.000,0.001,0.000,0.001,0.000,50.0,50.0
1538,2026-2027,50.000,0.000,50.000,150.000,75.000,0.000,75.000,0.000,25.0,62.5
1539,2026-2027,36.850,0.000,36.850,110.550,55.275,0.000,55.275,0.000,25.0,62.5
1540,2026-2027,50.000,0.000,50.000,50.000,50.000,0.000,50.000,0.000,50.0,100.0
1541,2026-2027,25.000,0.000,25.000,25.000,25.000,0.000,25.000,0.000,50.0,100.0
1542,2026-2027,50.000,0.000,50.000,50.000,50.000,0.000,50.000,0.000,50.0,100.0
1543,2026-2027,37.500,0.000,37.500,37.500,37.500,0.000,37.500,0.000,50.0,100.0
1544,2026-2027,45.000,0.000,45.000,45.000,45.000,0.000,45.000,0.000,50.0,100.0
1545,2026-2027,50.000,0.000,50.000,50.000,50.000,0.000,50.000,0.000,50.0,100.0
1546,2026-2027,65.000,0.000,65.000,65.000,65.000,0.000,65.000,0.000,50.0,100.0
1547,2026-2027,0.000,0.000,0.000,100.000,100.000,0.000,100.000,0.000,0.0,100.0
1548,2026-2027,25.000,0.000,25.000,75.000,75.000,0.000,75.000,0.000,25.0,100.0
1549,2026-2027,12.500,0.000,12.500,37.500,37.500,0.000,37.500,0.000,25.0,100.0
1550,2026-2027,12.500,0.000,12.500,37.500,37.500,0.000,37.500,0.000,25.0,100.0
1551,2026-2027,0.000,0.000,0.000,50.000,50.000,0.000,50.000,0.000,0.0,100.0
1552,2026-2027,0.000,0.000,0.000,50.000,50.000,0.000,50.000,0.000,0.0,100.0
1553,2026-2027,0.000,0.000,0.000,50.000,50.000,0.000,50.000,0.000,0.0,100.0
1554,2026-2027,15.000,0.000,15.000,45.000,45.000,0.000,45.000,0.000,25.0,100.0
1555,2026-2027,50.000,0.000,50.000,50.000,50.000,0.000,50.000,0.000,50.0,100.0
1556,2026-2027,25.000,0.000,25.000,25.000,25.000,0.000,25.000,0.000,50.0,100.0
1557,2026-2027,33.250,0.000,33.250,33.250,33.250,0.000,33.250,0.000,50.0,100.0
1558,2026-2027,0.000,0.000,0.000,100.000,100.000,0.000,100.000,0.000,0.0,100.0
1559,2026-2027,12.500,0.000,12.500,37.500,37.500,0.000,37.500,0.000,25.0,100.0
1560,2026-2027,25.000,0.000,25.000,25.000,25.000,0.000,25.000,0.000,50.0,100.0
1561,2026-2027,32.500,0.000,32.500,97.500,97.500,0.000,97.500,0.000,25.0,100.0
1562,2026-2027,30.000,0.000,30.000,90.000,90.000,0.000,90.000,0.000,25.0,100.0
1563,2026-2027,12.500,0.000,12.500,37.500,37.500,0.000,37.500,0.000,25.0,100.0
1564,2026-2027,0.000,0.000,0.000,150.000,150.000,0.000,150.000,0.000,0.0,100.0
1565,2026-2027,19.569,0.000,19.569,136.984,34.246,0.000,34.246,0.000,12.5,34.4
1566,2026-2027,20.000,0.000,20.000,60.000,60.000,0.000,60.000,0.000,25.0,100.0
1567,2026-2027,0.000,0.000,0.000,80.000,80.000,0.000,80.000,0.000,0.0,100.0
1568,2026-2027,0.000,0.000,0.000,130.000,130.000,0.000,130.000,0.000,0.0,100.0
1569,2026-2027,0.000,0.000,0.000,100.000,100.000,0.000,100.000,0.000,0.0,100.0
1570,2026-2027,12.500,0.000,12.500,37.500,37.500,0.000,37.500,0.000,25.0,100.0
1571,2026-2027,12.500,0.000,12.500,37.500,37.500,0.000,37.500,0.000,25.0,100.0
1572,2026-2027,0.000,0.000,0.000,499.966,499.966,0.000,499.966,0.000,0.0,100.0
1573,2026-2027,0.000,0.000,0.000,473.673,118.418,0.000,118.418,0.000,0.0,25.0
1574,2026-2027,35.000,0.000,35.000,35.000,35.000,0.000,35.000,0.000,50.0,100.0
1575,2026-2027,25.000,0.000,25.000,25.000,25.000,0.000,25.000,0.000,50.0,100.0
1576,2026-2027,0.000,0.000,0.000,19.260,19.260,0.000,19.260,0.000,0.0,100.0
1577,2026-2027,0.000,0.000,0.000,228.500,57.125,0.000,57.125,0.000,0.0,25.0
1578,2026-2027,0.000,0.000,0.000,252.206,63.051,0.000,63.051,0.000,0.0,25.0
1579,2026-2027,13.535,0.000,13.535,94.745,23.686,0.000,23.686,0.000,12.5,34.4
1580,2026-2027,0.000,0.000,0.000,50.000,50.000,0.000,50.000,0.000,0.0,100.0
1581,2026-2027,0.000,0.000,0.000,50.000,10.000,0.000,10.000,0.000,0.0,20.0
1582,2026-2027,0.000,0.000,0.000,700.000,600.000,0.000,600.000,0.000,0.0,85.7
1583,2026-2027,0.000,0.000,0.000,100.000,10.000,0.000,10.000,0.000,0.0,10.0
1584,2026-2027,0.000,0.000,0.000,75.000,10.000,0.000,10.000,0.000,0.0,13.3
1585,2026-2027,0.000,0.000,0.000,400.000,200.000,0.000,200.000,0.000,0.0,50.0
1586,2026-2027,0.000,0.000,0.000,350.000,175.000,0.000,175.000,0.000,0.0,50.0
1587,2026-2027,0.000,0.000,0.000,994.260,248.565,0.000,248.565,0.000,0.0,25.0
1588,2026-2027,0.000,0.000,0.000,137.870,34.467,0.000,34.467,0.000,0.0,25.0
1589,2026-2027,0.000,0.000,0.000,100.000,25.000,0.000,25.000,0.000,0.0,25.0
1590,2026-2027,0.000,0.000,0.000,100.000,25.000,0.000,25.000,0.000,0.0,25.0
1591,2026-2027,0.000,0.000,0.000,175.000,175.000,0.000,175.000,0.000,0.0,100.0
1592,2026-2027,0.000,0.000,0.000,175.000,175.000,0.000,175.000,0.000,0.0,100.0
1593,2026-2027,0.000,0.000,2449.894,56.386,0.000,10.000,10.000,0.000,97.8,98.1
1594,2026-2027,0.000,0.000,497.834,397.834,0.000,10.000,10.000,0.000,55.6,56.7
1595,2026-2027,0.000,0.000,0.000,7690.720,3845.360,0.000,3845.360,0.000,0.0,50.0
1596,2026-2027,0.000,0.000,89.681,11.265,0.000,0.001,0.001,0.000,88.8,88.8
1597,2026-2027,0.000,0.000,261.993,50.208,0.000,0.001,0.001,0.000,83.9,83.9
1598,2026-2027,0.000,0.000,18.000,6.000,0.000,6.000,6.000,0.000,75.0,100.0
1599,2026-2027,0.000,0.000,140.690,18.439,0.000,18.439,18.439,0.000,88.4,100.0
1600,2026-2027,202.923,0.000,399.007,1255.106,0.000,10.000,10.000,0.000,24.1,24.7
1601,2026-2027,0.000,0.000,102.390,18.881,0.000,18.881,18.881,0.000,84.4,100.0
1602,2026-2027,0.000,0.000,52.775,7.225,0.000,7.225,7.225,0.000,88.0,100.0
1603,2026-2027,0.000,0.000,52.760,7.240,0.000,7.240,7.240,0.000,87.9,100.0
1604,2026-2027,0.000,0.000,52.744,7.256,0.000,7.256,7.256,0.000,87.9,100.0
1605,2026-2027,0.000,0.000,53.637,6.363,0.000,6.363,6.363,0.000,89.4,100.0
1606,2026-2027,0.000,0.000,49.826,5.876,0.000,5.876,5.876,0.000,89.5,100.0
1607,2026-2027,0.000,0.000,38.667,4.655,0.000,4.655,4.655,0.000,89.3,100.0
1608,2026-2027,25.000,0.000,25.000,25.000,25.000,0.000,25.000,0.000,50.0,100.0
1609,2026-2027,12.500,0.000,12.500,37.500,8.053,29.447,37.500,0.000,25.0,100.0
1610,2026-2027,25.000,0.000,25.000,75.000,75.000,0.000,75.000,0.000,25.0,100.0
1611,2026-2027,0.000,0.000,0.000,50.000,50.000,0.000,50.000,0.000,0.0,100.0
1612,2026-2027,0.000,0.000,0.000,63.407,44.679,18.728,63.407,0.000,0.0,100.0
1613,2026-2027,98.110,0.000,8078.269,1342.611,250.000,0.000,250.000,0.000,85.7,88.4
1614,2026-2027,897.864,0.000,1469.494,3890.848,400.000,0.000,400.000,0.000,27.4,34.9
1615,2026-2027,200.000,0.000,200.000,1733.658,0.000,600.000,600.000,0.000,10.3,41.4
1616,2026-2027,21.357,0.000,21.357,178.460,44.615,0.000,44.615,0.000,10.7,33.0
1617,2026-2027,14.055,0.000,14.055,123.954,123.954,0.000,123.954,0.000,10.2,100.0
1618,2026-2027,18.420,0.000,18.420,160.484,40.121,0.000,40.121,0.000,10.3,32.7
1619,2026-2027,7.710,0.000,7.710,41.562,41.562,0.000,41.562,0.000,15.6,100.0
1620,2026-2027,79.436,0.000,96.159,238.308,150.000,0.000,150.000,0.000,28.7,73.6
1621,2026-2027,48.552,0.000,62.190,210.567,150.000,0.000,150.000,0.000,22.8,77.8
1622,2026-2027,31.791,0.000,44.291,97.462,48.731,0.000,48.731,0.000,31.2,65.6
1623,2026-2027,36.760,0.000,44.461,110.317,110.317,0.000,110.317,0.000,28.7,100.0
1624,2026-2027,0.000,0.000,0.000,98.000,0.000,10.000,10.000,0.000,0.0,10.2
1625,2026-2027,1.523,0.000,180.670,170.555,116.075,54.480,170.555,0.000,51.4,100.0
1626,2026-2027,201.265,0.000,518.857,444.459,0.000,150.000,150.000,0.000,53.9,69.4
1627,2026-2027,0.000,0.000,9.790,25.310,0.001,0.000,0.001,0.000,27.9,27.9
1628,2026-2027,0.000,0.000,431.777,0.000,0.000,0.000,0.000,0.000,100.0,100.0
1629,2026-2027,0.250,0.000,160.858,285.012,0.001,0.000,0.001,0.000,36.1,36.1
1630,2026-2027,0.000,0.000,2.000,67.378,0.001,0.000,0.001,0.000,2.9,2.9
1631,2026-2027,0.000,0.000,2.000,83.288,0.001,0.000,0.001,0.000,2.3,2.3
1632,2026-2027,0.000,0.000,24.434,73.302,0.001,0.000,0.001,0.000,25.0,25.0
1633,2026-2027,0.000,0.000,2.000,73.806,0.001,0.000,0.001,0.000,2.6,2.6
1634,2026-2027,0.000,0.000,2.000,72.518,0.001,0.000,0.001,0.000,2.7,2.7
1635,2026-2027,0.000,0.000,2.000,89.918,0.001,0.000,0.001,0.000,2.2,2.2
1636,2026-2027,0.000,0.000,2.000,87.243,0.001,0.000,0.001,0.000,2.2,2.2
1637,2026-2027,0.000,0.000,2.000,67.618,0.001,0.000,0.001,0.000,2.9,2.9
1638,2026-2027,0.000,0.000,2.000,77.020,0.001,0.000,0.001,0.000,2.5,2.5
1639,2026-2027,13.018,0.000,74.138,13.079,0.000,13.079,13.079,0.000,85.0,100.0
1640,2026-2027,0.000,0.000,49.647,13.853,13.853,0.000,13.853,0.000,78.2,100.0
1641,2026-2027,452.232,0.000,626.124,0.000,0.000,0.000,0.000,0.000,100.0,100.0
1642,2026-2027,0.000,0.000,29.882,47.975,0.001,0.000,0.001,0.000,38.4,38.4
1643,2026-2027,900.000,0.000,3033.383,2836.678,709.169,0.000,709.169,0.000,51.7,63.8
1644,2026-2027,50.001,0.000,1944.550,50.164,50.164,0.000,50.164,0.000,97.5,100.0
1645,2026-2027,176.097,0.000,375.867,0.013,0.013,0.000,0.013,0.000,100.0,100.0
1646,2026-2027,0.000,0.000,556.064,183.936,36.787,0.000,36.787,0.000,75.1,80.1
1647,2026-2027,0.000,0.000,499.994,299.666,299.666,0.000,299.666,0.000,62.5,100.0
1648,2026-2027,187.754,0.000,499.920,0.024,0.024,0.000,0.024,0.000,100.0,100.0
1649,2026-2027,0.000,0.000,433.511,996.489,50.000,0.000,50.000,0.000,30.3,33.8
1650,2026-2027,62.796,0.000,78.795,41.175,41.175,0.000,41.175,0.000,65.7,100.0
1651,2026-2027,57.524,0.000,72.299,37.604,37.604,0.000,37.604,0.000,65.8,100.0
1652,2026-2027,0.000,0.000,55.959,24.041,24.041,0.000,24.041,0.000,69.9,100.0
1653,2026-2027,0.000,0.000,126.797,25.000,0.001,0.000,0.001,0.000,83.5,83.5
1654,2026-2027,845.554,0.000,1540.697,1013.734,1013.734,0.000,1013.734,0.000,60.3,100.0
1655,2026-2027,47.319,0.000,94.573,142.015,50.000,0.000,50.000,0.000,40.0,61.1
1656,2026-2027,26.138,0.000,221.588,258.492,258.492,0.000,258.492,0.000,46.2,100.0
1657,2026-2027,300.000,0.000,375.364,168.963,84.481,0.000,84.481,0.000,69.0,84.5
1658,2026-2027,105.639,0.000,233.429,105.639,26.410,0.000,26.410,0.000,68.8,76.6
1659,2026-2027,43.066,0.000,130.408,129.342,32.336,0.000,32.336,0.000,50.2,62.7
1660,2026-2027,33.924,0.000,56.109,33.984,33.984,0.000,33.984,0.000,62.3,100.0
1661,2026-2027,20.148,0.000,102.062,141.038,30.000,0.000,30.000,0.000,42.0,54.3
1662,2026-2027,50.213,0.000,108.867,54.153,54.153,0.000,54.153,0.000,66.8,100.0
1663,2026-2027,53.005,0.000,116.946,53.104,53.104,0.000,53.104,0.000,68.8,100.0
1664,2026-2027,3.901,0.000,96.866,3.054,3.054,0.000,3.054,0.000,96.9,100.0
1665,2026-2027,4.344,0.000,102.428,4.572,4.572,0.000,4.572,0.000,95.7,100.0
1666,2026-2027,69.130,0.000,115.528,69.132,34.566,0.000,34.566,0.000,62.6,81.3
1667,2026-2027,236.694,0.000,285.287,236.693,50.000,0.000,50.000,0.000,54.7,64.2
1668,2026-2027,158.357,0.000,187.509,158.357,30.000,0.000,30.000,0.000,54.2,62.9
1669,2026-2027,24.999,0.000,74.998,24.999,24.999,0.000,24.999,0.000,75.0,100.0
1670,2026-2027,24.999,0.000,74.989,25.008,25.008,0.000,25.008,0.000,75.0,100.0
1671,2026-2027,24.970,0.000,74.911,24.970,24.970,0.000,24.970,0.000,75.0,100.0
1672,2026-2027,31.250,0.000,81.250,18.750,18.750,0.000,18.750,0.000,81.3,100.0
1673,2026-2027,25.000,0.000,75.000,24.999,24.999,0.000,24.999,0.000,75.0,100.0
1674,2026-2027,31.250,0.000,68.615,31.385,31.385,0.000,31.385,0.000,68.6,100.0
1675,2026-2027,24.990,0.000,74.971,24.990,24.990,0.000,24.990,0.000,75.0,100.0
1676,2026-2027,25.000,0.000,75.000,25.000,25.000,0.000,25.000,0.000,75.0,100.0
1677,2026-2027,25.000,0.000,75.000,25.000,25.000,0.000,25.000,0.000,75.0,100.0
1678,2026-2027,24.999,0.000,74.998,24.999,24.999,0.000,24.999,0.000,75.0,100.0
1679,2026-2027,24.999,0.000,74.995,24.998,24.998,0.000,24.998,0.000,75.0,100.0
1680,2026-2027,100.239,0.000,190.137,100.331,25.000,0.000,25.000,0.000,65.5,74.1
1681,2026-2027,36.395,0.000,80.422,45.154,45.154,0.000,45.154,0.000,64.0,100.0
1682,2026-2027,41.163,0.000,104.229,68.605,68.605,0.000,68.605,0.000,60.3,100.0
1683,2026-2027,25.000,0.000,74.999,25.001,25.001,0.000,25.001,0.000,75.0,100.0
1684,2026-2027,18.750,0.000,63.750,56.250,56.250,0.000,56.250,0.000,53.1,100.0
1685,2026-2027,27.500,0.000,82.498,27.502,27.502,0.000,27.502,0.000,75.0,100.0
1686,2026-2027,10.938,0.000,17.188,32.812,32.812,0.000,32.812,0.000,34.4,100.0
1687,2026-2027,72.680,0.000,72.680,85.120,20.000,0.000,20.000,0.000,46.1,58.7
1688,2026-2027,17.500,0.000,52.500,17.500,17.500,0.000,17.500,0.000,75.0,100.0
1689,2026-2027,25.000,0.000,75.000,25.000,25.000,0.000,25.000,0.000,75.0,100.0
1690,2026-2027,20.000,0.000,60.000,20.000,20.000,0.000,20.000,0.000,75.0,100.0
1691,2026-2027,12.500,0.000,62.500,37.500,37.500,0.000,37.500,0.000,62.5,100.0
1692,2026-2027,37.500,0.000,112.500,37.500,37.500,0.000,37.500,0.000,75.0,100.0
1693,2026-2027,25.000,0.000,75.000,25.000,25.000,0.000,25.000,0.000,75.0,100.0
1694,2026-2027,30.000,0.000,90.000,30.000,30.000,0.000,30.000,0.000,75.0,100.0
1695,2026-2027,25.000,0.000,75.000,25.000,25.000,0.000,25.000,0.000,75.0,100.0
1696,2026-2027,16.250,0.000,81.250,48.750,48.750,0.000,48.750,0.000,62.5,100.0
1697,2026-2027,12.500,0.000,37.499,12.501,12.501,0.000,12.501,0.000,75.0,100.0
1698,2026-2027,37.500,0.000,112.499,37.501,37.501,0.000,37.501,0.000,75.0,100.0
1699,2026-2027,25.000,0.000,74.465,25.535,25.535,0.000,25.535,0.000,74.5,100.0
1700,2026-2027,25.000,0.000,74.990,25.010,25.010,0.000,25.010,0.000,75.0,100.0
1701,2026-2027,25.000,0.000,74.956,25.044,25.044,0.000,25.044,0.000,75.0,100.0
1702,2026-2027,25.000,0.000,74.995,25.005,25.005,0.000,25.005,0.000,75.0,100.0
1703,2026-2027,25.000,0.000,74.983,25.017,25.017,0.000,25.017,0.000,75.0,100.0
1704,2026-2027,25.000,0.000,74.984,25.016,25.016,0.000,25.016,0.000,75.0,100.0
1705,2026-2027,25.000,0.000,74.976,25.024,25.024,0.000,25.024,0.000,75.0,100.0
1706,2026-2027,25.000,0.000,74.982,25.018,25.018,0.000,25.018,0.000,75.0,100.0
1707,2026-2027,25.001,0.000,74.976,25.024,25.024,0.000,25.024,0.000,75.0,100.0
1708,2026-2027,25.000,0.000,74.993,25.007,25.007,0.000,25.007,0.000,75.0,100.0
1709,2026-2027,20.696,0.000,37.880,62.087,31.044,0.000,31.044,0.000,37.9,68.9
1710,2026-2027,47.450,0.000,142.350,47.449,47.449,0.000,47.449,0.000,75.0,100.0
1711,2026-2027,10.290,0.000,37.729,17.148,17.148,0.000,17.148,0.000,68.8,100.0
1712,2026-2027,37.225,0.000,111.578,37.321,37.321,0.000,37.321,0.000,74.9,100.0
1713,2026-2027,7.790,0.000,26.484,23.368,23.368,0.000,23.368,0.000,53.1,100.0
1714,2026-2027,65.187,0.000,134.357,65.347,21.783,0.000,21.783,0.000,67.3,78.2
1715,2026-2027,24.897,0.000,74.691,24.896,24.896,0.000,24.896,0.000,75.0,100.0
1716,2026-2027,24.877,0.000,74.630,24.878,24.878,0.000,24.878,0.000,75.0,100.0
1717,2026-2027,24.994,0.000,74.967,25.008,25.008,0.000,25.008,0.000,75.0,100.0
1718,2026-2027,24.988,0.000,74.935,25.040,25.040,0.000,25.040,0.000,75.0,100.0
1719,2026-2027,75.949,0.000,143.570,75.949,25.316,0.000,25.316,0.000,65.4,76.9
1720,2026-2027,62.727,0.000,123.767,62.728,62.728,0.000,62.728,0.000,66.4,100.0
1721,2026-2027,47.229,0.000,56.025,47.228,47.228,0.000,47.228,0.000,54.3,100.0
1722,2026-2027,182.384,0.000,217.337,182.383,45.596,0.000,45.596,0.000,54.4,65.8
1723,2026-2027,34.317,0.000,60.604,240.216,60.064,0.000,60.064,0.000,20.1,40.1
1724,2026-2027,51.658,0.000,126.581,154.975,38.744,0.000,38.744,0.000,45.0,58.7
1725,2026-2027,67.577,0.000,92.400,67.659,67.659,0.000,67.659,0.000,57.7,100.0
1726,2026-2027,54.332,0.000,111.072,54.445,54.445,0.000,54.445,0.000,67.1,100.0
1727,2026-2027,53.128,0.000,109.294,53.213,53.213,0.000,53.213,0.000,67.3,100.0
1728,2026-2027,52.562,0.000,108.270,52.822,52.822,0.000,52.822,0.000,67.2,100.0
1729,2026-2027,52.177,0.000,107.577,52.551,52.551,0.000,52.551,0.000,67.2,100.0
1730,2026-2027,39.800,0.000,66.022,39.799,39.799,0.000,39.799,0.000,62.4,100.0
1731,2026-2027,24.336,0.000,30.894,73.011,24.337,0.000,24.337,0.000,29.7,53.2
1732,2026-2027,43.124,0.000,73.734,54.844,54.844,0.000,54.844,0.000,57.3,100.0
1733,2026-2027,64.851,0.000,126.901,64.850,21.617,0.000,21.617,0.000,66.2,77.5
1734,2026-2027,138.967,0.000,169.339,139.011,34.753,0.000,34.753,0.000,54.9,66.2
1735,2026-2027,94.007,0.000,115.740,94.010,23.503,0.000,23.503,0.000,55.2,66.4
1736,2026-2027,25.000,0.000,75.000,25.000,25.000,0.000,25.000,0.000,75.0,100.0
1737,2026-2027,27.500,0.000,82.500,27.500,27.500,0.000,27.500,0.000,75.0,100.0
1738,2026-2027,30.000,0.000,89.999,30.001,30.001,0.000,30.001,0.000,75.0,100.0
1739,2026-2027,25.000,0.000,74.999,25.001,25.001,0.000,25.001,0.000,75.0,100.0
1740,2026-2027,83.481,0.000,181.468,83.484,27.828,0.000,27.828,0.000,68.5,79.0
1741,2026-2027,63.252,0.000,98.982,63.247,63.247,0.000,63.247,0.000,61.0,100.0
1742,2026-2027,40.098,0.000,97.645,40.099,40.099,0.000,40.099,0.000,70.9,100.0
1743,2026-2027,57.712,0.000,57.712,71.681,23.894,0.000,23.894,0.000,44.6,63.1
1744,2026-2027,40.907,0.000,40.907,50.739,50.739,0.000,50.739,0.000,44.6,100.0
1745,2026-2027,29.178,0.000,29.178,36.195,36.195,0.000,36.195,0.000,44.6,100.0
1746,2026-2027,22.359,0.000,89.634,96.880,96.880,0.000,96.880,0.000,48.1,100.0
1747,2026-2027,600.000,0.000,979.140,1116.408,1116.408,0.000,1116.408,0.000,46.7,100.0
1748,2026-2027,225.000,0.000,494.044,1982.190,1982.190,0.000,1982.190,0.000,20.0,100.0
1749,2026-2027,202.909,0.000,300.827,179.766,179.766,0.000,179.766,0.000,62.6,100.0
1750,2026-2027,150.000,0.000,211.469,82.276,82.276,0.000,82.276,0.000,72.0,100.0
1751,2026-2027,519.307,0.000,519.307,519.301,519.301,0.000,519.301,0.000,50.0,100.0
1752,2026-2027,33.250,0.000,33.250,96.969,96.969,0.000,96.969,0.000,25.5,100.0
1753,2026-2027,250.000,0.000,250.000,1737.470,1737.470,0.000,1737.470,0.000,12.6,100.0
1754,2026-2027,325.168,0.000,325.168,324.510,324.510,0.000,324.510,0.000,50.1,100.0
1755,2026-2027,725.000,0.000,725.000,703.821,703.821,0.000,703.821,0.000,50.7,100.0
1756,2026-2027,700.000,0.000,700.000,650.994,650.994,0.000,650.994,0.000,51.8,100.0
1757,2026-2027,1457.082,0.000,1457.082,105.089,105.089,0.000,105.089,0.000,93.3,100.0
1758,2026-2027,249.652,0.000,249.652,249.653,124.827,0.000,124.827,0.000,50.0,75.0
1759,2026-2027,499.980,0.000,499.980,499.980,249.990,0.000,249.990,0.000,50.0,75.0
1760,2026-2027,1000.000,0.000,1000.000,3169.506,1584.753,0.000,1584.753,0.000,24.0,62.0
1761,2026-2027,539.295,0.000,539.295,2336.955,1168.477,0.000,1168.477,0.000,18.7,59.4
1762,2026-2027,0.000,0.000,0.000,52.743,52.743,0.000,52.743,0.000,0.0,100.0
1763,2026-2027,0.000,0.000,0.000,499.680,124.920,0.000,124.920,0.000,0.0,25.0
1764,2026-2027,2765.000,0.000,2765.000,2765.000,1382.500,0.000,1382.500,0.000,50.0,75.0
1765,2026-2027,0.000,0.000,0.000,2918.163,729.541,0.000,729.541,0.000,0.0,25.0
1766,2026-2027,0.000,0.000,0.000,3181.151,795.288,0.000,795.288,0.000,0.0,25.0
1767,2026-2027,0.000,0.000,0.000,2324.576,581.144,0.000,581.144,0.000,0.0,25.0
1768,2026-2027,0.000,0.000,0.000,1277.603,319.401,0.000,319.401,0.000,0.0,25.0
1769,2026-2027,0.000,0.000,0.000,2340.408,585.102,0.000,585.102,0.000,0.0,25.0
1770,2026-2027,0.000,0.000,0.000,957.827,239.457,0.000,239.457,0.000,0.0,25.0
1771,2026-2027,0.000,0.000,0.000,2186.323,546.581,0.000,546.581,0.000,0.0,25.0
1772,2026-2027,0.000,0.000,0.000,535.842,133.961,0.000,133.961,0.000,0.0,25.0
1773,2026-2027,0.000,0.000,0.000,821.610,205.403,0.000,205.403,0.000,0.0,25.0
1774,2026-2027,0.000,0.000,0.000,550.061,137.515,0.000,137.515,0.000,0.0,25.0
1775,2026-2027,12.431,0.000,12.431,87.019,21.754,0.000,21.754,0.000,12.5,34.4
1776,2026-2027,21.765,0.000,21.765,152.355,38.088,0.000,38.088,0.000,12.5,34.4
1777,2026-2027,137.328,0.000,137.328,961.292,240.323,0.000,240.323,0.000,12.5,34.4
1778,2026-2027,0.000,0.000,0.000,500.000,50.000,0.000,50.000,0.000,0.0,10.0
1779,2026-2027,0.000,0.000,0.000,1650.000,825.000,0.000,825.000,0.000,0.0,50.0
1780,2026-2027,0.000,0.000,0.000,618.397,154.599,0.000,154.599,0.000,0.0,25.0
1781,2026-2027,0.000,0.000,0.000,400.000,100.000,0.000,100.000,0.000,0.0,25.0
1782,2026-2027,0.000,0.000,0.000,70.000,0.100,0.000,0.100,0.000,0.0,0.1
1783,2026-2027,0.000,0.000,0.000,50.000,0.001,0.000,0.001,0.000,0.0,0.0
1784,2026-2027,0.000,0.000,0.000,100.000,25.000,0.000,25.000,0.000,0.0,25.0
1785,2026-2027,0.000,0.000,0.000,200.000,50.000,0.000,50.000,0.000,0.0,25.0
1786,2026-2027,0.000,0.000,358.664,1302.132,10.000,0.000,10.000,0.000,21.6,22.2
1787,2026-2027,0.000,0.000,29.162,1158.085,10.000,0.000,10.000,0.000,2.5,3.3
1788,2026-2027,0.000,0.000,0.000,461.909,10.000,0.000,10.000,0.000,0.0,2.2
1789,2026-2027,0.000,0.000,318.209,418.381,0.000,418.381,418.381,0.000,43.2,100.0
1790,2026-2027,125.000,10000.000,185.568,1208.002,0.000,1083.210,1083.210,9000.000,13.3,91.0
1791,2026-2027,7.500,0.000,1223.262,7923.178,15.000,0.000,15.000,0.000,13.4,13.5
1792,2026-2027,4104.880,0.000,13134.683,-359.183,0.001,0.000,0.001,0.000,102.8,102.8
1793,2026-2027,0.000,0.000,3750.000,1250.000,1.000,0.000,1.000,0.000,75.0,75.0
1794,2026-2027,0.000,0.000,688.751,411.249,0.001,0.000,0.001,0.000,62.6,62.6
1795,2026-2027,1500.000,0.000,4201.124,731.405,50.000,0.000,50.000,0.000,85.2,86.2
1796,2026-2027,300.013,0.000,1057.226,163.326,15.000,0.000,15.000,0.000,86.6,87.8
1797,2026-2027,2450.000,0.000,9359.457,22767.002,1000.000,0.000,1000.000,0.000,29.1,32.2
1798,2026-2027,75.867,30196.470,171.807,57188.333,0.000,1145.000,1145.000,0.000,0.3,2.3
1799,2026-2027,36.095,0.000,330.647,204.538,15.000,0.000,15.000,0.000,61.8,64.6
1800,2026-2027,3114.429,6087.300,4352.667,21118.497,0.001,0.000,0.001,0.000,17.1,17.1
1801,2026-2027,3.750,0.000,320.060,1270.109,1270.109,0.000,1270.109,0.000,20.1,100.0
1802,2026-2027,7.500,0.000,24.411,274.799,17.361,0.000,17.361,0.000,8.2,14.0
1803,2026-2027,33.171,0.000,148.720,1.258,1.258,0.000,1.258,0.000,99.2,100.0
1804,2026-2027,14.250,0.000,50.250,99.750,15.000,0.000,15.000,0.000,33.5,43.5
1805,2026-2027,0.000,0.000,674.276,163.447,13.700,0.000,13.700,0.000,80.5,82.1
1806,2026-2027,0.000,0.000,0.000,0.001,0.001,0.000,0.001,0.000,0.0,100.0
1807,2026-2027,68.671,0.000,68.671,81.010,15.000,0.000,15.000,0.000,45.9,55.9
1808,2026-2027,138.623,0.000,422.730,1.717,1.717,0.000,1.717,0.000,99.6,100.0
1809,2026-2027,68.574,0.000,81.091,18.750,18.750,0.000,18.750,0.000,81.2,100.0
1810,2026-2027,70.000,0.000,180.579,19.421,19.421,0.000,19.421,0.000,90.3,100.0
1811,2026-2027,91.999,0.000,99.999,0.001,0.001,0.000,0.001,0.000,100.0,100.0
1812,2026-2027,30.881,0.000,119.119,30.881,30.881,0.000,30.881,0.000,79.4,100.0
1813,2026-2027,0.000,0.000,0.000,189.740,0.000,15.000,15.000,0.000,0.0,7.9
1814,2026-2027,709.040,0.000,2199.459,1152.881,1152.881,0.000,1152.881,0.000,65.6,100.0
1815,2026-2027,31.843,0.000,47.090,127.397,15.000,0.000,15.000,0.000,27.0,35.6
1816,2026-2027,40.187,0.000,156.009,93.912,15.000,0.000,15.000,0.000,62.4,68.4
1817,2026-2027,40.110,0.000,155.832,93.589,46.795,0.000,46.795,0.000,62.5,81.2
1818,2026-2027,32.114,0.000,57.973,32.161,32.161,0.000,32.161,0.000,64.3,100.0
1819,2026-2027,42.059,0.000,52.774,42.058,42.058,0.000,42.058,0.000,55.6,100.0
1820,2026-2027,13.309,0.000,13.309,226.605,25.000,0.000,25.000,0.000,5.5,16.0
1821,2026-2027,45.879,0.000,132.230,137.642,25.000,0.000,25.000,0.000,49.0,58.3
1822,2026-2027,472.767,0.000,1054.326,279.374,12.441,0.000,12.441,0.000,79.1,80.0
1823,2026-2027,10.770,0.000,27.603,32.308,32.308,0.000,32.308,0.000,46.1,100.0
1824,2026-2027,37.519,0.000,112.446,37.554,37.554,0.000,37.554,0.000,75.0,100.0
1825,2026-2027,37.519,0.000,112.270,37.730,37.730,0.000,37.730,0.000,74.8,100.0
1826,2026-2027,100.000,0.000,206.925,1931.575,1931.575,0.000,1931.575,0.000,9.7,100.0
1827,2026-2027,12.505,0.000,37.409,12.591,12.591,0.000,12.591,0.000,74.8,100.0
1828,2026-2027,25.000,0.000,74.999,25.001,25.001,0.000,25.001,0.000,75.0,100.0
1829,2026-2027,18.750,0.000,69.736,30.264,30.264,0.000,30.264,0.000,69.7,100.0
1830,2026-2027,425.524,0.000,425.524,444.254,25.000,0.000,25.000,0.000,48.9,51.8
1831,2026-2027,25.000,0.000,73.322,26.678,26.678,0.000,26.678,0.000,73.3,100.0
1832,2026-2027,25.000,0.000,74.874,25.126,25.126,0.000,25.126,0.000,74.9,100.0
1833,2026-2027,12.500,0.000,36.712,13.288,13.288,0.000,13.288,0.000,73.4,100.0
1834,2026-2027,0.000,0.000,0.000,50.000,15.000,0.000,15.000,0.000,0.0,30.0
1835,2026-2027,25.000,0.000,68.122,31.876,31.876,0.000,31.876,0.000,68.1,100.0
1836,2026-2027,24.998,0.000,74.991,24.999,24.999,0.000,24.999,0.000,75.0,100.0
1837,2026-2027,37.500,0.000,62.500,37.500,37.500,0.000,37.500,0.000,62.5,100.0
1838,2026-2027,24.998,0.000,74.993,24.997,24.997,0.000,24.997,0.000,75.0,100.0
1839,2026-2027,37.500,0.000,62.500,37.500,37.500,0.000,37.500,0.000,62.5,100.0
1840,2026-2027,12.500,0.000,37.500,12.500,12.500,0.000,12.500,0.000,75.0,100.0
1841,2026-2027,37.500,0.000,112.476,37.524,37.524,0.000,37.524,0.000,75.0,100.0
1842,2026-2027,24.998,0.000,74.994,24.999,24.999,0.000,24.999,0.000,75.0,100.0
1843,2026-2027,24.989,0.000,87.461,12.495,12.495,0.000,12.495,0.000,87.5,100.0
1844,2026-2027,24.998,0.000,74.989,25.004,25.004,0.000,25.004,0.000,75.0,100.0
1845,2026-2027,7.813,0.000,57.813,42.187,42.187,0.000,42.187,0.000,57.8,100.0
1846,2026-2027,25.000,0.000,75.000,25.000,25.000,0.000,25.000,0.000,75.0,100.0
1847,2026-2027,25.000,0.000,74.998,25.002,25.002,0.000,25.002,0.000,75.0,100.0
1848,2026-2027,63.918,0.000,84.666,106.588,106.588,0.000,106.588,0.000,44.3,100.0
1849,2026-2027,34.737,0.000,89.548,34.792,34.792,0.000,34.792,0.000,72.0,100.0
1850,2026-2027,21.814,0.000,55.220,21.814,21.814,0.000,21.814,0.000,71.7,100.0
1851,2026-2027,131.402,0.000,161.308,132.745,132.745,0.000,132.745,0.000,54.9,100.0
1852,2026-2027,9.789,0.000,17.939,68.442,15.000,0.000,15.000,0.000,20.8,38.1
1853,2026-2027,37.542,0.000,93.810,37.541,37.541,0.000,37.541,0.000,71.4,100.0
1854,2026-2027,62.492,0.000,147.974,52.001,15.000,0.000,15.000,0.000,74.0,81.5
1855,2026-2027,58.209,0.000,72.207,58.231,15.000,0.000,15.000,0.000,55.4,66.9
1856,2026-2027,94.988,0.000,94.988,94.987,10.000,0.000,10.000,0.000,50.0,55.3
1857,2026-2027,21.876,0.000,78.121,21.879,21.879,0.000,21.879,0.000,78.1,100.0
1858,2026-2027,21.880,0.000,78.119,21.881,21.881,0.000,21.881,0.000,78.1,100.0
1859,2026-2027,21.875,0.000,78.122,21.878,21.878,0.000,21.878,0.000,78.1,100.0
1860,2026-2027,28.971,0.000,78.503,41.104,41.104,0.000,41.104,0.000,65.6,100.0
1861,2026-2027,24.993,0.000,74.968,41.874,41.874,0.000,41.874,0.000,64.2,100.0
1862,2026-2027,26.671,0.000,76.265,31.738,31.738,0.000,31.738,0.000,70.6,100.0
1863,2026-2027,25.000,0.000,74.998,25.002,25.002,0.000,25.002,0.000,75.0,100.0
1864,2026-2027,37.500,0.000,112.499,37.501,37.501,0.000,37.501,0.000,75.0,100.0
1865,2026-2027,25.001,0.000,74.998,39.118,39.118,0.000,39.118,0.000,65.7,100.0
1866,2026-2027,15.208,0.000,32.871,66.959,10.000,0.000,10.000,0.000,32.9,42.9
1867,2026-2027,12.500,0.000,62.486,37.514,37.514,0.000,37.514,0.000,62.5,100.0
1868,2026-2027,22.851,0.000,22.851,47.003,47.003,0.000,47.003,0.000,32.7,100.0
1869,2026-2027,92.897,0.000,138.541,92.896,35.000,0.000,35.000,0.000,59.9,75.0
1870,2026-2027,139.048,0.000,203.280,139.047,35.000,0.000,35.000,0.000,59.4,69.6
1871,2026-2027,84.294,0.000,127.814,84.505,10.000,0.000,10.000,0.000,60.2,64.9
1872,2026-2027,25.000,0.000,74.942,25.058,25.058,0.000,25.058,0.000,74.9,100.0
1873,2026-2027,25.000,0.000,74.929,25.071,25.071,0.000,25.071,0.000,74.9,100.0
1874,2026-2027,862.220,0.000,907.587,0.013,0.001,0.000,0.001,0.000,100.0,100.0
1875,2026-2027,25.000,0.000,74.940,25.060,25.060,0.000,25.060,0.000,74.9,100.0
1876,2026-2027,50.000,0.000,67.015,273.285,273.285,0.000,273.285,0.000,19.7,100.0
1877,2026-2027,25.000,0.000,74.940,25.060,25.060,0.000,25.060,0.000,74.9,100.0
1878,2026-2027,25.000,0.000,74.992,25.008,25.008,0.000,25.008,0.000,75.0,100.0
1879,2026-2027,25.000,0.000,74.940,25.060,25.060,0.000,25.060,0.000,74.9,100.0
1880,2026-2027,25.000,0.000,74.930,25.070,25.070,0.000,25.070,0.000,74.9,100.0
1881,2026-2027,129.083,0.000,184.043,130.009,10.000,0.000,10.000,0.000,58.6,61.8
1882,2026-2027,20.000,0.000,59.960,20.040,20.040,0.000,20.040,0.000,75.0,100.0
1883,2026-2027,130.773,0.000,175.273,334.527,100.000,0.000,100.000,0.000,34.4,54.0
1884,2026-2027,87.395,0.000,112.542,87.218,70.000,0.000,70.000,0.000,56.3,91.4
1885,2026-2027,24.990,0.000,74.969,24.991,24.991,0.000,24.991,0.000,75.0,100.0
1886,2026-2027,24.977,0.000,74.931,24.976,24.976,0.000,24.976,0.000,75.0,100.0
1887,2026-2027,31.975,0.000,31.975,31.974,31.974,0.000,31.974,0.000,50.0,100.0
1888,2026-2027,45.713,0.000,51.176,45.712,45.712,0.000,45.712,0.000,52.8,100.0
1889,2026-2027,69.216,0.000,80.151,115.356,10.000,0.000,10.000,0.000,41.0,46.1
1890,2026-2027,39.627,0.000,45.089,39.627,39.627,0.000,39.627,0.000,53.2,100.0
1891,2026-2027,25.000,0.000,75.000,25.000,25.000,0.000,25.000,0.000,75.0,100.0
1892,2026-2027,83.065,0.000,83.065,83.065,10.000,0.000,10.000,0.000,50.0,56.0
1893,2026-2027,50.991,0.000,69.986,84.988,10.000,0.000,10.000,0.000,45.2,51.6
1894,2026-2027,39.375,0.000,54.375,179.753,10.000,0.000,10.000,0.000,23.2,27.5
1895,2026-2027,21.532,0.000,37.782,151.437,10.000,0.000,10.000,0.000,20.0,25.3
1896,2026-2027,111.718,0.000,139.209,92.602,10.000,0.000,10.000,0.000,60.1,64.4
1897,2026-2027,48.923,0.000,64.434,46.428,46.428,0.000,46.428,0.000,58.1,100.0
1898,2026-2027,73.572,0.000,85.053,76.084,10.000,0.000,10.000,0.000,52.8,59.0
1899,2026-2027,25.000,0.000,72.438,27.562,27.562,0.000,27.562,0.000,72.4,100.0
1900,2026-2027,30.000,0.000,90.000,30.000,30.000,0.000,30.000,0.000,75.0,100.0
1901,2026-2027,17.500,0.000,52.492,17.508,17.508,0.000,17.508,0.000,75.0,100.0
1902,2026-2027,12.500,0.000,37.497,12.503,12.503,0.000,12.503,0.000,75.0,100.0
1903,2026-2027,25.000,0.000,75.000,25.000,25.000,0.000,25.000,0.000,75.0,100.0
1904,2026-2027,25.000,0.000,74.995,25.005,25.005,0.000,25.005,0.000,75.0,100.0
1905,2026-2027,47.519,0.000,90.760,47.520,47.520,0.000,47.520,0.000,65.6,100.0
1906,2026-2027,57.188,0.000,103.841,57.188,17.577,0.000,17.577,0.000,64.5,75.4
1907,2026-2027,56.663,0.000,97.616,56.663,10.000,0.000,10.000,0.000,63.3,69.8
1908,2026-2027,31.683,0.000,47.057,31.683,31.683,0.000,31.683,0.000,59.8,100.0
1909,2026-2027,25.000,0.000,77.525,22.475,22.475,0.000,22.475,0.000,77.5,100.0
1910,2026-2027,33.750,0.000,33.750,371.240,10.000,0.000,10.000,0.000,8.3,10.8
1911,2026-2027,21.884,0.000,21.884,235.806,78.602,0.000,78.602,0.000,8.5,39.0
1912,2026-2027,18.126,0.000,18.126,194.394,10.000,0.000,10.000,0.000,8.5,13.2
1913,2026-2027,39.353,0.000,140.535,39.376,39.376,0.000,39.376,0.000,78.1,100.0
1914,2026-2027,16.386,0.000,72.579,27.306,27.306,0.000,27.306,0.000,72.7,100.0
1915,2026-2027,32.744,0.000,82.610,17.159,17.159,0.000,17.159,0.000,82.8,100.0
1916,2026-2027,43.688,0.000,93.598,6.230,6.230,0.000,6.230,0.000,93.8,100.0
1917,2026-2027,43.708,0.000,93.659,6.250,6.250,0.000,6.250,0.000,93.7,100.0
1918,2026-2027,76.943,0.000,76.943,92.913,10.000,0.000,10.000,0.000,45.3,51.2
1919,2026-2027,84.225,0.000,84.225,100.970,10.000,0.000,10.000,0.000,45.5,50.9
1920,2026-2027,84.221,0.000,84.221,100.965,10.000,0.000,10.000,0.000,45.5,50.9
1921,2026-2027,84.216,0.000,84.216,100.959,50.480,0.000,50.480,0.000,45.5,72.7
1922,2026-2027,90.054,0.000,90.054,107.428,10.000,0.000,10.000,0.000,45.6,50.7
1923,2026-2027,40.747,0.000,40.747,48.982,48.982,0.000,48.982,0.000,45.4,100.0
1924,2026-2027,40.750,0.000,40.750,48.987,48.987,0.000,48.987,0.000,45.4,100.0
1925,2026-2027,34.878,0.000,34.878,244.144,244.144,0.000,244.144,0.000,12.5,100.0
1926,2026-2027,58.982,0.000,58.982,73.085,10.000,0.000,10.000,0.000,44.7,52.2
1927,2026-2027,75.775,0.000,75.775,91.646,10.000,0.000,10.000,0.000,45.3,51.2
1928,2026-2027,90.258,0.000,90.258,107.654,107.654,0.000,107.654,0.000,45.6,100.0
1929,2026-2027,87.042,0.000,87.042,104.098,10.000,0.000,10.000,0.000,45.5,50.8
1930,2026-2027,89.736,0.000,89.736,107.077,53.539,0.000,53.539,0.000,45.6,72.8
1931,2026-2027,88.732,0.000,88.732,105.966,10.000,0.000,10.000,0.000,45.6,50.7
1932,2026-2027,57.526,0.000,57.526,71.475,10.000,0.000,10.000,0.000,44.6,52.3
1933,2026-2027,45.747,0.000,45.747,56.877,10.000,0.000,10.000,0.000,44.6,54.3
1934,2026-2027,58.495,0.000,58.495,72.546,10.000,0.000,10.000,0.000,44.6,52.3
1935,2026-2027,89.349,0.000,89.349,110.596,110.596,0.000,110.596,0.000,44.7,100.0
1936,2026-2027,20.356,0.000,20.356,110.251,10.000,0.000,10.000,0.000,15.6,23.2
1937,2026-2027,48.268,0.000,48.268,265.050,265.050,0.000,265.050,0.000,15.4,100.0
1938,2026-2027,34.302,0.000,34.302,42.649,42.649,0.000,42.649,0.000,44.6,100.0
1939,2026-2027,87.026,0.000,87.026,100.923,10.000,0.000,10.000,0.000,46.3,51.6
1940,2026-2027,40.713,0.000,40.713,48.946,48.946,0.000,48.946,0.000,45.4,100.0
1941,2026-2027,24.999,0.000,74.997,25.000,25.000,0.000,25.000,0.000,75.0,100.0
1942,2026-2027,14.992,0.000,44.962,15.007,15.007,0.000,15.007,0.000,75.0,100.0
1943,2026-2027,49.966,0.000,149.896,49.965,49.965,0.000,49.965,0.000,75.0,100.0
1944,2026-2027,24.981,0.000,74.937,24.986,24.986,0.000,24.986,0.000,75.0,100.0
1945,2026-2027,24.977,0.000,74.931,24.976,24.976,0.000,24.976,0.000,75.0,100.0
1946,2026-2027,19.526,0.000,30.461,69.512,10.000,0.000,10.000,0.000,30.5,40.5
1947,2026-2027,4298.000,1554.300,4667.879,28752.121,1676.440,0.000,1676.440,11580.900,14.0,19.0
1948,2026-2027,95.968,0.000,117.789,52.847,52.847,0.000,52.847,0.000,69.0,100.0
1949,2026-2027,10.313,0.000,10.313,137.687,10.000,0.000,10.000,0.000,7.0,13.7
1950,2026-2027,9.010,0.000,9.010,135.133,10.000,0.000,10.000,0.000,6.3,13.2
1951,2026-2027,5.555,0.000,5.555,83.275,10.000,0.000,10.000,0.000,6.3,17.5
1952,2026-2027,10.642,0.000,10.642,159.598,159.598,0.000,159.598,0.000,6.3,100.0
1953,2026-2027,5.625,0.000,5.625,39.375,39.375,0.000,39.375,0.000,12.5,100.0
1954,2026-2027,0.000,0.000,0.000,548.000,25.000,0.000,25.000,0.000,0.0,4.6
1955,2026-2027,744.000,0.000,744.000,0.500,0.001,0.000,0.001,0.000,99.9,99.9
1956,2026-2027,25.000,0.000,25.000,175.000,15.000,0.000,15.000,0.000,12.5,20.0
1957,2026-2027,525.126,0.000,525.126,525.124,262.562,0.000,262.562,0.000,50.0,75.0
1958,2026-2027,187.500,0.000,187.500,1311.497,1311.497,0.000,1311.497,0.000,12.5,100.0
1959,2026-2027,646.630,0.000,646.630,575.260,575.260,0.000,575.260,0.000,52.9,100.0
1960,2026-2027,600.000,0.000,600.000,690.297,336.515,0.000,336.515,0.000,46.5,72.6
1961,2026-2027,47.500,0.000,47.500,47.500,47.500,0.000,47.500,0.000,50.0,100.0
1962,2026-2027,0.000,0.000,0.000,54.329,15.000,0.000,15.000,0.000,0.0,27.6
1963,2026-2027,12.500,0.000,12.500,175.902,175.902,0.000,175.902,0.000,6.6,100.0
1964,2026-2027,1000.000,0.000,1000.000,1200.000,450.000,0.000,450.000,0.000,45.5,65.9
1965,2026-2027,600.000,0.000,600.000,720.000,336.517,0.000,336.517,0.000,45.5,70.9
1966,2026-2027,0.000,0.000,0.000,488.540,36.885,0.000,36.885,0.000,0.0,7.6
1967,2026-2027,625.000,0.000,625.000,4374.974,4374.974,0.000,4374.974,0.000,12.5,100.0
1968,2026-2027,0.000,0.000,0.000,194.000,100.000,0.000,100.000,0.000,0.0,51.5
1969,2026-2027,18.750,0.000,18.750,131.250,10.000,0.000,10.000,0.000,12.5,19.2
1970,2026-2027,37.500,0.000,37.500,258.671,233.483,0.000,233.483,0.000,12.7,91.5
1971,2026-2027,25.000,0.000,25.000,174.203,50.000,0.000,50.000,0.000,12.6,37.7
1972,2026-2027,30.000,0.000,30.000,30.000,30.000,0.000,30.000,0.000,50.0,100.0
1973,2026-2027,30.000,0.000,30.000,30.000,30.000,0.000,30.000,0.000,50.0,100.0
1974,2026-2027,40.000,0.000,40.000,40.000,40.000,0.000,40.000,0.000,50.0,100.0
1975,2026-2027,39.400,0.000,39.400,39.400,39.400,0.000,39.400,0.000,50.0,100.0
1976,2026-2027,85.000,0.000,85.000,85.000,85.000,0.000,85.000,0.000,50.0,100.0
1977,2026-2027,35.000,0.000,35.000,35.000,35.000,0.000,35.000,0.000,50.0,100.0
1978,2026-2027,30.000,0.000,30.000,30.000,30.000,0.000,30.000,0.000,50.0,100.0
1979,2026-2027,25.000,0.000,25.000,25.000,25.000,0.000,25.000,0.000,50.0,100.0
1980,2026-2027,25.000,0.000,25.000,25.000,25.000,0.000,25.000,0.000,50.0,100.0
1981,2026-2027,25.000,0.000,25.000,25.000,25.000,0.000,25.000,0.000,50.0,100.0
1982,2026-2027,25.000,0.000,25.000,25.000,25.000,0.000,25.000,0.000,50.0,100.0
1983,2026-2027,25.000,0.000,25.000,25.000,25.000,0.000,25.000,0.000,50.0,100.0
1984,2026-2027,50.000,0.000,50.000,50.000,50.000,0.000,50.000,0.000,50.0,100.0
1985,2026-2027,50.000,0.000,50.000,50.000,50.000,0.000,50.000,0.000,50.0,100.0
1986,2026-2027,50.000,0.000,50.000,50.000,50.000,0.000,50.000,0.000,50.0,100.0
1987,2026-2027,25.000,0.000,25.000,25.000,25.000,0.000,25.000,0.000,50.0,100.0
1988,2026-2027,25.000,0.000,25.000,25.000,25.000,0.000,25.000,0.000,50.0,100.0
1989,2026-2027,25.000,0.000,25.000,25.000,25.000,0.000,25.000,0.000,50.0,100.0
1990,2026-2027,50.000,0.000,50.000,50.000,50.000,0.000,50.000,0.000,50.0,100.0
1991,2026-2027,25.000,0.000,25.000,25.000,25.000,0.000,25.000,0.000,50.0,100.0
1992,2026-2027,25.000,0.000,25.000,25.000,25.000,0.000,25.000,0.000,50.0,100.0
1993,2026-2027,0.000,0.000,0.000,50.000,50.000,0.000,50.000,0.000,0.0,100.0
1994,2026-2027,50.000,0.000,50.000,50.000,50.000,0.000,50.000,0.000,50.0,100.0
1995,2026-2027,50.000,0.000,50.000,50.000,50.000,0.000,50.000,0.000,50.0,100.0
1996,2026-2027,12.500,0.000,12.500,37.500,37.500,0.000,37.500,0.000,25.0,100.0
1997,2026-2027,49.562,0.000,49.562,49.562,49.562,0.000,49.562,0.000,50.0,100.0
1998,2026-2027,0.000,0.000,0.000,190.000,190.000,0.000,190.000,0.000,0.0,100.0
1999,2026-2027,50.000,0.000,50.000,50.000,50.000,0.000,50.000,0.000,50.0,100.0
2000,2026-2027,0.000,0.000,0.000,60.000,60.000,0.000,60.000,0.000,0.0,100.0
2001,2026-2027,25.000,0.000,25.000,25.000,25.000,0.000,25.000,0.000,50.0,100.0
2002,2026-2027,0.000,0.000,0.000,120.000,120.000,0.000,120.000,0.000,0.0,100.0
2003,2026-2027,50.000,0.000,50.000,50.000,50.000,0.000,50.000,0.000,50.0,100.0
2004,2026-2027,12.500,0.000,12.500,37.500,37.500,0.000,37.500,0.000,25.0,100.0
2005,2026-2027,25.000,0.000,25.000,25.000,25.000,0.000,25.000,0.000,50.0,100.0
2006,2026-2027,50.000,0.000,50.000,50.000,50.000,0.000,50.000,0.000,50.0,100.0
2007,2026-2027,50.000,0.000,50.000,50.000,50.000,0.000,50.000,0.000,50.0,100.0
2008,2026-2027,50.000,0.000,50.000,50.000,50.000,0.000,50.000,0.000,50.0,100.0
2009,2026-2027,50.000,0.000,50.000,50.000,50.000,0.000,50.000,0.000,50.0,100.0
2010,2026-2027,30.000,0.000,30.000,30.000,30.000,0.000,30.000,0.000,50.0,100.0
2011,2026-2027,25.000,0.000,25.000,25.000,25.000,0.000,25.000,0.000,50.0,100.0
2012,2026-2027,32.500,0.000,32.500,32.500,32.500,0.000,32.500,0.000,50.0,100.0
2013,2026-2027,35.000,0.000,35.000,35.000,35.000,0.000,35.000,0.000,50.0,100.0
2014,2026-2027,37.500,0.000,37.500,37.500,37.500,0.000,37.500,0.000,50.0,100.0
2015,2026-2027,25.000,0.000,25.000,25.000,25.000,0.000,25.000,0.000,50.0,100.0
2016,2026-2027,40.000,0.000,40.000,40.000,40.000,0.000,40.000,0.000,50.0,100.0
2017,2026-2027,50.000,0.000,50.000,50.000,50.000,0.000,50.000,0.000,50.0,100.0
2018,2026-2027,25.000,0.000,25.000,25.000,25.000,0.000,25.000,0.000,50.0,100.0
2019,2026-2027,75.000,0.000,75.000,75.000,75.000,0.000,75.000,0.000,50.0,100.0
2020,2026-2027,25.000,0.000,25.000,25.000,25.000,0.000,25.000,0.000,50.0,100.0
2021,2026-2027,50.000,0.000,50.000,50.000,50.000,0.000,50.000,0.000,50.0,100.0
2022,2026-2027,25.000,0.000,25.000,25.000,25.000,0.000,25.000,0.000,50.0,100.0
2023,2026-2027,25.000,0.000,25.000,25.000,25.000,0.000,25.000,0.000,50.0,100.0
2024,2026-2027,50.000,0.000,50.000,50.000,50.000,0.000,50.000,0.000,50.0,100.0
2025,2026-2027,50.000,0.000,50.000,50.000,50.000,0.000,50.000,0.000,50.0,100.0
2026,2026-2027,49.515,0.000,49.515,49.515,49.515,0.000,49.515,0.000,50.0,100.0
2027,2026-2027,50.000,0.000,50.000,50.000,50.000,0.000,50.000,0.000,50.0,100.0
2028,2026-2027,25.000,0.000,25.000,25.000,25.000,0.000,25.000,0.000,50.0,100.0
2029,2026-2027,25.000,0.000,25.000,25.000,25.000,0.000,25.000,0.000,50.0,100.0
2030,2026-2027,50.000,0.000,50.000,50.000,50.000,0.000,50.000,0.000,50.0,100.0
2031,2026-2027,50.000,0.000,50.000,50.000,50.000,0.000,50.000,0.000,50.0,100.0
2032,2026-2027,50.000,0.000,50.000,50.000,50.000,0.000,50.000,0.000,50.0,100.0
2033,2026-2027,50.000,0.000,50.000,50.000,50.000,0.000,50.000,0.000,50.0,100.0
2034,2026-2027,50.000,0.000,50.000,50.000,50.000,0.000,50.000,0.000,50.0,100.0
2035,2026-2027,50.000,0.000,50.000,50.000,50.000,0.000,50.000,0.000,50.0,100.0
2036,2026-2027,50.000,0.000,50.000,50.000,50.000,0.000,50.000,0.000,50.0,100.0
2037,2026-2027,50.000,0.000,50.000,50.000,50.000,0.000,50.000,0.000,50.0,100.0
2038,2026-2027,50.000,0.000,50.000,50.000,50.000,0.000,50.000,0.000,50.0,100.0
2039,2026-2027,45.000,0.000,45.000,45.000,45.000,0.000,45.000,0.000,50.0,100.0
2040,2026-2027,50.000,0.000,50.000,50.000,50.000,0.000,50.000,0.000,50.0,100.0
2041,2026-2027,25.000,0.000,25.000,25.000,25.000,0.000,25.000,0.000,50.0,100.0
2042,2026-2027,25.000,0.000,25.000,25.000,25.000,0.000,25.000,0.000,50.0,100.0
2043,2026-2027,25.000,0.000,25.000,25.000,25.000,0.000,25.000,0.000,50.0,100.0
2044,2026-2027,50.000,0.000,50.000,50.000,50.000,0.000,50.000,0.000,50.0,100.0
2045,2026-2027,50.000,0.000,50.000,50.000,50.000,0.000,50.000,0.000,50.0,100.0
2046,2026-2027,25.000,0.000,25.000,25.000,25.000,0.000,25.000,0.000,50.0,100.0
2047,2026-2027,25.000,0.000,25.000,25.000,25.000,0.000,25.000,0.000,50.0,100.0
2048,2026-2027,25.000,0.000,25.000,25.000,25.000,0.000,25.000,0.000,50.0,100.0
2049,2026-2027,37.500,0.000,37.500,37.500,37.500,0.000,37.500,0.000,50.0,100.0
2050,2026-2027,25.000,0.000,25.000,25.000,25.000,0.000,25.000,0.000,50.0,100.0
2051,2026-2027,25.000,0.000,25.000,25.000,25.000,0.000,25.000,0.000,50.0,100.0
2052,2026-2027,25.000,0.000,25.000,25.000,25.000,0.000,25.000,0.000,50.0,100.0
2053,2026-2027,25.000,0.000,25.000,25.000,25.000,0.000,25.000,0.000,50.0,100.0
2054,2026-2027,25.000,0.000,25.000,25.000,25.000,0.000,25.000,0.000,50.0,100.0
2055,2026-2027,25.000,0.000,25.000,25.000,25.000,0.000,25.000,0.000,50.0,100.0
2056,2026-2027,25.000,0.000,25.000,25.000,25.000,0.000,25.000,0.000,50.0,100.0
2057,2026-2027,25.000,0.000,25.000,25.000,25.000,0.000,25.000,0.000,50.0,100.0
2058,2026-2027,25.000,0.000,25.000,25.000,25.000,0.000,25.000,0.000,50.0,100.0
2059,2026-2027,12.500,0.000,12.500,37.500,37.500,0.000,37.500,0.000,25.0,100.0
2060,2026-2027,25.000,0.000,25.000,75.000,75.000,0.000,75.000,0.000,25.0,100.0
2061,2026-2027,20.000,0.000,20.000,60.000,60.000,0.000,60.000,0.000,25.0,100.0
2062,2026-2027,25.000,0.000,25.000,75.000,75.000,0.000,75.000,0.000,25.0,100.0
2063,2026-2027,50.000,0.000,50.000,50.000,50.000,0.000,50.000,0.000,50.0,100.0
2064,2026-2027,37.500,0.000,37.500,112.500,112.500,0.000,112.500,0.000,25.0,100.0
2065,2026-2027,25.000,0.000,25.000,25.000,25.000,0.000,25.000,0.000,50.0,100.0
2066,2026-2027,30.000,0.000,30.000,30.000,30.000,0.000,30.000,0.000,50.0,100.0
2067,2026-2027,30.000,0.000,30.000,30.000,30.000,0.000,30.000,0.000,50.0,100.0
2068,2026-2027,40.000,0.000,40.000,40.000,40.000,0.000,40.000,0.000,50.0,100.0
2069,2026-2027,25.000,0.000,25.000,75.000,75.000,0.000,75.000,0.000,25.0,100.0
2070,2026-2027,25.000,0.000,25.000,25.000,25.000,0.000,25.000,0.000,50.0,100.0
2071,2026-2027,25.000,0.000,25.000,75.000,75.000,0.000,75.000,0.000,25.0,100.0
2072,2026-2027,22.500,0.000,22.500,67.500,67.500,0.000,67.500,0.000,25.0,100.0
2073,2026-2027,25.000,0.000,25.000,75.000,75.000,0.000,75.000,0.000,25.0,100.0
2074,2026-2027,24.598,0.000,24.598,73.791,73.791,0.000,73.791,0.000,25.0,100.0
2075,2026-2027,24.659,0.000,24.659,73.977,73.977,0.000,73.977,0.000,25.0,100.0
2076,2026-2027,87.730,0.000,87.730,87.270,87.270,0.000,87.270,0.000,50.1,100.0
2077,2026-2027,65.000,0.000,65.000,65.000,65.000,0.000,65.000,0.000,50.0,100.0
2078,2026-2027,57.500,0.000,57.500,57.500,57.500,0.000,57.500,0.000,50.0,100.0
2079,2026-2027,37.500,0.000,37.500,37.500,37.500,0.000,37.500,0.000,50.0,100.0
2080,2026-2027,25.000,0.000,25.000,25.000,25.000,0.000,25.000,0.000,50.0,100.0
2081,2026-2027,25.000,0.000,25.000,25.000,25.000,0.000,25.000,0.000,50.0,100.0
2082,2026-2027,25.000,0.000,25.000,25.000,25.000,0.000,25.000,0.000,50.0,100.0
2083,2026-2027,25.000,0.000,25.000,25.000,25.000,0.000,25.000,0.000,50.0,100.0
2084,2026-2027,25.000,0.000,25.000,25.000,25.000,0.000,25.000,0.000,50.0,100.0
2085,2026-2027,27.500,0.000,27.500,27.500,27.500,0.000,27.500,0.000,50.0,100.0
2086,2026-2027,30.000,0.000,30.000,30.000,30.000,0.000,30.000,0.000,50.0,100.0
2087,2026-2027,27.500,0.000,27.500,27.500,27.500,0.000,27.500,0.000,50.0,100.0
2088,2026-2027,13.750,0.000,13.750,41.250,41.250,0.000,41.250,0.000,25.0,100.0
2089,2026-2027,119.938,0.000,119.938,359.814,359.814,0.000,359.814,0.000,25.0,100.0
2090,2026-2027,249.780,0.000,249.780,249.783,249.783,0.000,249.783,0.000,50.0,100.0
2091,2026-2027,25.000,0.000,25.000,25.000,25.000,0.000,25.000,0.000,50.0,100.0
2092,2026-2027,25.000,0.000,25.000,25.000,25.000,0.000,25.000,0.000,50.0,100.0
2093,2026-2027,25.000,0.000,25.000,25.000,25.000,0.000,25.000,0.000,50.0,100.0
2094,2026-2027,25.000,0.000,25.000,25.000,25.000,0.000,25.000,0.000,50.0,100.0
2095,2026-2027,25.000,0.000,25.000,25.000,25.000,0.000,25.000,0.000,50.0,100.0
2096,2026-2027,25.000,0.000,25.000,25.000,25.000,0.000,25.000,0.000,50.0,100.0
2097,2026-2027,25.000,0.000,25.000,25.000,25.000,0.000,25.000,0.000,50.0,100.0
2098,2026-2027,25.000,0.000,25.000,25.000,25.000,0.000,25.000,0.000,50.0,100.0
2099,2026-2027,25.000,0.000,25.000,25.000,25.000,0.000,25.000,0.000,50.0,100.0
2100,2026-2027,25.000,0.000,25.000,25.000,25.000,0.000,25.000,0.000,50.0,100.0
2101,2026-2027,50.000,0.000,50.000,50.000,50.000,0.000,50.000,0.000,50.0,100.0
2102,2026-2027,50.000,0.000,50.000,50.000,50.000,0.000,50.000,0.000,50.0,100.0
2103,2026-2027,25.000,0.000,25.000,25.000,25.000,0.000,25.000,0.000,50.0,100.0
2104,2026-2027,75.000,0.000,75.000,75.000,75.000,0.000,75.000,0.000,50.0,100.0
2105,2026-2027,30.000,0.000,30.000,90.000,90.000,0.000,90.000,0.000,25.0,100.0
2106,2026-2027,12.500,0.000,12.500,87.500,87.500,0.000,87.500,0.000,12.5,100.0
2107,2026-2027,25.000,0.000,25.000,25.000,25.000,0.000,25.000,0.000,50.0,100.0
2108,2026-2027,42.500,0.000,42.500,127.500,127.500,0.000,127.500,0.000,25.0,100.0
2109,2026-2027,85.000,0.000,85.000,85.000,85.000,0.000,85.000,0.000,50.0,100.0
2110,2026-2027,50.000,0.000,50.000,50.000,50.000,0.000,50.000,0.000,50.0,100.0
2111,2026-2027,100.000,0.000,100.000,100.000,100.000,0.000,100.000,0.000,50.0,100.0
2112,2026-2027,100.000,0.000,100.000,100.000,100.000,0.000,100.000,0.000,50.0,100.0
2113,2026-2027,62.121,0.000,62.121,186.365,186.365,0.000,186.365,0.000,25.0,100.0
2114,2026-2027,62.113,0.000,62.113,186.339,186.339,0.000,186.339,0.000,25.0,100.0
2115,2026-2027,17.500,0.000,17.500,52.500,52.500,0.000,52.500,0.000,25.0,100.0
2116,2026-2027,12.500,0.000,12.500,37.500,37.500,0.000,37.500,0.000,25.0,100.0
2117,2026-2027,70.000,0.000,70.000,70.000,70.000,0.000,70.000,0.000,50.0,100.0
2118,2026-2027,50.000,0.000,50.000,50.000,50.000,0.000,50.000,0.000,50.0,100.0
2119,2026-2027,50.000,0.000,50.000,50.000,50.000,0.000,50.000,0.000,50.0,100.0
2120,2026-2027,50.000,0.000,50.000,50.000,50.000,0.000,50.000,0.000,50.0,100.0
2121,2026-2027,50.000,0.000,50.000,50.000,50.000,0.000,50.000,0.000,50.0,100.0
2122,2026-2027,24.998,0.000,24.998,74.994,74.994,0.000,74.994,0.000,25.0,100.0
2123,2026-2027,37.498,0.000,37.498,112.493,112.493,0.000,112.493,0.000,25.0,100.0
2124,2026-2027,50.000,0.000,50.000,50.000,50.000,0.000,50.000,0.000,50.0,100.0
2125,2026-2027,37.500,0.000,37.500,37.500,37.500,0.000,37.500,0.000,50.0,100.0
2126,2026-2027,37.500,0.000,37.500,37.500,37.500,0.000,37.500,0.000,50.0,100.0
2127,2026-2027,25.000,0.000,25.000,25.000,25.000,0.000,25.000,0.000,50.0,100.0
2128,2026-2027,25.000,0.000,25.000,25.000,25.000,0.000,25.000,0.000,50.0,100.0
2129,2026-2027,25.000,0.000,25.000,25.000,25.000,0.000,25.000,0.000,50.0,100.0
2130,2026-2027,35.000,0.000,35.000,35.000,35.000,0.000,35.000,0.000,50.0,100.0
2131,2026-2027,25.000,0.000,25.000,25.000,25.000,0.000,25.000,0.000,50.0,100.0
2132,2026-2027,40.000,0.000,40.000,40.000,40.000,0.000,40.000,0.000,50.0,100.0
2133,2026-2027,25.000,0.000,25.000,25.000,25.000,0.000,25.000,0.000,50.0,100.0
2134,2026-2027,125.000,0.000,125.000,125.000,125.000,0.000,125.000,0.000,50.0,100.0
2135,2026-2027,37.265,0.000,37.265,37.735,37.735,0.000,37.735,0.000,49.7,100.0
2136,2026-2027,25.000,0.000,25.000,25.000,25.000,0.000,25.000,0.000,50.0,100.0
2137,2026-2027,15.000,0.000,15.000,45.000,45.000,0.000,45.000,0.000,25.0,100.0
2138,2026-2027,13.250,0.000,13.250,39.750,39.750,0.000,39.750,0.000,25.0,100.0
2139,2026-2027,13.000,0.000,13.000,39.000,39.000,0.000,39.000,0.000,25.0,100.0
2140,2026-2027,25.000,0.000,25.000,25.000,25.000,0.000,25.000,0.000,50.0,100.0
2141,2026-2027,25.000,0.000,25.000,25.000,25.000,0.000,25.000,0.000,50.0,100.0
2142,2026-2027,25.000,0.000,25.000,25.000,25.000,0.000,25.000,0.000,50.0,100.0
2143,2026-2027,25.000,0.000,25.000,25.000,25.000,0.000,25.000,0.000,50.0,100.0
2144,2026-2027,25.000,0.000,25.000,25.000,25.000,0.000,25.000,0.000,50.0,100.0
2145,2026-2027,25.000,0.000,25.000,25.000,25.000,0.000,25.000,0.000,50.0,100.0
2146,2026-2027,24.135,0.000,24.135,72.405,72.405,0.000,72.405,0.000,25.0,100.0
2147,2026-2027,37.375,0.000,37.375,112.126,112.126,0.000,112.126,0.000,25.0,100.0
2148,2026-2027,36.449,0.000,36.449,109.345,109.345,0.000,109.345,0.000,25.0,100.0
2149,2026-2027,23.914,0.000,23.914,71.741,71.741,0.000,71.741,0.000,25.0,100.0
2150,2026-2027,12.500,0.000,12.500,37.500,37.500,0.000,37.500,0.000,25.0,100.0
2151,2026-2027,50.000,0.000,50.000,50.000,50.000,0.000,50.000,0.000,50.0,100.0
2152,2026-2027,50.000,0.000,50.000,50.000,50.000,0.000,50.000,0.000,50.0,100.0
2153,2026-2027,50.000,0.000,50.000,50.000,50.000,0.000,50.000,0.000,50.0,100.0
2154,2026-2027,20.000,0.000,20.000,60.000,60.000,0.000,60.000,0.000,25.0,100.0
2155,2026-2027,25.000,0.000,25.000,75.000,75.000,0.000,75.000,0.000,25.0,100.0
2156,2026-2027,25.000,0.000,25.000,75.000,75.000,0.000,75.000,0.000,25.0,100.0
2157,2026-2027,20.000,0.000,20.000,60.000,60.000,0.000,60.000,0.000,25.0,100.0
2158,2026-2027,35.000,0.000,35.000,105.000,105.000,0.000,105.000,0.000,25.0,100.0
2159,2026-2027,24.315,0.000,24.315,72.945,72.945,0.000,72.945,0.000,25.0,100.0
2160,2026-2027,24.778,0.000,24.778,74.333,74.333,0.000,74.333,0.000,25.0,100.0
2161,2026-2027,24.808,0.000,24.808,74.422,74.422,0.000,74.422,0.000,25.0,100.0
2162,2026-2027,24.861,0.000,24.861,74.584,74.584,0.000,74.584,0.000,25.0,100.0
2163,2026-2027,24.868,0.000,24.868,74.603,74.603,0.000,74.603,0.000,25.0,100.0
2164,2026-2027,24.667,0.000,24.667,74.002,74.002,0.000,74.002,0.000,25.0,100.0
2165,2026-2027,24.621,0.000,24.621,73.864,73.864,0.000,73.864,0.000,25.0,100.0
2166,2026-2027,0.000,0.000,0.000,149.946,149.946,0.000,149.946,0.000,0.0,100.0
2167,2026-2027,0.000,0.000,0.000,50.000,50.000,0.000,50.000,0.000,0.0,100.0
2168,2026-2027,0.000,0.000,0.000,50.000,50.000,0.000,50.000,0.000,0.0,100.0
2169,2026-2027,0.000,0.000,0.000,50.000,50.000,0.000,50.000,0.000,0.0,100.0
2170,2026-2027,47.500,0.000,47.500,142.500,142.500,0.000,142.500,0.000,25.0,100.0
2171,2026-2027,12.500,0.000,12.500,37.500,37.500,0.000,37.500,0.000,25.0,100.0
2172,2026-2027,12.500,0.000,12.500,37.500,37.500,0.000,37.500,0.000,25.0,100.0
2173,2026-2027,12.500,0.000,12.500,37.500,37.500,0.000,37.500,0.000,25.0,100.0
2174,2026-2027,12.500,0.000,12.500,37.500,37.500,0.000,37.500,0.000,25.0,100.0
2175,2026-2027,12.500,0.000,12.500,37.500,37.500,0.000,37.500,0.000,25.0,100.0
2176,2026-2027,12.500,0.000,12.500,37.500,37.500,0.000,37.500,0.000,25.0,100.0
2177,2026-2027,12.500,0.000,12.500,37.500,37.500,0.000,37.500,0.000,25.0,100.0
2178,2026-2027,12.500,0.000,12.500,37.500,37.500,0.000,37.500,0.000,25.0,100.0
2179,2026-2027,12.500,0.000,12.500,37.500,37.500,0.000,37.500,0.000,25.0,100.0
2180,2026-2027,12.500,0.000,12.500,37.500,37.500,0.000,37.500,0.000,25.0,100.0
2181,2026-2027,12.500,0.000,12.500,37.500,37.500,0.000,37.500,0.000,25.0,100.0
2182,2026-2027,50.000,0.000,50.000,50.000,50.000,0.000,50.000,0.000,50.0,100.0
2183,2026-2027,25.000,0.000,25.000,25.000,25.000,0.000,25.000,0.000,50.0,100.0
2184,2026-2027,25.000,0.000,25.000,75.000,75.000,0.000,75.000,0.000,25.0,100.0
2185,2026-2027,12.357,0.000,12.357,37.071,37.071,0.000,37.071,0.000,25.0,100.0
2186,2026-2027,12.467,0.000,12.467,37.401,37.401,0.000,37.401,0.000,25.0,100.0
2187,2026-2027,12.508,0.000,12.508,37.524,37.524,0.000,37.524,0.000,25.0,100.0
2188,2026-2027,0.000,0.000,0.000,52.000,52.000,0.000,52.000,0.000,0.0,100.0
2189,2026-2027,0.000,0.000,0.000,150.000,150.000,0.000,150.000,0.000,0.0,100.0
2190,2026-2027,0.000,0.000,0.000,100.000,100.000,0.000,100.000,0.000,0.0,100.0
2191,2026-2027,0.000,0.000,0.000,100.000,100.000,0.000,100.000,0.000,0.0,100.0
2192,2026-2027,0.000,0.000,0.000,100.000,100.000,0.000,100.000,0.000,0.0,100.0
2193,2026-2027,100.000,0.000,100.000,100.000,100.000,0.000,100.000,0.000,50.0,100.0
2194,2026-2027,25.000,0.000,25.000,75.000,75.000,0.000,75.000,0.000,25.0,100.0
2195,2026-2027,12.500,0.000,12.500,37.500,37.500,0.000,37.500,0.000,25.0,100.0
2196,2026-2027,12.500,0.000,12.500,37.500,37.500,0.000,37.500,0.000,25.0,100.0
2197,2026-2027,12.500,0.000,12.500,37.500,37.500,0.000,37.500,0.000,25.0,100.0
2198,2026-2027,25.000,0.000,25.000,75.000,75.000,0.000,75.000,0.000,25.0,100.0
2199,2026-2027,37.500,0.000,37.500,112.500,112.500,0.000,112.500,0.000,25.0,100.0
2200,2026-2027,17.479,0.000,17.479,52.438,52.438,0.000,52.438,0.000,25.0,100.0
2201,2026-2027,12.473,0.000,12.473,37.420,37.420,0.000,37.420,0.000,25.0,100.0
2202,2026-2027,13.250,0.000,13.250,39.750,39.750,0.000,39.750,0.000,25.0,100.0
2203,2026-2027,14.125,0.000,14.125,42.375,42.375,0.000,42.375,0.000,25.0,100.0
2204,2026-2027,19.625,0.000,19.625,58.875,58.875,0.000,58.875,0.000,25.0,100.0
2205,2026-2027,28.000,0.000,28.000,84.000,84.000,0.000,84.000,0.000,25.0,100.0
2206,2026-2027,33.500,0.000,33.500,100.500,100.500,0.000,100.500,0.000,25.0,100.0
2207,2026-2027,16.500,0.000,16.500,49.500,49.500,0.000,49.500,0.000,25.0,100.0
2208,2026-2027,0.000,0.000,0.000,250.000,250.000,0.000,250.000,0.000,0.0,100.0
2209,2026-2027,0.000,0.000,0.000,50.000,50.000,0.000,50.000,0.000,0.0,100.0
2210,2026-2027,0.000,0.000,0.000,50.000,50.000,0.000,50.000,0.000,0.0,100.0
2211,2026-2027,0.000,0.000,0.000,50.000,50.000,0.000,50.000,0.000,0.0,100.0
2212,2026-2027,0.000,0.000,0.000,50.000,50.000,0.000,50.000,0.000,0.0,100.0
2213,2026-2027,0.000,0.000,0.000,50.000,50.000,0.000,50.000,0.000,0.0,100.0
2214,2026-2027,0.000,0.000,0.000,100.000,100.000,0.000,100.000,0.000,0.0,100.0
2215,2026-2027,0.000,0.000,0.000,120.000,120.000,0.000,120.000,0.000,0.0,100.0
2216,2026-2027,0.000,0.000,0.000,125.000,125.000,0.000,125.000,0.000,0.0,100.0
2217,2026-2027,0.000,0.000,0.000,200.000,200.000,0.000,200.000,0.000,0.0,100.0
2218,2026-2027,0.000,0.000,0.000,62.841,62.841,0.000,62.841,0.000,0.0,100.0
2219,2026-2027,0.000,0.000,0.000,50.350,50.350,0.000,50.350,0.000,0.0,100.0
2220,2026-2027,0.000,0.000,0.000,67.015,67.015,0.000,67.015,0.000,0.0,100.0
2221,2026-2027,0.000,0.000,0.000,69.790,69.790,0.000,69.790,0.000,0.0,100.0
2222,2026-2027,0.000,0.000,0.000,56.198,56.198,0.000,56.198,0.000,0.0,100.0
2223,2026-2027,0.000,0.000,0.000,50.133,50.133,0.000,50.133,0.000,0.0,100.0
2224,2026-2027,0.000,0.000,0.000,55.889,55.889,0.000,55.889,0.000,0.0,100.0
2225,2026-2027,0.000,0.000,0.000,50.050,50.050,0.000,50.050,0.000,0.0,100.0
2226,2026-2027,0.000,0.000,0.000,65.718,65.718,0.000,65.718,0.000,0.0,100.0
2227,2026-2027,0.000,0.000,0.000,71.990,71.990,0.000,71.990,0.000,0.0,100.0
2228,2026-2027,0.000,0.000,0.000,50.020,50.020,0.000,50.020,0.000,0.0,100.0
2229,2026-2027,0.000,0.000,0.000,150.000,150.000,0.000,150.000,0.000,0.0,100.0
2230,2026-2027,0.000,0.000,0.000,125.000,125.000,0.000,125.000,0.000,0.0,100.0
2231,2026-2027,0.000,0.000,0.000,50.000,50.000,0.000,50.000,0.000,0.0,100.0
2232,2026-2027,0.000,0.000,0.000,100.000,100.000,0.000,100.000,0.000,0.0,100.0
2233,2026-2027,0.000,0.000,0.000,100.000,100.000,0.000,100.000,0.000,0.0,100.0
2234,2026-2027,0.000,0.000,0.000,100.000,100.000,0.000,100.000,0.000,0.0,100.0
2235,2026-2027,0.000,0.000,0.000,99.860,99.860,0.000,99.860,0.000,0.0,100.0
2236,2026-2027,0.000,0.000,0.000,60.000,60.000,0.000,60.000,0.000,0.0,100.0
2237,2026-2027,0.000,0.000,0.000,124.996,124.996,0.000,124.996,0.000,0.0,100.0
2238,2026-2027,0.000,0.000,0.000,124.966,124.966,0.000,124.966,0.000,0.0,100.0
2239,2026-2027,0.000,0.000,0.000,50.000,50.000,0.000,50.000,0.000,0.0,100.0
2240,2026-2027,0.000,0.000,0.000,130.000,130.000,0.000,130.000,0.000,0.0,100.0
2241,2026-2027,0.000,0.000,0.000,50.000,50.000,0.000,50.000,0.000,0.0,100.0
2242,2026-2027,0.000,0.000,0.000,50.000,50.000,0.000,50.000,0.000,0.0,100.0
2243,2026-2027,0.000,0.000,0.000,50.000,50.000,0.000,50.000,0.000,0.0,100.0
2244,2026-2027,0.000,0.000,0.000,50.000,50.000,0.000,50.000,0.000,0.0,100.0
2245,2026-2027,0.000,0.000,0.000,100.000,100.000,0.000,100.000,0.000,0.0,100.0
2246,2026-2027,0.000,0.000,0.000,99.800,14.970,0.000,14.970,0.000,0.0,15.0
2247,2026-2027,0.000,0.000,0.000,96.500,14.475,0.000,14.475,0.000,0.0,15.0
2248,2026-2027,97.375,0.000,97.375,681.628,170.407,0.000,170.407,0.000,12.5,34.4
2249,2026-2027,14.974,0.000,14.974,104.814,26.204,0.000,26.204,0.000,12.5,34.4
2250,2026-2027,0.000,0.000,0.000,800.000,200.000,0.000,200.000,0.000,0.0,25.0
2251,2026-2027,0.000,0.000,0.000,320.000,10.000,0.000,10.000,0.000,0.0,3.1
2252,2026-2027,0.000,0.000,0.000,223.000,10.000,0.000,10.000,0.000,0.0,4.5
2253,2026-2027,0.000,0.000,0.000,100.000,0.000,100.000,100.000,500.000,0.0,100.0
2254,2026-2027,0.000,0.000,0.000,1000.000,250.000,0.000,250.000,0.000,0.0,25.0
2255,2026-2027,0.000,0.000,0.000,1000.000,250.000,0.000,250.000,0.000,0.0,25.0
2256,2026-2027,0.000,0.000,0.000,600.000,150.000,0.000,150.000,0.000,0.0,25.0
2257,2026-2027,0.000,0.000,0.000,150.000,22.500,0.000,22.500,0.000,0.0,15.0
2258,2026-2027,0.000,0.000,0.000,329.397,82.349,0.000,82.349,0.000,0.0,25.0
2259,2026-2027,0.000,0.000,0.000,100.000,15.000,0.000,15.000,0.000,0.0,15.0
2260,2026-2027,0.000,0.000,0.000,50.000,7.500,0.000,7.500,0.000,0.0,15.0
2261,2026-2027,0.000,0.000,0.000,1725.194,431.299,0.000,431.299,0.000,0.0,25.0
2262,2026-2027,0.000,0.000,0.000,80.000,12.000,0.000,12.000,0.000,0.0,15.0
2263,2026-2027,0.000,0.000,0.000,93.817,14.073,0.000,14.073,0.000,0.0,15.0
2264,2026-2027,0.000,0.000,0.000,150.000,37.500,0.000,37.500,0.000,0.0,25.0
2265,2026-2027,0.000,0.000,0.000,26.183,5.237,0.000,5.237,0.000,0.0,20.0
2266,2026-2027,0.000,0.000,0.000,150.000,37.500,0.000,37.500,0.000,0.0,25.0
2267,2026-2027,0.000,0.000,0.000,100.000,25.000,0.000,25.000,0.000,0.0,25.0
2268,2026-2027,0.000,0.000,0.000,250.000,62.500,0.000,62.500,0.000,0.0,25.0
2269,2026-2027,0.000,0.000,0.000,100.000,25.000,0.000,25.000,0.000,0.0,25.0
2270,2026-2027,0.000,0.000,0.000,100.000,25.000,0.000,25.000,0.000,0.0,25.0
2271,2026-2027,0.000,0.000,0.000,120.000,30.000,0.000,30.000,0.000,0.0,25.0
2272,2026-2027,0.000,0.000,0.000,100.000,25.000,0.000,25.000,0.000,0.0,25.0
2273,2026-2027,0.000,0.000,0.000,100.000,25.000,0.000,25.000,0.000,0.0,25.0
2274,2026-2027,0.000,0.000,0.000,100.000,25.000,0.000,25.000,0.000,0.0,25.0
2275,2026-2027,0.000,0.000,0.000,100.000,25.000,0.000,25.000,0.000,0.0,25.0
2276,2026-2027,0.000,0.000,0.000,100.000,25.000,0.000,25.000,0.000,0.0,25.0
2277,2026-2027,0.000,0.000,0.000,357.448,89.362,0.000,89.362,0.000,0.0,25.0
2278,2026-2027,0.000,0.000,0.000,779.484,194.871,0.000,194.871,0.000,0.0,25.0
2279,2026-2027,73.248,0.000,73.248,2039.752,0.000,73.248,73.248,0.000,3.5,6.9
2280,2026-2027,0.000,0.000,0.000,5315.400,0.000,0.001,0.001,0.000,0.0,0.0
2281,2026-2027,500.000,0.000,500.000,2200.000,0.000,1250.000,1250.000,0.000,18.5,64.8
2282,2026-2027,0.000,0.000,3000.000,4000.000,0.001,0.000,0.001,0.000,42.9,42.9
2283,2026-2027,0.000,0.000,500.000,1399.200,200.000,0.000,200.000,0.000,26.3,36.9
2284,2026-2027,0.000,0.000,5922.310,858.979,400.000,0.000,400.000,0.000,87.3,93.2
2285,2026-2027,965.000,15000.000,1731.529,3534.621,923.000,100.000,1023.000,12502.000,32.9,52.3
2286,2026-2027,9000.000,0.000,12000.000,7971.279,6971.279,0.000,6971.279,0.000,60.1,95.0
2287,2026-2027,3722.981,0.000,3722.981,3171.087,2406.274,764.813,3171.087,0.000,54.0,100.0
2288,2026-2027,614.955,0.000,614.955,10141.894,10141.894,0.000,10141.894,0.000,5.7,100.0
2289,2026-2027,4984.324,0.000,4984.324,4984.324,4984.324,0.000,4984.324,0.000,50.0,100.0
2290,2026-2027,1298.386,0.000,1298.386,1298.386,1298.386,0.000,1298.386,0.000,50.0,100.0
2291,2026-2027,3000.000,0.000,3000.000,6554.183,6554.183,0.000,6554.183,0.000,31.4,100.0
2292,2026-2027,750.000,0.000,750.000,10533.326,10533.326,0.000,10533.326,0.000,6.6,100.0
2293,2026-2027,73.445,0.000,279.659,1176.533,1176.533,0.000,1176.533,0.000,19.2,100.0
2294,2026-2027,333.044,0.000,632.894,333.044,333.044,0.000,333.044,0.000,65.5,100.0
2295,2026-2027,1341.155,0.000,6134.147,0.999,0.999,0.000,0.999,0.000,100.0,100.0
2296,2026-2027,0.000,0.000,0.000,411.890,205.945,0.000,205.945,0.000,0.0,50.0
2297,2026-2027,0.000,0.000,0.000,261.290,130.645,0.000,130.645,0.000,0.0,50.0
2298,2026-2027,0.000,0.000,0.000,479.363,479.363,0.000,479.363,0.000,0.0,100.0
2299,2026-2027,566.603,0.000,1166.602,281.009,281.009,0.000,281.009,0.000,80.6,100.0
2300,2026-2027,0.000,0.000,0.000,2139.813,1069.906,0.000,1069.906,0.000,0.0,50.0
2301,2026-2027,1053.344,0.000,2546.687,460.003,460.003,0.000,460.003,0.000,84.7,100.0
2302,2026-2027,1731.180,0.000,1731.180,159.000,159.000,0.000,159.000,0.000,91.6,100.0
2303,2026-2027,0.000,0.000,0.000,578.796,289.398,0.000,289.398,0.000,0.0,50.0
2304,2026-2027,0.000,0.000,0.000,182.269,91.135,0.000,91.135,0.000,0.0,50.0
2305,2026-2027,0.000,0.000,0.000,744.892,372.446,0.000,372.446,0.000,0.0,50.0
2306,2026-2027,0.000,0.000,0.000,565.422,282.711,0.000,282.711,0.000,0.0,50.0
2307,2026-2027,0.000,0.000,0.000,612.369,306.184,0.000,306.184,0.000,0.0,50.0
2308,2026-2027,0.000,0.000,0.000,397.224,198.612,0.000,198.612,0.000,0.0,50.0
2309,2026-2027,0.000,0.000,0.000,2207.372,1103.686,0.000,1103.686,0.000,0.0,50.0
2310,2026-2027,0.000,0.000,0.000,2000.000,700.000,0.000,700.000,0.000,0.0,35.0
2311,2026-2027,0.000,0.000,0.000,1500.000,525.000,0.000,525.000,0.000,0.0,35.0
2312,2026-2027,0.000,0.000,0.000,1200.000,420.000,0.000,420.000,0.000,0.0,35.0
2313,2026-2027,0.000,0.000,0.000,2859.628,1000.870,0.000,1000.870,0.000,0.0,35.0
2314,2026-2027,0.000,0.000,0.000,8400.000,100.000,0.000,100.000,0.000,0.0,1.2
2315,2026-2027,0.000,0.000,0.000,4216.008,2108.004,0.000,2108.004,0.000,0.0,50.0
2316,2026-2027,0.000,0.000,0.000,2277.339,1138.670,0.000,1138.670,0.000,0.0,50.0
2317,2026-2027,0.000,0.000,0.000,2366.294,1183.147,0.000,1183.147,0.000,0.0,50.0
2318,2026-2027,4.728,0.000,48.049,38.592,0.000,38.592,38.592,0.000,55.5,100.0
2319,2026-2027,17.500,0.000,551.870,152.695,4.000,0.000,4.000,0.000,78.3,78.9
2320,2026-2027,0.000,0.000,19.808,27.431,10.104,0.000,10.104,0.000,41.9,63.3
2321,2026-2027,0.000,0.000,19.860,39.796,39.796,0.000,39.796,0.000,33.3,100.0
2322,2026-2027,26.497,0.000,72.674,0.003,0.001,0.000,0.001,0.000,100.0,100.0
2323,2026-2027,6.250,0.000,6.250,43.750,10.000,0.000,10.000,0.000,12.5,32.5
2324,2026-2027,21.074,0.000,30.945,0.001,0.001,0.000,0.001,0.000,100.0,100.0
2325,2026-2027,0.000,0.000,14.970,10.632,10.632,0.000,10.632,0.000,58.5,100.0
2326,2026-2027,3.002,0.000,15.000,67.587,10.000,0.000,10.000,0.000,18.2,30.3
2327,2026-2027,0.000,0.000,8.968,29.355,29.355,0.000,29.355,0.000,23.4,100.0
2328,2026-2027,0.000,0.000,9.989,20.601,20.601,0.000,20.601,0.000,32.7,100.0
2329,2026-2027,0.000,0.000,9.815,23.076,23.076,0.000,23.076,0.000,29.8,100.0
2330,2026-2027,0.000,8.595,9.820,32.130,32.130,0.000,32.130,0.000,23.4,100.0
2331,2026-2027,0.000,0.000,9.609,25.355,25.355,0.000,25.355,0.000,27.5,100.0
2332,2026-2027,0.000,0.000,9.989,29.047,29.047,0.000,29.047,0.000,25.6,100.0
2333,2026-2027,0.000,0.000,9.077,17.556,17.556,0.000,17.556,0.000,34.1,100.0
2334,2026-2027,0.000,0.000,48.406,51.590,20.000,0.000,20.000,0.000,48.4,68.4
2335,2026-2027,32.638,0.000,75.028,95.972,20.061,0.000,20.061,0.000,43.9,55.6
2336,2026-2027,6.543,0.000,9.674,0.000,0.001,0.000,0.001,0.000,100.0,100.0
2337,2026-2027,0.000,0.000,18.849,40.357,40.357,0.000,40.357,0.000,31.8,100.0
2338,2026-2027,0.000,0.000,29.899,33.423,10.000,0.000,10.000,0.000,47.2,63.0
2339,2026-2027,1.250,0.000,19.976,67.637,31.107,0.000,31.107,0.000,22.8,58.3
2340,2026-2027,30.534,0.000,66.077,0.902,0.902,0.000,0.902,0.000,98.7,100.0
2341,2026-2027,51.865,0.000,91.776,65.559,30.000,0.000,30.000,0.000,58.3,77.4
2342,2026-2027,25.674,0.000,45.704,42.741,20.000,0.000,20.000,0.000,51.7,74.3
2343,2026-2027,44.802,0.000,84.715,0.010,0.010,0.000,0.010,0.000,100.0,100.0
2344,2026-2027,2.500,0.000,2.500,58.314,58.314,0.000,58.314,0.000,4.1,100.0
2345,2026-2027,17.500,0.000,17.500,52.500,20.000,0.000,20.000,0.000,25.0,53.6
2346,2026-2027,12.500,0.000,12.500,37.500,37.500,0.000,37.500,0.000,25.0,100.0
2347,2026-2027,7.500,0.000,7.500,12.500,12.500,0.000,12.500,0.000,37.5,100.0
2348,2026-2027,7.500,0.000,7.500,12.500,12.500,0.000,12.500,0.000,37.5,100.0
2349,2026-2027,7.500,0.000,7.500,12.498,12.498,0.000,12.498,0.000,37.5,100.0
2350,2026-2027,7.500,0.000,7.500,12.413,12.413,0.000,12.413,0.000,37.7,100.0
2351,2026-2027,2.500,0.000,2.500,7.465,7.465,0.000,7.465,0.000,25.1,100.0
2352,2026-2027,3.750,0.000,3.750,11.198,11.198,0.000,11.198,0.000,25.1,100.0
2353,2026-2027,2.500,0.000,2.500,7.438,7.438,0.000,7.438,0.000,25.2,100.0
2354,2026-2027,1.250,0.000,1.250,8.706,8.706,0.000,8.706,0.000,12.6,100.0
2355,2026-2027,1.250,0.000,1.250,8.705,8.705,0.000,8.705,0.000,12.6,100.0
2356,2026-2027,5.625,0.000,5.625,9.306,9.306,0.000,9.306,0.000,37.7,100.0
2357,2026-2027,1.250,0.000,1.250,8.750,8.750,0.000,8.750,0.000,12.5,100.0
2358,2026-2027,1.250,0.000,1.250,8.688,8.688,0.000,8.688,0.000,12.6,100.0
2359,2026-2027,2.500,0.000,2.500,7.500,7.500,0.000,7.500,0.000,25.0,100.0
2360,2026-2027,1.250,0.000,1.250,8.750,8.750,0.000,8.750,0.000,12.5,100.0
2361,2026-2027,2.500,0.000,2.500,17.500,17.500,0.000,17.500,0.000,12.5,100.0
2362,2026-2027,2.500,0.000,2.500,7.500,7.500,0.000,7.500,0.000,25.0,100.0
2363,2026-2027,1.875,0.000,1.875,13.125,13.125,0.000,13.125,0.000,12.5,100.0
2364,2026-2027,5.000,0.000,5.000,44.927,44.927,0.000,44.927,0.000,10.0,100.0
2365,2026-2027,7.500,0.000,7.500,12.500,12.500,0.000,12.500,0.000,37.5,100.0
2366,2026-2027,5.625,0.000,5.625,9.375,9.375,0.000,9.375,0.000,37.5,100.0
2367,2026-2027,1.250,0.000,1.250,8.750,8.750,0.000,8.750,0.000,12.5,100.0
2368,2026-2027,9.375,0.000,9.375,65.625,65.625,0.000,65.625,0.000,12.5,100.0
2369,2026-2027,25.000,0.000,25.000,25.000,25.000,0.000,25.000,0.000,50.0,100.0
2370,2026-2027,6.250,0.000,6.250,43.750,43.750,0.000,43.750,0.000,12.5,100.0
2371,2026-2027,6.250,0.000,6.250,43.750,43.750,0.000,43.750,0.000,12.5,100.0
2372,2026-2027,49.969,0.000,49.969,49.971,49.970,0.000,49.970,0.000,50.0,100.0
2373,2026-2027,6.250,0.000,6.250,43.750,43.750,0.000,43.750,0.000,12.5,100.0
2374,2026-2027,48.345,0.000,234.344,67.805,67.805,0.000,67.805,0.000,77.6,100.0
2375,2026-2027,0.000,0.000,15.209,7.813,7.100,0.713,7.813,0.000,66.1,100.0
2376,2026-2027,22.425,0.000,32.379,67.606,0.000,67.606,67.606,0.000,32.4,100.0
2377,2026-2027,0.000,0.000,0.000,224.348,0.000,224.348,224.348,0.000,0.0,100.0
2378,2026-2027,0.000,0.000,0.000,50.000,50.000,0.000,50.000,0.000,0.0,100.0
2379,2026-2027,0.000,0.000,0.000,0.000,0.000,0.000,0.000,761.400,0.0,0.0
2380,2026-2027,15.625,0.000,15.625,121.496,45.000,0.000,45.000,0.000,11.4,44.2
2381,2026-2027,15.625,0.000,15.625,159.875,56.000,0.000,56.000,0.000,8.9,40.8
2382,2026-2027,250.000,0.000,2867.802,3531.938,0.000,100.000,100.000,0.000,44.8,46.4
2383,2026-2027,9.305,0.000,27.182,73.331,0.000,23.111,23.111,0.000,27.0,50.0
2384,2026-2027,24.342,0.000,82.071,116.929,0.000,20.000,20.000,0.000,41.2,51.3
2385,2026-2027,250.000,0.000,401.350,5633.450,0.000,100.000,100.000,0.000,6.7,8.3
2386,2026-2027,106.225,0.000,109.775,4852.134,360.000,140.000,500.000,0.000,2.2,12.3
2387,2026-2027,0.000,0.000,2096.150,739.290,714.290,25.000,739.290,0.000,73.9,100.0
2388,2026-2027,0.000,0.000,0.000,1000.000,0.000,1000.000,1000.000,0.000,0.0,100.0
2389,2026-2027,36.900,0.000,101.954,215.746,0.000,50.000,50.000,0.000,32.1,47.8
2390,2026-2027,40.000,0.000,123.081,21.669,0.000,21.669,21.669,0.000,85.0,100.0
2391,2026-2027,68.000,292.090,159.680,1190.320,0.000,250.000,250.000,1015.000,11.8,30.3
2392,2026-2027,25.000,0.000,34.954,113.542,0.000,77.358,77.358,0.000,23.5,75.6
2393,2026-2027,405.000,8406.250,405.000,739.000,729.000,10.000,739.000,2794.200,35.4,100.0
2394,2026-2027,0.000,150.000,0.000,1884.624,0.000,392.920,392.920,1000.000,0.0,20.8
2395,2026-2027,0.000,0.000,0.000,192.000,0.000,50.000,50.000,0.000,0.0,26.0
2396,2026-2027,100.000,0.000,175.000,485.000,0.000,100.000,100.000,0.000,26.5,41.7
2397,2026-2027,0.000,0.000,52.450,344.272,19.254,34.000,53.254,0.000,13.2,26.6
2398,2026-2027,0.000,0.000,0.000,212.711,53.178,0.000,53.178,0.000,0.0,25.0
2399,2026-2027,110.000,0.000,6658.550,619.462,110.000,0.000,110.000,0.000,91.5,93.0
2400,2026-2027,0.000,0.000,56.878,18.122,0.001,0.000,0.001,0.000,75.8,75.8
2401,2026-2027,0.000,0.000,0.000,29.278,29.278,0.000,29.278,0.000,0.0,100.0
2402,2026-2027,0.000,0.000,28.357,3.759,0.001,0.000,0.001,0.000,88.3,88.3
2403,2026-2027,0.000,0.000,0.000,336.000,0.001,0.000,0.001,0.000,0.0,0.0
2404,2026-2027,0.000,0.000,545.574,44.126,44.126,0.000,44.126,0.000,92.5,100.0
2405,2026-2027,0.000,0.000,60.493,136.767,7.000,0.000,7.000,0.000,30.7,34.2
2406,2026-2027,0.622,0.000,64.208,62.792,7.000,0.000,7.000,0.000,50.6,56.1
2407,2026-2027,0.000,0.000,349.401,31.483,31.483,0.000,31.483,0.000,91.7,100.0
2408,2026-2027,0.000,0.000,360.424,2.106,2.106,0.000,2.106,0.000,99.4,100.0
2409,2026-2027,0.000,0.000,39.999,138.316,7.000,0.000,7.000,0.000,22.4,26.4
2410,2026-2027,0.000,0.000,261.308,15.228,15.228,0.000,15.228,0.000,94.5,100.0
2411,2026-2027,0.000,0.000,93.043,65.957,7.000,0.000,7.000,0.000,58.5,62.9
2412,2026-2027,11.334,0.000,271.611,440.848,7.000,0.000,7.000,0.000,38.1,39.1
2413,2026-2027,0.000,0.000,94.375,95.089,7.000,0.000,7.000,0.000,49.8,53.5
2414,2026-2027,0.000,0.000,149.239,12.714,12.714,0.000,12.714,0.000,92.1,100.0
2415,2026-2027,52.500,0.000,1113.806,83.444,7.000,0.000,7.000,0.000,93.0,93.6
2416,2026-2027,0.000,0.000,314.116,24.884,24.884,0.000,24.884,0.000,92.7,100.0
2417,2026-2027,0.000,0.000,95.153,66.883,7.000,0.000,7.000,0.000,58.7,63.0
2418,2026-2027,0.000,0.000,24.973,29.040,29.040,0.000,29.040,0.000,46.2,100.0
2419,2026-2027,0.000,0.000,82.459,11.859,11.859,0.000,11.859,0.000,87.4,100.0
2420,2026-2027,200.000,0.000,526.746,908.254,7.000,0.000,7.000,0.000,36.7,37.2
2421,2026-2027,62.417,0.000,299.358,165.757,7.000,0.000,7.000,0.000,64.4,65.9
2422,2026-2027,32.159,0.000,127.901,35.588,35.588,0.000,35.588,0.000,78.2,100.0
2423,2026-2027,12.665,0.000,169.093,6.655,6.655,0.000,6.655,0.000,96.2,100.0
2424,2026-2027,72.152,0.000,183.485,18.747,18.747,0.000,18.747,0.000,90.7,100.0
2425,2026-2027,18.823,0.000,131.613,17.568,17.568,0.000,17.568,0.000,88.2,100.0
2426,2026-2027,5.978,0.000,69.551,4.993,4.992,0.000,4.992,0.000,93.3,100.0
2427,2026-2027,34.887,0.000,135.260,4.740,4.739,0.000,4.739,0.000,96.6,100.0
2428,2026-2027,37.500,0.000,307.391,123.987,7.000,0.000,7.000,0.000,71.3,72.9
2429,2026-2027,9.811,0.000,239.993,29.989,29.989,0.000,29.989,0.000,88.9,100.0
2430,2026-2027,18.180,0.000,44.278,15.722,15.722,0.000,15.722,0.000,73.8,100.0
2431,2026-2027,0.000,0.000,26.253,4.021,4.021,0.000,4.021,0.000,86.7,100.0
2432,2026-2027,30.000,0.000,244.315,425.329,7.000,0.000,7.000,0.000,36.5,37.5
2433,2026-2027,61.485,0.000,161.632,255.999,7.000,0.000,7.000,0.000,38.7,40.4
2434,2026-2027,20.259,0.000,95.037,54.523,7.000,0.000,7.000,0.000,63.5,68.2
2435,2026-2027,40.000,0.000,40.000,66.700,7.900,0.000,7.900,0.000,37.5,44.9
2436,2026-2027,45.300,0.000,120.346,129.654,7.000,0.000,7.000,0.000,48.1,50.9
2437,2026-2027,92.248,0.000,147.086,60.330,7.000,0.000,7.000,0.000,70.9,74.3
2438,2026-2027,77.557,0.000,130.174,77.957,7.000,0.000,7.000,0.000,62.5,65.9
2439,2026-2027,60.000,0.000,60.000,87.643,7.000,0.000,7.000,0.000,40.6,45.4
2440,2026-2027,60.000,0.000,60.000,71.550,7.000,0.000,7.000,0.000,45.6,50.9
2441,2026-2027,75.000,0.000,75.000,182.734,7.000,0.000,7.000,0.000,29.1,31.8
2442,2026-2027,65.000,0.000,65.036,118.181,7.000,0.000,7.000,0.000,35.5,39.3
2443,2026-2027,181.335,0.000,181.335,17.438,17.438,0.000,17.438,0.000,91.2,100.0
2444,2026-2027,68.964,0.000,68.964,7.577,7.577,0.000,7.577,0.000,90.1,100.0
2445,2026-2027,0.989,0.000,52.036,138.856,7.000,0.000,7.000,0.000,27.3,30.9
2446,2026-2027,37.500,0.000,100.000,61.249,7.000,0.000,7.000,0.000,62.0,66.4
2447,2026-2027,70.000,0.000,361.254,230.051,7.000,0.000,7.000,0.000,61.1,62.3
2448,2026-2027,50.000,0.000,124.603,141.847,7.000,0.000,7.000,0.000,46.8,49.4
2449,2026-2027,38.250,0.000,114.748,38.252,38.252,0.000,38.252,0.000,75.0,100.0
2450,2026-2027,100.000,0.000,118.978,278.422,7.000,0.000,7.000,0.000,29.9,31.7
2451,2026-2027,175.617,0.000,175.617,356.375,7.000,0.000,7.000,0.000,33.0,34.3
2452,2026-2027,54.000,0.000,54.000,373.763,7.000,0.000,7.000,0.000,12.6,14.3
2453,2026-2027,137.500,0.000,137.500,162.500,7.000,0.000,7.000,0.000,45.8,48.2
2454,2026-2027,100.000,0.000,100.000,100.000,7.000,0.000,7.000,0.000,50.0,53.5
2455,2026-2027,9.985,0.000,9.985,69.895,7.000,0.000,7.000,0.000,12.5,21.3
2456,2026-2027,50.000,0.000,50.000,150.000,7.000,0.000,7.000,0.000,25.0,28.5
2457,2026-2027,50.000,0.000,50.000,150.000,7.000,0.000,7.000,0.000,25.0,28.5
2458,2026-2027,15.625,0.000,15.625,109.375,7.000,0.000,7.000,0.000,12.5,18.1
2459,2026-2027,4.112,0.000,4.112,12.338,12.338,0.000,12.338,0.000,25.0,100.0
2460,2026-2027,0.000,0.000,0.000,125.000,7.000,0.000,7.000,0.000,0.0,5.6
2461,2026-2027,50.000,0.000,50.000,50.000,50.000,0.000,50.000,0.000,50.0,100.0
2462,2026-2027,25.000,0.000,25.000,175.000,7.000,0.000,7.000,0.000,12.5,16.0
2463,2026-2027,50.000,0.000,50.000,49.929,49.929,0.000,49.929,0.000,50.0,100.0
2464,2026-2027,0.000,0.000,0.000,40.000,40.000,0.000,40.000,0.000,0.0,100.0
2465,2026-2027,80.000,0.000,80.000,69.979,7.000,0.000,7.000,0.000,53.3,58.0
2466,2026-2027,25.000,0.000,25.000,25.000,25.000,0.000,25.000,0.000,50.0,100.0
2467,2026-2027,25.000,0.000,25.000,25.000,25.000,0.000,25.000,0.000,50.0,100.0
2468,2026-2027,150.000,0.000,150.000,150.000,7.000,0.000,7.000,0.000,50.0,52.3
2469,2026-2027,100.000,0.000,100.000,100.000,7.000,0.000,7.000,0.000,50.0,53.5
2470,2026-2027,150.000,0.000,150.000,150.000,7.000,0.000,7.000,0.000,50.0,52.3
2471,2026-2027,1600.000,0.000,1600.000,1600.000,1600.000,0.000,1600.000,0.000,50.0,100.0
2472,2026-2027,17.500,0.000,17.500,52.500,52.500,0.000,52.500,0.000,25.0,100.0
2473,2026-2027,12.500,0.000,12.500,37.500,37.500,0.000,37.500,0.000,25.0,100.0
2474,2026-2027,12.500,0.000,12.500,37.500,37.500,0.000,37.500,0.000,25.0,100.0
2475,2026-2027,50.000,0.000,50.000,50.000,50.000,0.000,50.000,0.000,50.0,100.0
2476,2026-2027,25.000,0.000,25.000,25.000,25.000,0.000,25.000,0.000,50.0,100.0
2477,2026-2027,25.000,0.000,25.000,25.000,25.000,0.000,25.000,0.000,50.0,100.0
2478,2026-2027,50.000,0.000,50.000,50.000,50.000,0.000,50.000,0.000,50.0,100.0
2479,2026-2027,7.500,0.000,7.500,52.500,52.500,0.000,52.500,0.000,12.5,100.0
2480,2026-2027,7.500,0.000,7.500,52.500,52.500,0.000,52.500,0.000,12.5,100.0
2481,2026-2027,34.500,0.000,34.500,34.500,34.500,0.000,34.500,0.000,50.0,100.0
2482,2026-2027,30.500,0.000,30.500,30.500,30.500,0.000,30.500,0.000,50.0,100.0
2483,2026-2027,25.000,0.000,25.000,25.000,25.000,0.000,25.000,0.000,50.0,100.0
2484,2026-2027,6.250,0.000,6.250,43.750,43.750,0.000,43.750,0.000,12.5,100.0
2485,2026-2027,6.250,0.000,6.250,43.750,43.750,0.000,43.750,0.000,12.5,100.0
2486,2026-2027,6.250,0.000,6.250,43.750,43.750,0.000,43.750,0.000,12.5,100.0
2487,2026-2027,6.250,0.000,6.250,43.750,43.750,0.000,43.750,0.000,12.5,100.0
2488,2026-2027,6.250,0.000,6.250,43.750,43.750,0.000,43.750,0.000,12.5,100.0
2489,2026-2027,6.250,0.000,6.250,43.750,43.750,0.000,43.750,0.000,12.5,100.0
2490,2026-2027,6.250,0.000,6.250,43.750,43.750,0.000,43.750,0.000,12.5,100.0
2491,2026-2027,6.250,0.000,6.250,43.750,43.750,0.000,43.750,0.000,12.5,100.0
2492,2026-2027,6.250,0.000,6.250,43.750,43.750,0.000,43.750,0.000,12.5,100.0
2493,2026-2027,6.250,0.000,6.250,43.750,43.750,0.000,43.750,0.000,12.5,100.0
2494,2026-2027,6.250,0.000,6.250,43.750,43.750,0.000,43.750,0.000,12.5,100.0
2495,2026-2027,6.250,0.000,6.250,43.750,43.750,0.000,43.750,0.000,12.5,100.0
2496,2026-2027,25.000,0.000,25.000,25.000,25.000,0.000,25.000,0.000,50.0,100.0
2497,2026-2027,25.000,0.000,25.000,25.000,25.000,0.000,25.000,0.000,50.0,100.0
2498,2026-2027,6.250,0.000,6.250,43.750,43.750,0.000,43.750,0.000,12.5,100.0
2499,2026-2027,6.250,0.000,6.250,43.750,43.750,0.000,43.750,0.000,12.5,100.0
2500,2026-2027,25.000,0.000,25.000,25.000,25.000,0.000,25.000,0.000,50.0,100.0
2501,2026-2027,25.000,0.000,25.000,25.000,25.000,0.000,25.000,0.000,50.0,100.0
2502,2026-2027,25.000,0.000,25.000,25.000,25.000,0.000,25.000,0.000,50.0,100.0
2503,2026-2027,25.000,0.000,25.000,25.000,25.000,0.000,25.000,0.000,50.0,100.0
2504,2026-2027,6.250,0.000,6.250,43.750,43.750,0.000,43.750,0.000,12.5,100.0
2505,2026-2027,6.250,0.000,6.250,43.750,43.750,0.000,43.750,0.000,12.5,100.0
2506,2026-2027,25.000,0.000,25.000,25.000,25.000,0.000,25.000,0.000,50.0,100.0
2507,2026-2027,6.250,0.000,6.250,43.750,43.750,0.000,43.750,0.000,12.5,100.0
2508,2026-2027,45.000,0.000,45.000,45.000,45.000,0.000,45.000,0.000,50.0,100.0
2509,2026-2027,6.250,0.000,6.250,43.750,43.750,0.000,43.750,0.000,12.5,100.0
2510,2026-2027,25.000,0.000,25.000,25.000,25.000,0.000,25.000,0.000,50.0,100.0
2511,2026-2027,25.000,0.000,25.000,25.000,25.000,0.000,25.000,0.000,50.0,100.0
2512,2026-2027,25.000,0.000,25.000,25.000,25.000,0.000,25.000,0.000,50.0,100.0
2513,2026-2027,6.250,0.000,6.250,43.750,43.750,0.000,43.750,0.000,12.5,100.0
2514,2026-2027,25.000,0.000,25.000,25.000,25.000,0.000,25.000,0.000,50.0,100.0
2515,2026-2027,50.000,0.000,50.000,50.000,50.000,0.000,50.000,0.000,50.0,100.0
2516,2026-2027,25.000,0.000,25.000,25.000,25.000,0.000,25.000,0.000,50.0,100.0
2517,2026-2027,40.000,0.000,40.000,40.000,40.000,0.000,40.000,0.000,50.0,100.0
2518,2026-2027,100.000,0.000,100.000,100.000,100.000,0.000,100.000,0.000,50.0,100.0
2519,2026-2027,25.000,0.000,25.000,25.000,25.000,0.000,25.000,0.000,50.0,100.0
2520,2026-2027,50.000,0.000,50.000,50.000,50.000,0.000,50.000,0.000,50.0,100.0
2521,2026-2027,35.000,0.000,35.000,35.000,35.000,0.000,35.000,0.000,50.0,100.0
2522,2026-2027,25.000,0.000,25.000,25.000,25.000,0.000,25.000,0.000,50.0,100.0
2523,2026-2027,85.000,0.000,85.000,85.000,85.000,0.000,85.000,0.000,50.0,100.0
2524,2026-2027,50.000,0.000,50.000,50.000,50.000,0.000,50.000,0.000,50.0,100.0
2525,2026-2027,50.000,0.000,50.000,50.000,50.000,0.000,50.000,0.000,50.0,100.0
2526,2026-2027,25.000,0.000,25.000,25.000,25.000,0.000,25.000,0.000,50.0,100.0
2527,2026-2027,25.000,0.000,25.000,25.000,25.000,0.000,25.000,0.000,50.0,100.0
2528,2026-2027,25.000,0.000,25.000,25.000,25.000,0.000,25.000,0.000,50.0,100.0
2529,2026-2027,25.000,0.000,25.000,25.000,25.000,0.000,25.000,0.000,50.0,100.0
2530,2026-2027,25.000,0.000,25.000,25.000,25.000,0.000,25.000,0.000,50.0,100.0
2531,2026-2027,25.000,0.000,25.000,25.000,25.000,0.000,25.000,0.000,50.0,100.0
2532,2026-2027,50.000,0.000,50.000,50.000,50.000,0.000,50.000,0.000,50.0,100.0
2533,2026-2027,25.000,0.000,25.000,25.000,25.000,0.000,25.000,0.000,50.0,100.0
2534,2026-2027,25.000,0.000,25.000,25.000,25.000,0.000,25.000,0.000,50.0,100.0
2535,2026-2027,25.000,0.000,25.000,25.000,25.000,0.000,25.000,0.000,50.0,100.0
2536,2026-2027,25.000,0.000,25.000,25.000,25.000,0.000,25.000,0.000,50.0,100.0
2537,2026-2027,25.000,0.000,25.000,25.000,25.000,0.000,25.000,0.000,50.0,100.0
2538,2026-2027,35.000,0.000,35.000,35.000,35.000,0.000,35.000,0.000,50.0,100.0
2539,2026-2027,25.000,0.000,25.000,25.000,25.000,0.000,25.000,0.000,50.0,100.0
2540,2026-2027,25.000,0.000,25.000,25.000,25.000,0.000,25.000,0.000,50.0,100.0
2541,2026-2027,25.000,0.000,25.000,25.000,25.000,0.000,25.000,0.000,50.0,100.0
2542,2026-2027,25.000,0.000,25.000,25.000,25.000,0.000,25.000,0.000,50.0,100.0
2543,2026-2027,25.550,0.000,25.550,25.550,25.550,0.000,25.550,0.000,50.0,100.0
2544,2026-2027,12.500,0.000,12.500,37.500,37.500,0.000,37.500,0.000,25.0,100.0
2545,2026-2027,30.000,0.000,30.000,90.000,90.000,0.000,90.000,0.000,25.0,100.0
2546,2026-2027,25.000,0.000,25.000,25.000,25.000,0.000,25.000,0.000,50.0,100.0
2547,2026-2027,25.000,0.000,25.000,25.000,25.000,0.000,25.000,0.000,50.0,100.0
2548,2026-2027,25.000,0.000,25.000,25.000,25.000,0.000,25.000,0.000,50.0,100.0
2549,2026-2027,50.000,0.000,50.000,50.000,50.000,0.000,50.000,0.000,50.0,100.0
2550,2026-2027,50.000,0.000,50.000,50.000,50.000,0.000,50.000,0.000,50.0,100.0
2551,2026-2027,25.000,0.000,25.000,25.000,25.000,0.000,25.000,0.000,50.0,100.0
2552,2026-2027,25.000,0.000,25.000,25.000,25.000,0.000,25.000,0.000,50.0,100.0
2553,2026-2027,25.000,0.000,25.000,25.000,25.000,0.000,25.000,0.000,50.0,100.0
2554,2026-2027,25.000,0.000,25.000,25.000,25.000,0.000,25.000,0.000,50.0,100.0
2555,2026-2027,25.000,0.000,25.000,25.000,25.000,0.000,25.000,0.000,50.0,100.0
2556,2026-2027,25.000,0.000,25.000,25.000,25.000,0.000,25.000,0.000,50.0,100.0
2557,2026-2027,25.000,0.000,25.000,25.000,25.000,0.000,25.000,0.000,50.0,100.0
2558,2026-2027,25.000,0.000,25.000,25.000,25.000,0.000,25.000,0.000,50.0,100.0
2559,2026-2027,25.000,0.000,25.000,25.000,25.000,0.000,25.000,0.000,50.0,100.0
2560,2026-2027,25.000,0.000,25.000,25.000,25.000,0.000,25.000,0.000,50.0,100.0
2561,2026-2027,25.000,0.000,25.000,25.000,25.000,0.000,25.000,0.000,50.0,100.0
2562,2026-2027,25.000,0.000,25.000,25.000,25.000,0.000,25.000,0.000,50.0,100.0
2563,2026-2027,50.000,0.000,50.000,50.000,50.000,0.000,50.000,0.000,50.0,100.0
2564,2026-2027,37.500,0.000,37.500,37.500,37.500,0.000,37.500,0.000,50.0,100.0
2565,2026-2027,50.000,0.000,50.000,50.000,50.000,0.000,50.000,0.000,50.0,100.0
2566,2026-2027,25.000,0.000,25.000,25.000,25.000,0.000,25.000,0.000,50.0,100.0
2567,2026-2027,37.500,0.000,37.500,37.500,37.500,0.000,37.500,0.000,50.0,100.0
2568,2026-2027,42.500,0.000,42.500,42.500,42.500,0.000,42.500,0.000,50.0,100.0
2569,2026-2027,25.000,0.000,25.000,25.000,25.000,0.000,25.000,0.000,50.0,100.0
2570,2026-2027,25.000,0.000,25.000,25.000,25.000,0.000,25.000,0.000,50.0,100.0
2571,2026-2027,25.000,0.000,25.000,25.000,25.000,0.000,25.000,0.000,50.0,100.0
2572,2026-2027,25.000,0.000,25.000,25.000,25.000,0.000,25.000,0.000,50.0,100.0
2573,2026-2027,37.500,0.000,37.500,37.500,37.500,0.000,37.500,0.000,50.0,100.0
2574,2026-2027,40.000,0.000,40.000,40.000,40.000,0.000,40.000,0.000,50.0,100.0
2575,2026-2027,50.000,0.000,50.000,50.000,50.000,0.000,50.000,0.000,50.0,100.0
2576,2026-2027,25.000,0.000,25.000,25.000,25.000,0.000,25.000,0.000,50.0,100.0
2577,2026-2027,6.250,0.000,6.250,43.750,43.750,0.000,43.750,0.000,12.5,100.0
2578,2026-2027,6.250,0.000,6.250,43.750,43.750,0.000,43.750,0.000,12.5,100.0
2579,2026-2027,6.250,0.000,6.250,43.750,43.750,0.000,43.750,0.000,12.5,100.0
2580,2026-2027,6.250,0.000,6.250,43.750,43.750,0.000,43.750,0.000,12.5,100.0
2581,2026-2027,8.750,0.000,8.750,61.250,61.250,0.000,61.250,0.000,12.5,100.0
2582,2026-2027,25.000,0.000,25.000,25.000,25.000,0.000,25.000,0.000,50.0,100.0
2583,2026-2027,25.000,0.000,25.000,25.000,25.000,0.000,25.000,0.000,50.0,100.0
2584,2026-2027,65.000,0.000,65.000,65.000,65.000,0.000,65.000,0.000,50.0,100.0
2585,2026-2027,60.000,0.000,60.000,60.000,60.000,0.000,60.000,0.000,50.0,100.0
2586,2026-2027,100.000,0.000,100.000,100.000,100.000,0.000,100.000,0.000,50.0,100.0
2587,2026-2027,40.000,0.000,40.000,40.000,40.000,0.000,40.000,0.000,50.0,100.0
2588,2026-2027,6.875,0.000,6.875,48.125,48.125,0.000,48.125,0.000,12.5,100.0
2589,2026-2027,25.000,0.000,25.000,25.000,25.000,0.000,25.000,0.000,50.0,100.0
2590,2026-2027,25.000,0.000,25.000,25.000,25.000,0.000,25.000,0.000,50.0,100.0
2591,2026-2027,32.500,0.000,32.500,32.500,32.500,0.000,32.500,0.000,50.0,100.0
2592,2026-2027,75.000,0.000,75.000,75.000,75.000,0.000,75.000,0.000,50.0,100.0
2593,2026-2027,25.000,0.000,25.000,25.000,25.000,0.000,25.000,0.000,50.0,100.0
2594,2026-2027,32.500,0.000,32.500,32.500,32.500,0.000,32.500,0.000,50.0,100.0
2595,2026-2027,35.000,0.000,35.000,35.000,35.000,0.000,35.000,0.000,50.0,100.0
2596,2026-2027,35.000,0.000,35.000,35.000,35.000,0.000,35.000,0.000,50.0,100.0
2597,2026-2027,50.000,0.000,50.000,50.000,50.000,0.000,50.000,0.000,50.0,100.0
2598,2026-2027,75.000,0.000,75.000,75.000,75.000,0.000,75.000,0.000,50.0,100.0
2599,2026-2027,30.000,0.000,30.000,30.000,30.000,0.000,30.000,0.000,50.0,100.0
2600,2026-2027,7.375,0.000,7.375,51.625,51.625,0.000,51.625,0.000,12.5,100.0
2601,2026-2027,6.250,0.000,6.250,43.750,43.750,0.000,43.750,0.000,12.5,100.0
2602,2026-2027,25.000,0.000,25.000,25.000,25.000,0.000,25.000,0.000,50.0,100.0
2603,2026-2027,25.000,0.000,25.000,25.000,25.000,0.000,25.000,0.000,50.0,100.0
2604,2026-2027,25.000,0.000,25.000,25.000,25.000,0.000,25.000,0.000,50.0,100.0
2605,2026-2027,6.250,0.000,6.250,43.750,43.750,0.000,43.750,0.000,12.5,100.0
2606,2026-2027,25.000,0.000,25.000,25.000,25.000,0.000,25.000,0.000,50.0,100.0
2607,2026-2027,25.500,0.000,25.500,25.500,25.500,0.000,25.500,0.000,50.0,100.0
2608,2026-2027,40.000,0.000,40.000,40.000,40.000,0.000,40.000,0.000,50.0,100.0
2609,2026-2027,27.500,0.000,27.500,27.500,27.500,0.000,27.500,0.000,50.0,100.0
2610,2026-2027,7.500,0.000,7.500,52.500,52.500,0.000,52.500,0.000,12.5,100.0
2611,2026-2027,8.437,0.000,8.437,59.063,59.062,0.000,59.062,0.000,12.5,100.0
2612,2026-2027,30.000,0.000,30.000,30.000,30.000,0.000,30.000,0.000,50.0,100.0
2613,2026-2027,30.000,0.000,30.000,30.000,30.000,0.000,30.000,0.000,50.0,100.0
2614,2026-2027,25.000,0.000,25.000,25.000,25.000,0.000,25.000,0.000,50.0,100.0
2615,2026-2027,75.000,0.000,75.000,75.000,75.000,0.000,75.000,0.000,50.0,100.0
2616,2026-2027,75.000,0.000,75.000,75.000,75.000,0.000,75.000,0.000,50.0,100.0
2617,2026-2027,37.500,0.000,37.500,112.500,112.500,0.000,112.500,0.000,25.0,100.0
2618,2026-2027,25.000,0.000,25.000,25.000,25.000,0.000,25.000,0.000,50.0,100.0
2619,2026-2027,25.000,0.000,25.000,25.000,25.000,0.000,25.000,0.000,50.0,100.0
2620,2026-2027,12.500,0.000,12.500,87.500,87.500,0.000,87.500,0.000,12.5,100.0
2621,2026-2027,40.000,0.000,40.000,40.000,40.000,0.000,40.000,0.000,50.0,100.0
2622,2026-2027,50.000,0.000,50.000,50.000,50.000,0.000,50.000,0.000,50.0,100.0
2623,2026-2027,12.500,0.000,12.500,37.500,37.500,0.000,37.500,0.000,25.0,100.0
2624,2026-2027,25.000,0.000,25.000,25.000,25.000,0.000,25.000,0.000,50.0,100.0
2625,2026-2027,25.000,0.000,25.000,25.000,25.000,0.000,25.000,0.000,50.0,100.0
2626,2026-2027,25.000,0.000,25.000,25.000,25.000,0.000,25.000,0.000,50.0,100.0
2627,2026-2027,25.000,0.000,25.000,25.000,25.000,0.000,25.000,0.000,50.0,100.0
2628,2026-2027,25.000,0.000,25.000,25.000,25.000,0.000,25.000,0.000,50.0,100.0
2629,2026-2027,6.250,0.000,6.250,43.750,43.750,0.000,43.750,0.000,12.5,100.0
2630,2026-2027,25.000,0.000,25.000,25.000,25.000,0.000,25.000,0.000,50.0,100.0
2631,2026-2027,6.250,0.000,6.250,43.750,43.750,0.000,43.750,0.000,12.5,100.0
2632,2026-2027,25.000,0.000,25.000,25.000,25.000,0.000,25.000,0.000,50.0,100.0
2633,2026-2027,50.000,0.000,50.000,50.000,50.000,0.000,50.000,0.000,50.0,100.0
2634,2026-2027,37.500,0.000,37.500,37.500,37.500,0.000,37.500,0.000,50.0,100.0
2635,2026-2027,62.484,0.000,62.484,62.486,62.486,0.000,62.486,0.000,50.0,100.0
2636,2026-2027,6.250,0.000,6.250,43.750,43.750,0.000,43.750,0.000,12.5,100.0
2637,2026-2027,6.250,0.000,6.250,43.750,43.750,0.000,43.750,0.000,12.5,100.0
2638,2026-2027,50.000,0.000,50.000,50.000,50.000,0.000,50.000,0.000,50.0,100.0
2639,2026-2027,55.000,0.000,55.000,55.000,55.000,0.000,55.000,0.000,50.0,100.0
2640,2026-2027,14.091,0.000,14.091,42.274,42.274,0.000,42.274,0.000,25.0,100.0
2641,2026-2027,75.000,0.000,75.000,75.000,75.000,0.000,75.000,0.000,50.0,100.0
2642,2026-2027,50.144,0.000,50.144,50.146,50.146,0.000,50.146,0.000,50.0,100.0
2643,2026-2027,30.000,0.000,30.000,30.000,30.000,0.000,30.000,0.000,50.0,100.0
2644,2026-2027,30.000,0.000,30.000,30.000,30.000,0.000,30.000,0.000,50.0,100.0
2645,2026-2027,25.000,0.000,25.000,25.000,25.000,0.000,25.000,0.000,50.0,100.0
2646,2026-2027,25.000,0.000,25.000,25.000,25.000,0.000,25.000,0.000,50.0,100.0
2647,2026-2027,25.000,0.000,25.000,25.000,25.000,0.000,25.000,0.000,50.0,100.0
2648,2026-2027,30.000,0.000,30.000,30.000,30.000,0.000,30.000,0.000,50.0,100.0
2649,2026-2027,25.000,0.000,25.000,25.000,25.000,0.000,25.000,0.000,50.0,100.0
2650,2026-2027,25.000,0.000,25.000,25.000,25.000,0.000,25.000,0.000,50.0,100.0
2651,2026-2027,25.000,0.000,25.000,25.000,25.000,0.000,25.000,0.000,50.0,100.0
2652,2026-2027,25.000,0.000,25.000,25.000,25.000,0.000,25.000,0.000,50.0,100.0
2653,2026-2027,25.000,0.000,25.000,25.000,25.000,0.000,25.000,0.000,50.0,100.0
2654,2026-2027,25.000,0.000,25.000,25.000,25.000,0.000,25.000,0.000,50.0,100.0
2655,2026-2027,25.000,0.000,25.000,25.000,25.000,0.000,25.000,0.000,50.0,100.0
2656,2026-2027,25.000,0.000,25.000,25.000,25.000,0.000,25.000,0.000,50.0,100.0
2657,2026-2027,25.000,0.000,25.000,25.000,25.000,0.000,25.000,0.000,50.0,100.0
2658,2026-2027,25.000,0.000,25.000,25.000,25.000,0.000,25.000,0.000,50.0,100.0
2659,2026-2027,25.000,0.000,25.000,25.000,25.000,0.000,25.000,0.000,50.0,100.0
2660,2026-2027,50.000,0.000,50.000,50.000,50.000,0.000,50.000,0.000,50.0,100.0
2661,2026-2027,12.500,0.000,12.500,37.500,37.500,0.000,37.500,0.000,25.0,100.0
2662,2026-2027,12.500,0.000,12.500,37.500,37.500,0.000,37.500,0.000,25.0,100.0
2663,2026-2027,25.000,0.000,25.000,25.000,25.000,0.000,25.000,0.000,50.0,100.0
2664,2026-2027,25.000,0.000,25.000,25.000,25.000,0.000,25.000,0.000,50.0,100.0
2665,2026-2027,25.000,0.000,25.000,25.000,25.000,0.000,25.000,0.000,50.0,100.0
2666,2026-2027,30.000,0.000,30.000,30.000,30.000,0.000,30.000,0.000,50.0,100.0
2667,2026-2027,30.000,0.000,30.000,30.000,30.000,0.000,30.000,0.000,50.0,100.0
2668,2026-2027,35.000,0.000,35.000,35.000,35.000,0.000,35.000,0.000,50.0,100.0
2669,2026-2027,25.000,0.000,25.000,25.000,25.000,0.000,25.000,0.000,50.0,100.0
2670,2026-2027,35.000,0.000,35.000,35.000,35.000,0.000,35.000,0.000,50.0,100.0
2671,2026-2027,25.000,0.000,25.000,25.000,25.000,0.000,25.000,0.000,50.0,100.0
2672,2026-2027,45.000,0.000,45.000,45.000,45.000,0.000,45.000,0.000,50.0,100.0
2673,2026-2027,25.000,0.000,25.000,25.000,25.000,0.000,25.000,0.000,50.0,100.0
2674,2026-2027,25.000,0.000,25.000,25.000,25.000,0.000,25.000,0.000,50.0,100.0
2675,2026-2027,25.000,0.000,25.000,25.000,25.000,0.000,25.000,0.000,50.0,100.0
2676,2026-2027,25.000,0.000,25.000,25.000,25.000,0.000,25.000,0.000,50.0,100.0
2677,2026-2027,25.000,0.000,25.000,25.000,25.000,0.000,25.000,0.000,50.0,100.0
2678,2026-2027,25.000,0.000,25.000,25.000,25.000,0.000,25.000,0.000,50.0,100.0
2679,2026-2027,25.000,0.000,25.000,25.000,25.000,0.000,25.000,0.000,50.0,100.0
2680,2026-2027,25.000,0.000,25.000,25.000,25.000,0.000,25.000,0.000,50.0,100.0
2681,2026-2027,25.000,0.000,25.000,25.000,25.000,0.000,25.000,0.000,50.0,100.0
2682,2026-2027,25.000,0.000,25.000,25.000,25.000,0.000,25.000,0.000,50.0,100.0
2683,2026-2027,25.000,0.000,25.000,25.000,25.000,0.000,25.000,0.000,50.0,100.0
2684,2026-2027,25.000,0.000,25.000,25.000,25.000,0.000,25.000,0.000,50.0,100.0
2685,2026-2027,25.000,0.000,25.000,25.000,25.000,0.000,25.000,0.000,50.0,100.0
2686,2026-2027,30.000,0.000,30.000,30.000,30.000,0.000,30.000,0.000,50.0,100.0
2687,2026-2027,25.000,0.000,25.000,25.000,25.000,0.000,25.000,0.000,50.0,100.0
2688,2026-2027,6.250,0.000,6.250,43.750,43.750,0.000,43.750,0.000,12.5,100.0
2689,2026-2027,6.250,0.000,6.250,43.750,43.750,0.000,43.750,0.000,12.5,100.0
2690,2026-2027,6.250,0.000,6.250,43.750,43.750,0.000,43.750,0.000,12.5,100.0
2691,2026-2027,10.000,0.000,10.000,70.000,70.000,0.000,70.000,0.000,12.5,100.0
2692,2026-2027,25.000,0.000,25.000,25.000,25.000,0.000,25.000,0.000,50.0,100.0
2693,2026-2027,25.000,0.000,25.000,75.000,75.000,0.000,75.000,0.000,25.0,100.0
2694,2026-2027,25.000,0.000,25.000,25.000,25.000,0.000,25.000,0.000,50.0,100.0
2695,2026-2027,25.000,0.000,25.000,25.000,25.000,0.000,25.000,0.000,50.0,100.0
2696,2026-2027,25.000,0.000,25.000,25.000,25.000,0.000,25.000,0.000,50.0,100.0
2697,2026-2027,25.000,0.000,25.000,25.000,25.000,0.000,25.000,0.000,50.0,100.0
2698,2026-2027,25.000,0.000,25.000,25.000,25.000,0.000,25.000,0.000,50.0,100.0
2699,2026-2027,25.000,0.000,25.000,25.000,25.000,0.000,25.000,0.000,50.0,100.0
2700,2026-2027,25.000,0.000,25.000,25.000,25.000,0.000,25.000,0.000,50.0,100.0
2701,2026-2027,25.000,0.000,25.000,25.000,25.000,0.000,25.000,0.000,50.0,100.0
2702,2026-2027,25.000,0.000,25.000,25.000,25.000,0.000,25.000,0.000,50.0,100.0
2703,2026-2027,50.000,0.000,50.000,50.000,50.000,0.000,50.000,0.000,50.0,100.0
2704,2026-2027,25.000,0.000,25.000,25.000,25.000,0.000,25.000,0.000,50.0,100.0
2705,2026-2027,50.000,0.000,50.000,50.000,50.000,0.000,50.000,0.000,50.0,100.0
2706,2026-2027,25.000,0.000,25.000,25.000,25.000,0.000,25.000,0.000,50.0,100.0
2707,2026-2027,25.000,0.000,25.000,25.000,25.000,0.000,25.000,0.000,50.0,100.0
2708,2026-2027,25.000,0.000,25.000,25.000,25.000,0.000,25.000,0.000,50.0,100.0
2709,2026-2027,25.000,0.000,25.000,25.000,25.000,0.000,25.000,0.000,50.0,100.0
2710,2026-2027,25.000,0.000,25.000,25.000,25.000,0.000,25.000,0.000,50.0,100.0
2711,2026-2027,37.500,0.000,37.500,112.500,112.500,0.000,112.500,0.000,25.0,100.0
2712,2026-2027,25.000,0.000,25.000,25.000,25.000,0.000,25.000,0.000,50.0,100.0
2713,2026-2027,75.000,0.000,75.000,75.000,75.000,0.000,75.000,0.000,50.0,100.0
2714,2026-2027,75.000,0.000,75.000,75.000,75.000,0.000,75.000,0.000,50.0,100.0
2715,2026-2027,75.000,0.000,75.000,75.000,75.000,0.000,75.000,0.000,50.0,100.0
2716,2026-2027,16.875,0.000,16.875,50.625,50.625,0.000,50.625,0.000,25.0,100.0
2717,2026-2027,50.000,0.000,50.000,150.000,150.000,0.000,150.000,0.000,25.0,100.0
2718,2026-2027,37.500,0.000,37.500,112.500,112.500,0.000,112.500,0.000,25.0,100.0
2719,2026-2027,31.250,0.000,31.250,93.750,93.750,0.000,93.750,0.000,25.0,100.0
2720,2026-2027,11.250,0.000,11.250,33.750,33.750,0.000,33.750,0.000,25.0,100.0
2721,2026-2027,15.000,0.000,15.000,45.000,45.000,0.000,45.000,0.000,25.0,100.0
2722,2026-2027,12.500,0.000,12.500,37.500,37.500,0.000,37.500,0.000,25.0,100.0
2723,2026-2027,65.000,0.000,65.000,65.000,65.000,0.000,65.000,0.000,50.0,100.0
2724,2026-2027,25.000,0.000,25.000,25.000,25.000,0.000,25.000,0.000,50.0,100.0
2725,2026-2027,18.750,0.000,18.750,131.250,131.250,0.000,131.250,0.000,12.5,100.0
2726,2026-2027,12.500,0.000,12.500,87.500,87.500,0.000,87.500,0.000,12.5,100.0
2727,2026-2027,50.000,0.000,50.000,50.000,50.000,0.000,50.000,0.000,50.0,100.0
2728,2026-2027,50.000,0.000,50.000,50.000,50.000,0.000,50.000,0.000,50.0,100.0
2729,2026-2027,50.000,0.000,50.000,50.000,50.000,0.000,50.000,0.000,50.0,100.0
2730,2026-2027,50.000,0.000,50.000,50.000,50.000,0.000,50.000,0.000,50.0,100.0
2731,2026-2027,15.000,0.000,15.000,105.000,105.000,0.000,105.000,0.000,12.5,100.0
2732,2026-2027,15.000,0.000,15.000,105.000,105.000,0.000,105.000,0.000,12.5,100.0
2733,2026-2027,23.750,0.000,23.750,166.250,166.250,0.000,166.250,0.000,12.5,100.0
2734,2026-2027,62.500,0.000,62.500,62.500,62.500,0.000,62.500,0.000,50.0,100.0
2735,2026-2027,25.000,0.000,25.000,25.000,25.000,0.000,25.000,0.000,50.0,100.0
2736,2026-2027,18.750,0.000,18.750,56.250,56.250,0.000,56.250,0.000,25.0,100.0
2737,2026-2027,35.000,0.000,35.000,35.000,35.000,0.000,35.000,0.000,50.0,100.0
2738,2026-2027,30.000,0.000,30.000,30.000,30.000,0.000,30.000,0.000,50.0,100.0
2739,2026-2027,25.000,0.000,25.000,25.000,25.000,0.000,25.000,0.000,50.0,100.0
2740,2026-2027,37.750,0.000,37.750,37.750,37.750,0.000,37.750,0.000,50.0,100.0
2741,2026-2027,50.000,0.000,50.000,50.000,50.000,0.000,50.000,0.000,50.0,100.0
2742,2026-2027,47.500,0.000,47.500,47.500,47.500,0.000,47.500,0.000,50.0,100.0
2743,2026-2027,77.500,0.000,77.500,77.500,77.500,0.000,77.500,0.000,50.0,100.0
2744,2026-2027,12.500,0.000,12.500,37.500,37.500,0.000,37.500,0.000,25.0,100.0
2745,2026-2027,12.500,0.000,12.500,37.500,37.500,0.000,37.500,0.000,25.0,100.0
2746,2026-2027,12.500,0.000,12.500,37.500,37.500,0.000,37.500,0.000,25.0,100.0
2747,2026-2027,12.500,0.000,12.500,87.500,87.500,0.000,87.500,0.000,12.5,100.0
2748,2026-2027,25.000,0.000,25.000,25.000,25.000,0.000,25.000,0.000,50.0,100.0
2749,2026-2027,25.000,0.000,25.000,25.000,25.000,0.000,25.000,0.000,50.0,100.0
2750,2026-2027,12.500,0.000,12.500,37.500,37.500,0.000,37.500,0.000,25.0,100.0
2751,2026-2027,12.500,0.000,12.500,37.500,37.500,0.000,37.500,0.000,25.0,100.0
2752,2026-2027,25.000,0.000,25.000,25.000,25.000,0.000,25.000,0.000,50.0,100.0
2753,2026-2027,25.000,0.000,25.000,25.000,25.000,0.000,25.000,0.000,50.0,100.0
2754,2026-2027,25.000,0.000,25.000,25.000,25.000,0.000,25.000,0.000,50.0,100.0
2755,2026-2027,25.000,0.000,25.000,25.000,25.000,0.000,25.000,0.000,50.0,100.0
2756,2026-2027,25.000,0.000,25.000,25.000,25.000,0.000,25.000,0.000,50.0,100.0
2757,2026-2027,50.000,0.000,50.000,150.000,150.000,0.000,150.000,0.000,25.0,100.0
2758,2026-2027,75.000,0.000,75.000,75.000,75.000,0.000,75.000,0.000,50.0,100.0
2759,2026-2027,90.000,0.000,90.000,90.000,90.000,0.000,90.000,0.000,50.0,100.0
2760,2026-2027,6.250,0.000,6.250,43.750,43.750,0.000,43.750,0.000,12.5,100.0
2761,2026-2027,50.000,0.000,50.000,50.000,50.000,0.000,50.000,0.000,50.0,100.0
2762,2026-2027,40.000,0.000,40.000,40.000,40.000,0.000,40.000,0.000,50.0,100.0
2763,2026-2027,60.000,0.000,60.000,60.000,60.000,0.000,60.000,0.000,50.0,100.0
2764,2026-2027,40.000,0.000,40.000,40.000,40.000,0.000,40.000,0.000,50.0,100.0
2765,2026-2027,75.000,0.000,75.000,75.000,75.000,0.000,75.000,0.000,50.0,100.0
2766,2026-2027,6.250,0.000,6.250,43.750,43.750,0.000,43.750,0.000,12.5,100.0
2767,2026-2027,7.500,0.000,7.500,52.500,52.500,0.000,52.500,0.000,12.5,100.0
2768,2026-2027,100.000,0.000,100.000,100.000,100.000,0.000,100.000,0.000,50.0,100.0
2769,2026-2027,60.000,0.000,60.000,60.000,60.000,0.000,60.000,0.000,50.0,100.0
2770,2026-2027,12.500,0.000,12.500,37.500,37.500,0.000,37.500,0.000,25.0,100.0
2771,2026-2027,12.500,0.000,12.500,37.500,37.500,0.000,37.500,0.000,25.0,100.0
2772,2026-2027,35.000,0.000,35.000,35.000,35.000,0.000,35.000,0.000,50.0,100.0
2773,2026-2027,30.000,0.000,30.000,30.000,30.000,0.000,30.000,0.000,50.0,100.0
2774,2026-2027,12.500,0.000,12.500,37.500,37.500,0.000,37.500,0.000,25.0,100.0
2775,2026-2027,12.500,0.000,12.500,37.500,37.500,0.000,37.500,0.000,25.0,100.0
2776,2026-2027,38.750,0.000,38.750,116.250,116.000,0.000,116.000,0.000,25.0,99.8
2777,2026-2027,39.250,0.000,39.250,117.750,117.750,0.000,117.750,0.000,25.0,100.0
2778,2026-2027,25.000,0.000,25.000,25.000,25.000,0.000,25.000,0.000,50.0,100.0
2779,2026-2027,25.000,0.000,25.000,25.000,25.000,0.000,25.000,0.000,50.0,100.0
2780,2026-2027,92.442,0.000,92.442,92.413,92.413,0.000,92.413,0.000,50.0,100.0
2781,2026-2027,48.743,0.000,48.743,48.752,48.752,0.000,48.752,0.000,50.0,100.0
2782,2026-2027,12.500,0.000,12.500,37.500,37.500,0.000,37.500,0.000,25.0,100.0
2783,2026-2027,25.000,0.000,25.000,75.000,75.000,0.000,75.000,0.000,25.0,100.0
2784,2026-2027,12.500,0.000,12.500,37.500,37.500,0.000,37.500,0.000,25.0,100.0
2785,2026-2027,12.500,0.000,12.500,37.500,37.500,0.000,37.500,0.000,25.0,100.0
2786,2026-2027,12.500,0.000,12.500,37.500,37.500,0.000,37.500,0.000,25.0,100.0
2787,2026-2027,12.500,0.000,12.500,37.500,37.500,0.000,37.500,0.000,25.0,100.0
2788,2026-2027,12.500,0.000,12.500,37.500,37.500,0.000,37.500,0.000,25.0,100.0
2789,2026-2027,25.000,0.000,25.000,25.000,25.000,0.000,25.000,0.000,50.0,100.0
2790,2026-2027,50.000,0.000,50.000,50.000,50.000,0.000,50.000,0.000,50.0,100.0
2791,2026-2027,50.000,0.000,50.000,50.000,50.000,0.000,50.000,0.000,50.0,100.0
2792,2026-2027,75.000,0.000,75.000,75.000,75.000,0.000,75.000,0.000,50.0,100.0
2793,2026-2027,50.000,0.000,50.000,50.000,50.000,0.000,50.000,0.000,50.0,100.0
2794,2026-2027,50.000,0.000,50.000,50.000,50.000,0.000,50.000,0.000,50.0,100.0
2795,2026-2027,25.000,0.000,25.000,25.000,25.000,0.000,25.000,0.000,50.0,100.0
2796,2026-2027,12.500,0.000,12.500,37.500,37.500,0.000,37.500,0.000,25.0,100.0
2797,2026-2027,25.000,0.000,25.000,25.000,25.000,0.000,25.000,0.000,50.0,100.0
2798,2026-2027,59.800,0.000,59.800,59.802,59.801,0.000,59.801,0.000,50.0,100.0
2799,2026-2027,25.000,0.000,25.000,25.000,25.000,0.000,25.000,0.000,50.0,100.0
2800,2026-2027,74.984,0.000,74.984,74.984,74.984,0.000,74.984,0.000,50.0,100.0
2801,2026-2027,25.000,0.000,25.000,25.000,25.000,0.000,25.000,0.000,50.0,100.0
2802,2026-2027,12.500,0.000,12.500,37.500,37.500,0.000,37.500,0.000,25.0,100.0
2803,2026-2027,12.500,0.000,12.500,37.500,37.500,0.000,37.500,0.000,25.0,100.0
2804,2026-2027,161.156,0.000,161.156,483.471,483.470,0.000,483.470,0.000,25.0,100.0
2805,2026-2027,66.651,0.000,66.651,199.951,199.951,0.000,199.951,0.000,25.0,100.0
2806,2026-2027,25.000,0.000,25.000,75.000,75.000,0.000,75.000,0.000,25.0,100.0
2807,2026-2027,25.000,0.000,25.000,75.000,75.000,0.000,75.000,0.000,25.0,100.0
2808,2026-2027,25.000,0.000,25.000,75.000,75.000,0.000,75.000,0.000,25.0,100.0
2809,2026-2027,37.500,0.000,37.500,112.500,112.500,0.000,112.500,0.000,25.0,100.0
2810,2026-2027,25.000,0.000,25.000,75.000,75.000,0.000,75.000,0.000,25.0,100.0
2811,2026-2027,14.288,0.000,14.288,42.864,42.864,0.000,42.864,0.000,25.0,100.0
2812,2026-2027,12.500,0.000,12.500,37.500,37.500,0.000,37.500,0.000,25.0,100.0
2813,2026-2027,5.500,0.000,5.500,56.500,56.500,0.000,56.500,0.000,8.9,100.0
2814,2026-2027,20.213,0.000,20.213,60.640,60.639,0.000,60.639,0.000,25.0,100.0
2815,2026-2027,23.750,0.000,23.750,71.250,71.250,0.000,71.250,0.000,25.0,100.0
2816,2026-2027,49.765,0.000,49.765,149.295,149.295,0.000,149.295,0.000,25.0,100.0
2817,2026-2027,49.983,0.000,49.983,149.947,149.947,0.000,149.947,0.000,25.0,100.0
2818,2026-2027,62.500,0.000,62.500,187.500,187.500,0.000,187.500,0.000,25.0,100.0
2819,2026-2027,0.000,0.000,0.000,50.000,50.000,0.000,50.000,0.000,0.0,100.0
2820,2026-2027,0.000,0.000,0.000,50.000,50.000,0.000,50.000,0.000,0.0,100.0
2821,2026-2027,25.000,0.000,25.000,75.000,75.000,0.000,75.000,0.000,25.0,100.0
2822,2026-2027,25.000,0.000,25.000,75.000,75.000,0.000,75.000,0.000,25.0,100.0
2823,2026-2027,12.500,0.000,12.500,37.500,37.500,0.000,37.500,0.000,25.0,100.0
2824,2026-2027,0.000,0.000,0.000,4000.000,4000.000,0.000,4000.000,0.000,0.0,100.0
2825,2026-2027,0.000,0.000,0.000,96.400,7.000,0.000,7.000,0.000,0.0,7.3
2826,2026-2027,80.575,0.000,593.047,282.547,0.000,75.000,75.000,0.000,67.7,76.3
2827,2026-2027,0.000,0.000,1333.745,268.836,0.001,0.000,0.001,0.000,83.2,83.2
2828,2026-2027,227.577,0.000,4636.544,632.456,6.000,1.000,7.000,0.000,88.0,88.1
2829,2026-2027,0.000,0.000,1093.328,482.616,7.000,0.000,7.000,0.000,69.4,69.8
2830,2026-2027,159.204,0.000,3264.447,500.201,7.000,0.000,7.000,0.000,86.7,86.9
2831,2026-2027,25.000,0.000,360.660,304.811,0.000,12.656,12.656,0.000,54.2,56.1
2832,2026-2027,150.000,0.000,1265.383,2486.385,7.500,0.000,7.500,0.000,33.7,33.9
2833,2026-2027,120.000,0.000,200.000,200.000,50.000,0.000,50.000,0.000,50.0,62.5
2834,2026-2027,24.517,0.000,140.258,18.215,18.215,0.000,18.215,0.000,88.5,100.0
2835,2026-2027,15.000,0.000,201.039,110.725,7.000,0.000,7.000,0.000,64.5,66.7
2836,2026-2027,30.000,0.000,112.915,107.585,7.000,0.000,7.000,0.000,51.2,54.4
2837,2026-2027,22.500,0.000,226.255,195.065,7.000,0.000,7.000,0.000,53.7,55.4
2838,2026-2027,15.000,0.000,155.409,145.478,6.000,0.000,6.000,0.000,51.7,53.6
2839,2026-2027,22.500,0.000,86.018,87.124,6.528,0.000,6.528,0.000,49.7,53.5
2840,2026-2027,30.000,0.000,64.243,157.757,6.000,0.000,6.000,0.000,28.9,31.6
2841,2026-2027,30.000,0.000,93.270,63.210,6.000,0.000,6.000,0.000,59.6,63.4
2842,2026-2027,15.000,0.000,139.122,88.647,6.000,0.000,6.000,0.000,61.1,63.7
2843,2026-2027,30.000,0.000,187.955,275.713,6.000,0.000,6.000,0.000,40.5,41.8
2844,2026-2027,30.000,0.000,210.791,95.267,6.000,0.000,6.000,0.000,68.9,70.8
2845,2026-2027,0.000,0.000,0.000,2000.000,10.000,0.000,10.000,0.000,0.0,0.5
2846,2026-2027,0.000,0.000,0.000,20.000,5.000,0.000,5.000,0.000,0.0,25.0
2847,2026-2027,0.000,0.000,716.368,38.369,38.369,0.000,38.369,0.000,94.9,100.0
2848,2026-2027,50.000,0.000,775.576,250.131,7.000,0.000,7.000,0.000,75.6,76.3
2849,2026-2027,0.000,0.000,349.866,77.782,7.000,0.000,7.000,0.000,81.8,83.4
2850,2026-2027,50.000,0.000,252.187,472.505,7.000,0.000,7.000,0.000,34.8,35.8
2851,2026-2027,300.000,0.000,561.656,243.670,7.000,0.000,7.000,0.000,69.7,70.6
2852,2026-2027,10.827,0.000,143.937,162.468,7.000,0.000,7.000,0.000,47.0,49.3
2853,2026-2027,0.000,0.000,145.168,52.456,7.000,0.000,7.000,0.000,73.5,77.0
2854,2026-2027,0.000,0.000,0.244,48.756,48.756,0.000,48.756,0.000,0.5,100.0
2855,2026-2027,159.310,0.000,539.047,159.310,7.000,0.000,7.000,0.000,77.2,78.2
2856,2026-2027,50.555,0.000,75.480,102.469,7.000,0.000,7.000,0.000,42.4,46.4
2857,2026-2027,50.679,0.000,514.446,80.119,7.000,0.000,7.000,0.000,86.5,87.7
2858,2026-2027,129.942,0.000,484.729,1046.817,7.000,0.000,7.000,0.000,31.6,32.1
2859,2026-2027,150.000,0.000,305.800,888.074,7.000,0.000,7.000,0.000,25.6,26.2
2860,2026-2027,0.000,0.000,159.437,40.563,40.563,0.000,40.563,0.000,79.7,100.0
2861,2026-2027,3.883,0.000,179.348,10.569,10.569,0.000,10.569,0.000,94.4,100.0
2862,2026-2027,0.000,0.000,246.986,153.014,7.000,0.000,7.000,0.000,61.7,63.5
2863,2026-2027,17.038,0.000,64.063,27.383,27.383,0.000,27.383,0.000,70.1,100.0
2864,2026-2027,173.749,0.000,473.749,1121.977,7.000,0.000,7.000,0.000,29.7,30.1
2865,2026-2027,41.407,0.000,58.573,41.427,41.427,0.000,41.427,0.000,58.6,100.0
2866,2026-2027,30.469,0.000,69.446,30.554,30.554,0.000,30.554,0.000,69.4,100.0
2867,2026-2027,3.555,0.000,23.078,26.922,26.922,0.000,26.922,0.000,46.2,100.0
2868,2026-2027,12.500,0.000,12.500,679.204,7.000,0.000,7.000,0.000,1.8,2.8
2869,2026-2027,50.000,0.000,228.048,502.223,7.000,0.000,7.000,0.000,31.2,32.2
2870,2026-2027,25.000,0.000,143.199,322.801,7.000,0.000,7.000,0.000,30.7,32.2
2871,2026-2027,50.000,0.000,109.992,90.008,7.000,0.000,7.000,0.000,55.0,58.5
2872,2026-2027,0.000,0.000,49.992,50.008,7.000,0.000,7.000,0.000,50.0,57.0
2873,2026-2027,60.000,0.000,60.000,137.289,7.000,0.000,7.000,0.000,30.4,34.0
2874,2026-2027,169.144,0.000,169.144,23.436,23.435,0.000,23.435,0.000,87.8,100.0
2875,2026-2027,36.110,0.000,84.857,110.143,7.000,0.000,7.000,0.000,43.5,47.1
2876,2026-2027,8.895,0.000,8.930,35.421,35.421,0.000,35.421,0.000,20.1,100.0
2877,2026-2027,200.000,0.000,200.432,909.425,7.000,0.000,7.000,0.000,18.1,18.7
2878,2026-2027,70.000,0.000,70.000,85.697,7.000,0.000,7.000,0.000,45.0,49.5
2879,2026-2027,288.915,0.000,288.965,30.945,30.945,0.000,30.945,0.000,90.3,100.0
2880,2026-2027,26.782,0.000,64.258,10.742,10.742,0.000,10.742,0.000,85.7,100.0
2881,2026-2027,30.000,0.000,60.000,50.000,50.000,0.000,50.000,0.000,54.5,100.0
2882,2026-2027,100.000,0.000,100.000,755.581,7.000,0.000,7.000,0.000,11.7,12.5
2883,2026-2027,350.000,0.000,350.000,214.870,7.000,0.000,7.000,0.000,62.0,63.2
2884,2026-2027,250.000,0.000,250.000,245.230,7.000,0.000,7.000,0.000,50.5,51.9
2885,2026-2027,50.000,0.000,50.000,149.681,7.000,0.000,7.000,0.000,25.0,28.5
2886,2026-2027,25.000,0.000,25.000,174.984,7.000,0.000,7.000,0.000,12.5,16.0
2887,2026-2027,50.000,0.000,50.000,148.689,7.000,0.000,7.000,0.000,25.2,28.7
2888,2026-2027,8.750,0.000,8.750,61.250,7.000,0.000,7.000,0.000,12.5,22.5
2889,2026-2027,8.125,0.000,8.125,56.875,7.000,0.000,7.000,0.000,12.5,23.3
2890,2026-2027,2.500,0.000,2.500,17.500,17.500,0.000,17.500,0.000,12.5,100.0
2891,2026-2027,10.000,0.000,10.000,10.000,10.000,0.000,10.000,0.000,50.0,100.0
2892,2026-2027,25.000,0.000,25.000,75.000,7.000,0.000,7.000,0.000,25.0,32.0
2893,2026-2027,60.486,0.000,60.486,181.455,7.000,0.000,7.000,0.000,25.0,27.9
2894,2026-2027,31.250,0.000,31.250,218.750,7.000,0.000,7.000,0.000,12.5,15.3
2895,2026-2027,12.500,0.000,12.500,87.500,7.000,0.000,7.000,0.000,12.5,19.5
2896,2026-2027,3.386,0.000,3.386,23.702,23.702,0.000,23.702,0.000,12.5,100.0
2897,2026-2027,0.000,0.000,0.000,100.000,7.000,0.000,7.000,0.000,0.0,7.0
2898,2026-2027,0.000,0.000,0.000,90.000,7.000,0.000,7.000,0.000,0.0,7.8
2899,2026-2027,125.000,0.000,125.000,125.000,7.000,0.000,7.000,0.000,50.0,52.8
2900,2026-2027,200.000,0.000,200.000,197.470,7.000,0.000,7.000,0.000,50.3,52.1
2901,2026-2027,1000.000,0.000,1000.000,1000.000,1000.000,0.000,1000.000,0.000,50.0,100.0
2902,2026-2027,15.000,0.000,15.000,105.000,7.000,0.000,7.000,0.000,12.5,18.3
2903,2026-2027,7.500,0.000,7.500,52.500,52.500,0.000,52.500,0.000,12.5,100.0
2904,2026-2027,23.750,0.000,23.750,166.250,166.250,0.000,166.250,0.000,12.5,100.0
2905,2026-2027,30.000,0.000,30.000,30.000,30.000,0.000,30.000,0.000,50.0,100.0
2906,2026-2027,17.500,0.000,17.500,52.500,52.500,0.000,52.500,0.000,25.0,100.0
2907,2026-2027,6.250,0.000,6.250,43.750,43.750,0.000,43.750,0.000,12.5,100.0
2908,2026-2027,6.250,0.000,6.250,43.750,43.750,0.000,43.750,0.000,12.5,100.0
2909,2026-2027,6.250,0.000,6.250,43.750,43.750,0.000,43.750,0.000,12.5,100.0
2910,2026-2027,6.250,0.000,6.250,43.750,43.750,0.000,43.750,0.000,12.5,100.0
2911,2026-2027,23.750,0.000,23.750,166.250,166.250,0.000,166.250,0.000,12.5,100.0
2912,2026-2027,6.250,0.000,6.250,43.750,43.750,0.000,43.750,0.000,12.5,100.0
2913,2026-2027,6.250,0.000,6.250,43.750,43.750,0.000,43.750,0.000,12.5,100.0
2914,2026-2027,6.250,0.000,6.250,43.750,43.750,0.000,43.750,0.000,12.5,100.0
2915,2026-2027,6.250,0.000,6.250,43.750,43.750,0.000,43.750,0.000,12.5,100.0
2916,2026-2027,6.250,0.000,6.250,43.750,43.750,0.000,43.750,0.000,12.5,100.0
2917,2026-2027,6.250,0.000,6.250,43.750,43.750,0.000,43.750,0.000,12.5,100.0
2918,2026-2027,6.250,0.000,6.250,43.750,43.750,0.000,43.750,0.000,12.5,100.0
2919,2026-2027,6.250,0.000,6.250,43.750,43.750,0.000,43.750,0.000,12.5,100.0
2920,2026-2027,30.000,0.000,30.000,30.000,30.000,0.000,30.000,0.000,50.0,100.0
2921,2026-2027,12.500,0.000,12.500,37.500,37.500,0.000,37.500,0.000,25.0,100.0
2922,2026-2027,25.000,0.000,25.000,25.000,25.000,0.000,25.000,0.000,50.0,100.0
2923,2026-2027,8.825,0.000,8.825,61.775,61.775,0.000,61.775,0.000,12.5,100.0
2924,2026-2027,65.800,0.000,65.800,65.800,65.800,0.000,65.800,0.000,50.0,100.0
2925,2026-2027,35.000,0.000,35.000,35.000,35.000,0.000,35.000,0.000,50.0,100.0
2926,2026-2027,15.000,0.000,15.000,105.000,105.000,0.000,105.000,0.000,12.5,100.0
2927,2026-2027,16.250,0.000,16.250,113.750,113.750,0.000,113.750,0.000,12.5,100.0
2928,2026-2027,27.000,0.000,27.000,27.000,27.000,0.000,27.000,0.000,50.0,100.0
2929,2026-2027,18.750,0.000,18.750,56.250,56.250,0.000,56.250,0.000,25.0,100.0
2930,2026-2027,25.000,0.000,25.000,25.000,25.000,0.000,25.000,0.000,50.0,100.0
2931,2026-2027,47.500,0.000,47.500,47.500,47.500,0.000,47.500,0.000,50.0,100.0
2932,2026-2027,45.000,0.000,45.000,45.000,45.000,0.000,45.000,0.000,50.0,100.0
2933,2026-2027,32.500,0.000,32.500,32.500,32.500,0.000,32.500,0.000,50.0,100.0
2934,2026-2027,32.500,0.000,32.500,32.500,32.500,0.000,32.500,0.000,50.0,100.0
2935,2026-2027,32.500,0.000,32.500,32.500,32.500,0.000,32.500,0.000,50.0,100.0
2936,2026-2027,37.500,0.000,37.500,37.500,37.500,0.000,37.500,0.000,50.0,100.0
2937,2026-2027,12.500,0.000,12.500,37.500,37.500,0.000,37.500,0.000,25.0,100.0
2938,2026-2027,25.000,0.000,25.000,25.000,25.000,0.000,25.000,0.000,50.0,100.0
2939,2026-2027,25.000,0.000,25.000,25.000,25.000,0.000,25.000,0.000,50.0,100.0
2940,2026-2027,50.000,0.000,50.000,50.000,50.000,0.000,50.000,0.000,50.0,100.0
2941,2026-2027,50.000,0.000,50.000,50.000,50.000,0.000,50.000,0.000,50.0,100.0
2942,2026-2027,25.000,0.000,25.000,25.000,25.000,0.000,25.000,0.000,50.0,100.0
2943,2026-2027,25.000,0.000,25.000,25.000,25.000,0.000,25.000,0.000,50.0,100.0
2944,2026-2027,25.000,0.000,25.000,25.000,25.000,0.000,25.000,0.000,50.0,100.0
2945,2026-2027,50.000,0.000,50.000,50.000,50.000,0.000,50.000,0.000,50.0,100.0
2946,2026-2027,50.000,0.000,50.000,50.000,50.000,0.000,50.000,0.000,50.0,100.0
2947,2026-2027,25.000,0.000,25.000,25.000,25.000,0.000,25.000,0.000,50.0,100.0
2948,2026-2027,25.000,0.000,25.000,25.000,25.000,0.000,25.000,0.000,50.0,100.0
2949,2026-2027,22.500,0.000,22.500,67.500,67.500,0.000,67.500,0.000,25.0,100.0
2950,2026-2027,60.000,0.000,60.000,60.000,60.000,0.000,60.000,0.000,50.0,100.0
2951,2026-2027,6.250,0.000,6.250,43.750,43.750,0.000,43.750,0.000,12.5,100.0
2952,2026-2027,30.000,0.000,30.000,30.000,30.000,0.000,30.000,0.000,50.0,100.0
2953,2026-2027,28.500,0.000,28.500,28.500,28.500,0.000,28.500,0.000,50.0,100.0
2954,2026-2027,62.500,0.000,62.500,62.500,62.500,0.000,62.500,0.000,50.0,100.0
2955,2026-2027,12.500,0.000,12.500,87.500,87.500,0.000,87.500,0.000,12.5,100.0
2956,2026-2027,6.250,0.000,6.250,43.750,43.750,0.000,43.750,0.000,12.5,100.0
2957,2026-2027,25.000,0.000,25.000,25.000,25.000,0.000,25.000,0.000,50.0,100.0
2958,2026-2027,25.000,0.000,25.000,25.000,25.000,0.000,25.000,0.000,50.0,100.0
2959,2026-2027,25.000,0.000,25.000,25.000,25.000,0.000,25.000,0.000,50.0,100.0
2960,2026-2027,25.000,0.000,25.000,25.000,25.000,0.000,25.000,0.000,50.0,100.0
2961,2026-2027,37.500,0.000,37.500,37.500,37.500,0.000,37.500,0.000,50.0,100.0
2962,2026-2027,25.000,0.000,25.000,25.000,25.000,0.000,25.000,0.000,50.0,100.0
2963,2026-2027,37.500,0.000,37.500,37.500,37.500,0.000,37.500,0.000,50.0,100.0
2964,2026-2027,30.000,0.000,30.000,30.000,30.000,0.000,30.000,0.000,50.0,100.0
2965,2026-2027,6.250,0.000,6.250,43.750,43.750,0.000,43.750,0.000,12.5,100.0
2966,2026-2027,26.484,0.000,26.484,26.486,26.486,0.000,26.486,0.000,50.0,100.0
2967,2026-2027,45.684,0.000,45.684,46.046,46.046,0.000,46.046,0.000,49.8,100.0
2968,2026-2027,30.044,0.000,30.044,30.046,30.046,0.000,30.046,0.000,50.0,100.0
2969,2026-2027,65.000,0.000,65.000,65.000,65.000,0.000,65.000,0.000,50.0,100.0
2970,2026-2027,35.000,0.000,35.000,35.000,35.000,0.000,35.000,0.000,50.0,100.0
2971,2026-2027,25.000,0.000,25.000,25.000,25.000,0.000,25.000,0.000,50.0,100.0
2972,2026-2027,40.000,0.000,40.000,40.000,40.000,0.000,40.000,0.000,50.0,100.0
2973,2026-2027,30.000,0.000,30.000,30.000,30.000,0.000,30.000,0.000,50.0,100.0
2974,2026-2027,63.000,0.000,63.000,63.000,63.000,0.000,63.000,0.000,50.0,100.0
2975,2026-2027,67.249,0.000,67.249,67.251,67.250,0.000,67.250,0.000,50.0,100.0
2976,2026-2027,67.000,0.000,67.000,67.000,67.000,0.000,67.000,0.000,50.0,100.0
2977,2026-2027,75.000,0.000,75.000,75.000,75.000,0.000,75.000,0.000,50.0,100.0
2978,2026-2027,50.000,0.000,50.000,50.000,50.000,0.000,50.000,0.000,50.0,100.0
2979,2026-2027,50.000,0.000,50.000,50.000,50.000,0.000,50.000,0.000,50.0,100.0
2980,2026-2027,25.000,0.000,25.000,25.000,25.000,0.000,25.000,0.000,50.0,100.0
2981,2026-2027,40.000,0.000,40.000,40.000,40.000,0.000,40.000,0.000,50.0,100.0
2982,2026-2027,33.902,0.000,33.902,33.902,33.902,0.000,33.902,0.000,50.0,100.0
2983,2026-2027,25.000,0.000,25.000,25.000,25.000,0.000,25.000,0.000,50.0,100.0
2984,2026-2027,25.000,0.000,25.000,25.000,25.000,0.000,25.000,0.000,50.0,100.0
2985,2026-2027,30.000,0.000,30.000,30.000,30.000,0.000,30.000,0.000,50.0,100.0
2986,2026-2027,80.000,0.000,80.000,80.000,80.000,0.000,80.000,0.000,50.0,100.0
2987,2026-2027,12.500,0.000,12.500,37.500,37.500,0.000,37.500,0.000,25.0,100.0
2988,2026-2027,50.000,0.000,50.000,50.000,50.000,0.000,50.000,0.000,50.0,100.0
2989,2026-2027,90.000,0.000,90.000,90.000,90.000,0.000,90.000,0.000,50.0,100.0
2990,2026-2027,12.500,0.000,12.500,37.500,37.500,0.000,37.500,0.000,25.0,100.0
2991,2026-2027,25.000,0.000,25.000,25.000,25.000,0.000,25.000,0.000,50.0,100.0
2992,2026-2027,50.000,0.000,50.000,50.000,50.000,0.000,50.000,0.000,50.0,100.0
2993,2026-2027,25.000,0.000,25.000,25.000,25.000,0.000,25.000,0.000,50.0,100.0
2994,2026-2027,50.000,0.000,50.000,50.000,50.000,0.000,50.000,0.000,50.0,100.0
2995,2026-2027,50.000,0.000,50.000,50.000,50.000,0.000,50.000,0.000,50.0,100.0
2996,2026-2027,25.000,0.000,25.000,25.000,25.000,0.000,25.000,0.000,50.0,100.0
2997,2026-2027,25.000,0.000,25.000,25.000,25.000,0.000,25.000,0.000,50.0,100.0
2998,2026-2027,45.000,0.000,45.000,45.000,45.000,0.000,45.000,0.000,50.0,100.0
2999,2026-2027,59.957,0.000,59.957,59.956,59.956,0.000,59.956,0.000,50.0,100.0
3000,2026-2027,32.269,0.000,32.269,32.268,32.268,0.000,32.268,0.000,50.0,100.0
3001,2026-2027,32.500,0.000,32.500,32.500,32.500,0.000,32.500,0.000,50.0,100.0
3002,2026-2027,92.340,0.000,92.340,92.343,92.343,0.000,92.343,0.000,50.0,100.0
3003,2026-2027,50.000,0.000,50.000,50.000,50.000,0.000,50.000,0.000,50.0,100.0
3004,2026-2027,35.000,0.000,35.000,35.000,35.000,0.000,35.000,0.000,50.0,100.0
3005,2026-2027,40.000,0.000,40.000,40.000,40.000,0.000,40.000,0.000,50.0,100.0
3006,2026-2027,50.000,0.000,50.000,50.000,50.000,0.000,50.000,0.000,50.0,100.0
3007,2026-2027,37.500,0.000,37.500,112.500,112.500,0.000,112.500,0.000,25.0,100.0
3008,2026-2027,50.000,0.000,50.000,50.000,50.000,0.000,50.000,0.000,50.0,100.0
3009,2026-2027,12.500,0.000,12.500,87.500,87.500,0.000,87.500,0.000,12.5,100.0
3010,2026-2027,50.000,0.000,50.000,50.000,50.000,0.000,50.000,0.000,50.0,100.0
3011,2026-2027,25.000,0.000,25.000,25.000,25.000,0.000,25.000,0.000,50.0,100.0
3012,2026-2027,25.000,0.000,25.000,25.000,25.000,0.000,25.000,0.000,50.0,100.0
3013,2026-2027,25.000,0.000,25.000,25.000,25.000,0.000,25.000,0.000,50.0,100.0
3014,2026-2027,25.000,0.000,25.000,25.000,25.000,0.000,25.000,0.000,50.0,100.0
3015,2026-2027,25.000,0.000,25.000,25.000,25.000,0.000,25.000,0.000,50.0,100.0
3016,2026-2027,25.000,0.000,25.000,25.000,25.000,0.000,25.000,0.000,50.0,100.0
3017,2026-2027,25.000,0.000,25.000,25.000,25.000,0.000,25.000,0.000,50.0,100.0
3018,2026-2027,12.500,0.000,12.500,37.500,37.500,0.000,37.500,0.000,25.0,100.0
3019,2026-2027,40.000,0.000,40.000,40.000,40.000,0.000,40.000,0.000,50.0,100.0
3020,2026-2027,6.250,0.000,6.250,43.750,43.750,0.000,43.750,0.000,12.5,100.0
3021,2026-2027,6.250,0.000,6.250,43.750,43.750,0.000,43.750,0.000,12.5,100.0
3022,2026-2027,80.000,0.000,80.000,80.000,80.000,0.000,80.000,0.000,50.0,100.0
3023,2026-2027,45.000,0.000,45.000,45.000,45.000,0.000,45.000,0.000,50.0,100.0
3024,2026-2027,25.000,0.000,25.000,25.000,25.000,0.000,25.000,0.000,50.0,100.0
3025,2026-2027,12.500,0.000,12.500,87.500,87.500,0.000,87.500,0.000,12.5,100.0
3026,2026-2027,50.000,0.000,50.000,50.000,50.000,0.000,50.000,0.000,50.0,100.0
3027,2026-2027,50.000,0.000,50.000,50.000,50.000,0.000,50.000,0.000,50.0,100.0
3028,2026-2027,12.500,0.000,12.500,37.500,37.500,0.000,37.500,0.000,25.0,100.0
3029,2026-2027,12.500,0.000,12.500,37.500,37.500,0.000,37.500,0.000,25.0,100.0
3030,2026-2027,12.500,0.000,12.500,37.500,37.500,0.000,37.500,0.000,25.0,100.0
3031,2026-2027,12.500,0.000,12.500,37.500,37.500,0.000,37.500,0.000,25.0,100.0
3032,2026-2027,25.000,0.000,25.000,25.000,25.000,0.000,25.000,0.000,50.0,100.0
3033,2026-2027,12.500,0.000,12.500,37.500,37.500,0.000,37.500,0.000,25.0,100.0
3034,2026-2027,50.000,0.000,50.000,50.000,50.000,0.000,50.000,0.000,50.0,100.0
3035,2026-2027,12.562,0.000,12.562,37.688,37.687,0.000,37.687,0.000,25.0,100.0
3036,2026-2027,19.310,0.000,19.310,57.930,57.930,0.000,57.930,0.000,25.0,100.0
3037,2026-2027,6.250,0.000,6.250,43.750,43.750,0.000,43.750,0.000,12.5,100.0
3038,2026-2027,15.000,0.000,15.000,105.000,105.000,0.000,105.000,0.000,12.5,100.0
3039,2026-2027,26.000,0.000,26.000,26.000,26.000,0.000,26.000,0.000,50.0,100.0
3040,2026-2027,25.000,0.000,25.000,25.000,25.000,0.000,25.000,0.000,50.0,100.0
3041,2026-2027,52.500,0.000,52.500,52.500,52.500,0.000,52.500,0.000,50.0,100.0
3042,2026-2027,25.000,0.000,25.000,25.000,25.000,0.000,25.000,0.000,50.0,100.0
3043,2026-2027,25.000,0.000,25.000,25.000,25.000,0.000,25.000,0.000,50.0,100.0
3044,2026-2027,25.000,0.000,25.000,25.000,25.000,0.000,25.000,0.000,50.0,100.0
3045,2026-2027,25.000,0.000,25.000,75.000,75.000,0.000,75.000,0.000,25.0,100.0
3046,2026-2027,25.000,0.000,25.000,25.000,25.000,0.000,25.000,0.000,50.0,100.0
3047,2026-2027,14.100,0.000,14.100,42.300,42.300,0.000,42.300,0.000,25.0,100.0
3048,2026-2027,18.750,0.000,18.750,56.250,56.250,0.000,56.250,0.000,25.0,100.0
3049,2026-2027,12.500,0.000,12.500,37.500,37.500,0.000,37.500,0.000,25.0,100.0
3050,2026-2027,15.000,0.000,15.000,45.000,45.000,0.000,45.000,0.000,25.0,100.0
3051,2026-2027,35.000,0.000,35.000,35.000,35.000,0.000,35.000,0.000,50.0,100.0
3052,2026-2027,50.000,0.000,50.000,50.000,50.000,0.000,50.000,0.000,50.0,100.0
3053,2026-2027,25.000,0.000,25.000,75.000,75.000,0.000,75.000,0.000,25.0,100.0
3054,2026-2027,50.000,0.000,50.000,50.000,50.000,0.000,50.000,0.000,50.0,100.0
3055,2026-2027,75.000,0.000,75.000,75.000,75.000,0.000,75.000,0.000,50.0,100.0
3056,2026-2027,25.000,0.000,25.000,25.000,25.000,0.000,25.000,0.000,50.0,100.0
3057,2026-2027,75.000,0.000,75.000,75.000,75.000,0.000,75.000,0.000,50.0,100.0
3058,2026-2027,75.000,0.000,75.000,75.000,75.000,0.000,75.000,0.000,50.0,100.0
3059,2026-2027,100.000,0.000,100.000,100.000,100.000,0.000,100.000,0.000,50.0,100.0
3060,2026-2027,25.000,0.000,25.000,25.000,25.000,0.000,25.000,0.000,50.0,100.0
3061,2026-2027,6.250,0.000,6.250,43.750,43.750,0.000,43.750,0.000,12.5,100.0
3062,2026-2027,62.500,0.000,62.500,62.500,62.500,0.000,62.500,0.000,50.0,100.0
3063,2026-2027,30.000,0.000,30.000,30.000,30.000,0.000,30.000,0.000,50.0,100.0
3064,2026-2027,75.000,0.000,75.000,74.983,74.983,0.000,74.983,0.000,50.0,100.0
3065,2026-2027,30.000,0.000,30.000,90.000,90.000,0.000,90.000,0.000,25.0,100.0
3066,2026-2027,12.500,0.000,12.500,37.500,37.500,0.000,37.500,0.000,25.0,100.0
3067,2026-2027,50.000,0.000,50.000,150.000,150.000,0.000,150.000,0.000,25.0,100.0
3068,2026-2027,25.000,0.000,25.000,75.000,75.000,0.000,75.000,0.000,25.0,100.0
3069,2026-2027,55.000,0.000,55.000,55.000,55.000,0.000,55.000,0.000,50.0,100.0
3070,2026-2027,42.500,0.000,42.500,127.500,127.500,0.000,127.500,0.000,25.0,100.0
3071,2026-2027,30.000,0.000,30.000,90.000,90.000,0.000,90.000,0.000,25.0,100.0
3072,2026-2027,12.500,0.000,12.500,37.500,37.500,0.000,37.500,0.000,25.0,100.0
3073,2026-2027,100.000,0.000,100.000,100.000,100.000,0.000,100.000,0.000,50.0,100.0
3074,2026-2027,25.000,0.000,25.000,25.000,25.000,0.000,25.000,0.000,50.0,100.0
3075,2026-2027,65.000,0.000,65.000,65.000,65.000,0.000,65.000,0.000,50.0,100.0
3076,2026-2027,31.166,0.000,31.166,31.168,31.167,0.000,31.167,0.000,50.0,100.0
3077,2026-2027,30.000,0.000,30.000,30.000,30.000,0.000,30.000,0.000,50.0,100.0
3078,2026-2027,50.000,0.000,50.000,49.994,49.994,0.000,49.994,0.000,50.0,100.0
3079,2026-2027,12.500,0.000,12.500,37.500,37.500,0.000,37.500,0.000,25.0,100.0
3080,2026-2027,31.250,0.000,31.250,93.750,93.750,0.000,93.750,0.000,25.0,100.0
3081,2026-2027,12.500,0.000,12.500,37.500,37.500,0.000,37.500,0.000,25.0,100.0
3082,2026-2027,30.000,0.000,30.000,90.000,90.000,0.000,90.000,0.000,25.0,100.0
3083,2026-2027,40.000,0.000,40.000,120.000,120.000,0.000,120.000,0.000,25.0,100.0
3084,2026-2027,60.000,0.000,60.000,60.000,60.000,0.000,60.000,0.000,50.0,100.0
3085,2026-2027,60.000,0.000,60.000,60.000,60.000,0.000,60.000,0.000,50.0,100.0
3086,2026-2027,50.000,0.000,50.000,50.000,50.000,0.000,50.000,0.000,50.0,100.0
3087,2026-2027,37.500,0.000,37.500,37.500,37.500,0.000,37.500,0.000,50.0,100.0
3088,2026-2027,37.500,0.000,37.500,37.500,37.500,0.000,37.500,0.000,50.0,100.0
3089,2026-2027,31.250,0.000,31.250,93.750,93.750,0.000,93.750,0.000,25.0,100.0
3090,2026-2027,42.500,0.000,42.500,127.500,127.500,0.000,127.500,0.000,25.0,100.0
3091,2026-2027,31.250,0.000,31.250,93.750,93.750,0.000,93.750,0.000,25.0,100.0
3092,2026-2027,24.000,0.000,24.000,72.000,72.000,0.000,72.000,0.000,25.0,100.0
3093,2026-2027,12.500,0.000,12.500,37.500,37.500,0.000,37.500,0.000,25.0,100.0
3094,2026-2027,12.500,0.000,12.500,37.500,37.500,0.000,37.500,0.000,25.0,100.0
3095,2026-2027,12.500,0.000,12.500,37.500,37.500,0.000,37.500,0.000,25.0,100.0
3096,2026-2027,16.250,0.000,16.250,48.750,48.750,0.000,48.750,0.000,25.0,100.0
3097,2026-2027,23.750,0.000,23.750,71.250,71.250,0.000,71.250,0.000,25.0,100.0
3098,2026-2027,15.625,0.000,15.625,46.875,46.875,0.000,46.875,0.000,25.0,100.0
3099,2026-2027,15.625,0.000,15.625,46.875,46.875,0.000,46.875,0.000,25.0,100.0
3100,2026-2027,71.388,0.000,71.388,71.401,71.400,0.000,71.400,0.000,50.0,100.0
3101,2026-2027,5.000,0.000,5.000,15.000,15.000,0.000,15.000,0.000,25.0,100.0
3102,2026-2027,49.798,0.000,49.798,49.800,49.799,0.000,49.799,0.000,50.0,100.0
3103,2026-2027,28.345,0.000,28.345,85.035,85.035,0.000,85.035,0.000,25.0,100.0
3104,2026-2027,40.000,0.000,40.000,40.000,40.000,0.000,40.000,0.000,50.0,100.0
3105,2026-2027,85.000,0.000,85.000,85.000,85.000,0.000,85.000,0.000,50.0,100.0
3106,2026-2027,25.654,0.000,25.654,76.966,76.966,0.000,76.966,0.000,25.0,100.0
3107,2026-2027,25.000,0.000,25.000,25.000,25.000,0.000,25.000,0.000,50.0,100.0
3108,2026-2027,100.000,0.000,100.000,99.943,99.943,0.000,99.943,0.000,50.0,100.0
3109,2026-2027,40.000,0.000,40.000,40.000,40.000,0.000,40.000,0.000,50.0,100.0
3110,2026-2027,25.000,0.000,25.000,25.000,25.000,0.000,25.000,0.000,50.0,100.0
3111,2026-2027,25.000,0.000,25.000,75.000,75.000,0.000,75.000,0.000,25.0,100.0
3112,2026-2027,31.250,0.000,31.250,93.750,93.750,0.000,93.750,0.000,25.0,100.0
3113,2026-2027,12.500,0.000,12.500,37.500,37.500,0.000,37.500,0.000,25.0,100.0
3114,2026-2027,25.000,0.000,25.000,25.000,25.000,0.000,25.000,0.000,50.0,100.0
3115,2026-2027,12.500,0.000,12.500,37.500,37.500,0.000,37.500,0.000,25.0,100.0
3116,2026-2027,50.000,0.000,50.000,50.000,50.000,0.000,50.000,0.000,50.0,100.0
3117,2026-2027,35.535,0.000,35.535,35.535,35.535,0.000,35.535,0.000,50.0,100.0
3118,2026-2027,57.050,0.000,57.050,57.050,57.050,0.000,57.050,0.000,50.0,100.0
3119,2026-2027,33.240,0.000,33.240,33.240,33.240,0.000,33.240,0.000,50.0,100.0
3120,2026-2027,34.122,0.000,34.122,34.122,34.122,0.000,34.122,0.000,50.0,100.0
3121,2026-2027,74.970,0.000,74.970,224.912,224.912,0.000,224.912,0.000,25.0,100.0
3122,2026-2027,62.500,0.000,62.500,62.500,62.500,0.000,62.500,0.000,50.0,100.0
3123,2026-2027,32.500,0.000,32.500,97.500,97.500,0.000,97.500,0.000,25.0,100.0
3124,2026-2027,37.500,0.000,37.500,112.500,112.500,0.000,112.500,0.000,25.0,100.0
3125,2026-2027,25.000,0.000,25.000,75.000,75.000,0.000,75.000,0.000,25.0,100.0
3126,2026-2027,0.000,0.000,0.000,245.908,7.000,0.000,7.000,0.000,0.0,2.8
3127,2026-2027,0.000,0.000,0.000,19.386,19.386,0.000,19.386,0.000,0.0,100.0
3128,2026-2027,0.000,0.000,0.000,99.615,7.000,0.000,7.000,0.000,0.0,7.0
3129,2026-2027,0.000,0.000,0.000,35.613,18.000,0.000,18.000,0.000,0.0,50.5
3130,2026-2027,0.000,0.000,0.000,60.000,60.000,0.000,60.000,0.000,0.0,100.0
3131,2026-2027,80.000,0.000,80.000,80.000,80.000,0.000,80.000,0.000,50.0,100.0
3132,2026-2027,92.500,0.000,92.500,92.500,92.500,0.000,92.500,0.000,50.0,100.0
3133,2026-2027,0.000,0.000,0.000,827.002,7.000,0.000,7.000,0.000,0.0,0.8
3134,2026-2027,0.000,0.000,0.000,278.760,70.000,0.000,70.000,0.000,0.0,25.1
3135,2026-2027,0.000,0.000,93.271,16.729,16.729,0.000,16.729,0.000,84.8,100.0
3136,2026-2027,42.781,0.000,92.086,37.914,37.914,0.000,37.914,0.000,70.8,100.0
3137,2026-2027,40.251,0.000,88.624,41.376,41.376,0.000,41.376,0.000,68.2,100.0
3138,2026-2027,4.820,0.000,14.850,0.000,0.001,0.000,0.001,0.000,100.0,100.0
3139,2026-2027,22.500,0.000,22.500,157.500,38.523,0.000,38.523,0.000,12.5,33.9
3140,2026-2027,52.750,0.000,52.750,364.590,204.026,0.000,204.026,0.000,12.6,61.5
3141,2026-2027,11.250,0.000,11.250,75.371,30.000,0.000,30.000,0.000,13.0,47.6
3142,2026-2027,3.125,0.000,3.125,21.019,21.019,0.000,21.019,0.000,12.9,100.0
3143,2026-2027,1.250,0.000,1.250,8.431,8.431,0.000,8.431,0.000,12.9,100.0
3144,2026-2027,3.750,0.000,3.750,26.250,26.250,0.000,26.250,0.000,12.5,100.0
3145,2026-2027,25.000,0.000,25.000,75.000,75.000,0.000,75.000,0.000,25.0,100.0
3146,2026-2027,0.000,0.000,0.000,25.000,25.000,0.000,25.000,0.000,0.0,100.0
3147,2026-2027,2.000,0.000,2.000,14.000,14.000,0.000,14.000,0.000,12.5,100.0
3148,2026-2027,17.500,0.000,17.500,122.500,40.000,0.000,40.000,0.000,12.5,41.1
3149,2026-2027,2.500,0.000,2.500,17.500,17.500,0.000,17.500,0.000,12.5,100.0
3150,2026-2027,10.000,0.000,10.000,68.500,30.000,0.000,30.000,0.000,12.7,51.0
3151,2026-2027,25.000,0.000,25.000,75.000,75.000,0.000,75.000,0.000,25.0,100.0
3152,2026-2027,12.500,0.000,12.500,37.500,37.500,0.000,37.500,0.000,25.0,100.0
3153,2026-2027,20.000,0.000,20.000,60.000,60.000,0.000,60.000,0.000,25.0,100.0
3154,2026-2027,0.000,0.000,0.000,58.138,20.000,0.000,20.000,0.000,0.0,34.4
3155,2026-2027,0.000,0.000,1798.341,201.659,0.000,0.010,0.010,0.000,89.9,89.9
3156,2026-2027,0.000,0.000,749.924,781.076,0.000,0.010,0.010,0.000,49.0,49.0
3157,2026-2027,25.000,0.000,25.000,75.000,15.000,0.000,15.000,0.000,25.0,40.0
3158,2026-2027,0.000,0.000,3120.625,175.375,0.000,0.010,0.010,0.000,94.7,94.7
3159,2026-2027,31.616,0.000,31.616,108.384,20.000,0.000,20.000,0.000,22.6,36.9
3160,2026-2027,49.992,0.000,99.941,0.044,0.044,0.000,0.044,0.000,100.0,100.0
3161,2026-2027,50.000,0.000,99.985,0.015,0.015,0.000,0.015,0.000,100.0,100.0
3162,2026-2027,13.750,0.000,13.750,96.250,0.000,20.000,20.000,0.000,12.5,30.7
3163,2026-2027,5.000,0.000,5.000,35.000,0.000,15.000,15.000,0.000,12.5,50.0
3164,2026-2027,10.000,0.000,10.000,70.000,0.000,16.000,16.000,0.000,12.5,32.5
3165,2026-2027,9.504,0.000,9.504,66.533,16.000,0.000,16.000,0.000,12.5,33.5
3166,2026-2027,11.250,0.000,11.250,78.750,0.000,16.000,16.000,0.000,12.5,30.3
3167,2026-2027,0.000,0.000,0.000,90.000,0.000,15.000,15.000,0.000,0.0,16.7
3168,2026-2027,10.750,0.000,10.750,75.250,0.000,15.310,15.310,0.000,12.5,30.3
3169,2026-2027,4.000,0.000,4.000,28.000,28.000,0.000,28.000,0.000,12.5,100.0
3170,2026-2027,12.500,0.000,12.500,37.500,37.500,0.000,37.500,0.000,25.0,100.0
3171,2026-2027,6.250,0.000,6.250,43.750,43.750,0.000,43.750,0.000,12.5,100.0
3172,2026-2027,12.500,0.000,12.500,87.500,87.500,0.000,87.500,0.000,12.5,100.0
3173,2026-2027,6.250,0.000,6.250,43.750,43.750,0.000,43.750,0.000,12.5,100.0
3174,2026-2027,6.250,0.000,6.250,43.750,43.750,0.000,43.750,0.000,12.5,100.0
3175,2026-2027,12.500,0.000,12.500,37.500,37.500,0.000,37.500,0.000,25.0,100.0
3176,2026-2027,13.750,0.000,13.750,41.250,41.250,0.000,41.250,0.000,25.0,100.0
3177,2026-2027,12.500,0.000,12.500,37.500,37.500,0.000,37.500,0.000,25.0,100.0
3178,2026-2027,12.500,0.000,12.500,37.500,37.500,0.000,37.500,0.000,25.0,100.0
3179,2026-2027,12.500,0.000,12.500,37.500,37.500,0.000,37.500,0.000,25.0,100.0
3180,2026-2027,12.500,0.000,12.500,37.500,37.500,0.000,37.500,0.000,25.0,100.0
3181,2026-2027,12.500,0.000,12.500,37.500,37.500,0.000,37.500,0.000,25.0,100.0
3182,2026-2027,12.500,0.000,12.500,37.500,37.500,0.000,37.500,0.000,25.0,100.0
3183,2026-2027,0.000,0.000,0.000,50.000,50.000,0.000,50.000,0.000,0.0,100.0
3184,2026-2027,12.500,0.000,12.500,37.500,37.500,0.000,37.500,0.000,25.0,100.0
3185,2026-2027,0.000,0.000,0.000,100.000,100.000,0.000,100.000,0.000,0.0,100.0
3186,2026-2027,0.000,0.000,0.000,50.000,50.000,0.000,50.000,0.000,0.0,100.0
3187,2026-2027,38.450,0.000,38.450,115.350,115.350,0.000,115.350,0.000,25.0,100.0
3188,2026-2027,12.500,0.000,12.500,37.500,37.500,0.000,37.500,0.000,25.0,100.0
3189,2026-2027,0.000,0.000,0.000,50.000,12.000,0.000,12.000,0.000,0.0,24.0
3190,2026-2027,30.000,0.000,30.000,105.000,50.000,0.000,50.000,0.000,22.2,59.3
3191,2026-2027,1.500,0.000,1.500,10.500,10.500,0.000,10.500,0.000,12.5,100.0
3192,2026-2027,7.500,0.000,7.500,52.500,52.500,0.000,52.500,0.000,12.5,100.0
3193,2026-2027,37.500,0.000,37.500,112.500,112.500,0.000,112.500,0.000,25.0,100.0
3194,2026-2027,15.000,0.000,15.000,45.000,45.000,0.000,45.000,0.000,25.0,100.0
3195,2026-2027,20.000,0.000,20.000,60.000,60.000,0.000,60.000,0.000,25.0,100.0
3196,2026-2027,15.000,0.000,15.000,45.000,45.000,0.000,45.000,0.000,25.0,100.0
3197,2026-2027,34.022,0.000,34.022,102.068,102.067,0.000,102.067,0.000,25.0,100.0
3198,2026-2027,25.000,0.000,25.000,25.000,25.000,0.000,25.000,0.000,50.0,100.0
3199,2026-2027,38.245,0.000,38.245,114.735,114.735,0.000,114.735,0.000,25.0,100.0
3200,2026-2027,28.500,0.000,28.500,85.500,85.500,0.000,85.500,0.000,25.0,100.0
3201,2026-2027,15.000,0.000,15.000,45.000,45.000,0.000,45.000,0.000,25.0,100.0
3202,2026-2027,33.500,0.000,33.500,33.500,33.500,0.000,33.500,0.000,50.0,100.0
3203,2026-2027,15.000,0.000,15.000,45.000,45.000,0.000,45.000,0.000,25.0,100.0
3204,2026-2027,0.000,0.000,0.000,50.000,50.000,0.000,50.000,0.000,0.0,100.0
3205,2026-2027,35.000,0.000,35.000,35.000,35.000,0.000,35.000,0.000,50.0,100.0
3206,2026-2027,99.500,0.000,99.500,99.500,99.500,0.000,99.500,0.000,50.0,100.0
3207,2026-2027,6.250,0.000,6.250,43.750,43.750,0.000,43.750,0.000,12.5,100.0
3208,2026-2027,6.250,0.000,6.250,43.750,43.750,0.000,43.750,0.000,12.5,100.0
3209,2026-2027,6.250,0.000,6.250,43.750,43.750,0.000,43.750,0.000,12.5,100.0
3210,2026-2027,6.250,0.000,6.250,43.750,43.750,0.000,43.750,0.000,12.5,100.0
3211,2026-2027,6.250,0.000,6.250,43.750,43.750,0.000,43.750,0.000,12.5,100.0
3212,2026-2027,50.000,0.000,50.000,50.000,50.000,0.000,50.000,0.000,50.0,100.0
3213,2026-2027,6.250,0.000,6.250,43.750,43.750,0.000,43.750,0.000,12.5,100.0
3214,2026-2027,6.250,0.000,6.250,43.750,43.750,0.000,43.750,0.000,12.5,100.0
3215,2026-2027,50.000,0.000,50.000,150.000,150.000,0.000,150.000,0.000,25.0,100.0
3216,2026-2027,12.500,0.000,12.500,87.500,87.500,0.000,87.500,0.000,12.5,100.0
3217,2026-2027,6.250,0.000,6.250,43.750,43.750,0.000,43.750,0.000,12.5,100.0
3218,2026-2027,25.000,0.000,25.000,175.000,175.000,0.000,175.000,0.000,12.5,100.0
3219,2026-2027,15.000,0.000,15.000,105.000,105.000,0.000,105.000,0.000,12.5,100.0
3220,2026-2027,15.000,0.000,15.000,105.000,105.000,0.000,105.000,0.000,12.5,100.0
3221,2026-2027,15.000,0.000,15.000,105.000,105.000,0.000,105.000,0.000,12.5,100.0
3222,2026-2027,15.000,0.000,15.000,105.000,105.000,0.000,105.000,0.000,12.5,100.0
3223,2026-2027,6.250,0.000,6.250,43.750,43.750,0.000,43.750,0.000,12.5,100.0
3224,2026-2027,12.500,0.000,12.500,37.500,37.500,0.000,37.500,0.000,25.0,100.0
3225,2026-2027,6.250,0.000,6.250,43.750,43.750,0.000,43.750,0.000,12.5,100.0
3226,2026-2027,25.000,0.000,25.000,75.000,75.000,0.000,75.000,0.000,25.0,100.0
3227,2026-2027,6.250,0.000,6.250,43.750,43.750,0.000,43.750,0.000,12.5,100.0
3228,2026-2027,12.500,0.000,12.500,37.500,37.500,0.000,37.500,0.000,25.0,100.0
3229,2026-2027,6.250,0.000,6.250,43.750,43.750,0.000,43.750,0.000,12.5,100.0
3230,2026-2027,6.250,0.000,6.250,43.750,43.750,0.000,43.750,0.000,12.5,100.0
3231,2026-2027,6.250,0.000,6.250,43.750,43.750,0.000,43.750,0.000,12.5,100.0
3232,2026-2027,25.000,0.000,25.000,25.000,25.000,0.000,25.000,0.000,50.0,100.0
3233,2026-2027,12.500,0.000,12.500,37.500,37.500,0.000,37.500,0.000,25.0,100.0
3234,2026-2027,206.000,0.000,1188.293,647.350,300.000,0.000,300.000,0.000,64.7,81.1
3235,2026-2027,0.000,0.000,15.270,38.730,0.000,18.500,18.500,0.000,28.3,62.5
3236,2026-2027,51.057,0.000,51.057,61.568,0.000,61.568,61.568,0.000,45.3,100.0
3237,2026-2027,114.500,0.000,114.500,119.029,0.000,84.000,84.000,0.000,49.0,85.0
3238,2026-2027,0.000,0.000,0.000,1297.489,0.000,254.432,254.432,0.000,0.0,19.6
3239,2026-2027,10.000,0.000,986.868,3739.132,0.000,10.000,10.000,0.000,20.9,21.1
3240,2026-2027,11.292,0.000,257.655,4445.345,0.001,0.000,0.001,0.000,5.5,5.5
3241,2026-2027,6.250,0.000,823.760,13128.960,0.000,19.811,19.811,0.000,5.9,6.0
3242,2026-2027,0.000,0.000,3.913,973.439,0.001,0.000,0.001,0.000,0.4,0.4
3243,2026-2027,31.402,0.000,164.937,33.095,0.000,33.095,33.095,0.000,83.3,100.0
3244,2026-2027,0.000,0.000,873.381,77.460,0.001,0.000,0.001,0.000,91.9,91.9
3245,2026-2027,43.125,0.000,62.156,12.844,0.001,0.000,0.001,0.000,82.9,82.9
3246,2026-2027,1.250,0.000,20.210,359.499,20.000,0.000,20.000,0.000,5.3,10.6
3247,2026-2027,24.840,0.000,202.797,37.676,0.000,37.676,37.676,0.000,84.3,100.0
3248,2026-2027,64.030,0.000,499.328,77.573,62.811,14.762,77.573,0.000,86.6,100.0
3249,2026-2027,0.000,0.000,262.628,95.914,0.001,0.000,0.001,0.000,73.2,73.2
3250,2026-2027,60.692,0.000,506.471,0.020,0.001,0.000,0.001,0.000,100.0,100.0
3251,2026-2027,900.000,0.000,1897.418,1804.120,800.000,0.000,800.000,0.000,51.3,72.9
3252,2026-2027,400.000,0.000,610.215,1239.650,500.000,0.000,500.000,0.000,33.0,60.0
3253,2026-2027,36.074,0.000,182.883,36.163,36.163,0.000,36.163,0.000,83.5,100.0
3254,2026-2027,30.000,0.000,179.049,94.160,94.160,0.000,94.160,0.000,65.5,100.0
3255,2026-2027,0.000,0.000,350.412,63.558,0.001,0.000,0.001,0.000,84.6,84.6
3256,2026-2027,408.679,0.000,1229.390,1179.472,500.000,0.000,500.000,0.000,51.0,71.8
3257,2026-2027,7.999,0.000,128.478,0.004,0.001,0.000,0.001,0.000,100.0,100.0
3258,2026-2027,46.005,0.000,46.005,0.000,0.001,0.000,0.001,0.000,100.0,100.0
3259,2026-2027,67.377,0.000,177.148,116.789,116.789,0.000,116.789,0.000,60.3,100.0
3260,2026-2027,30.000,0.000,153.940,139.622,139.622,0.000,139.622,0.000,52.4,100.0
3261,2026-2027,7.994,0.000,158.084,37.852,0.001,0.000,0.001,0.000,80.7,80.7
3262,2026-2027,39.841,0.000,79.681,0.000,0.001,0.000,0.001,0.000,100.0,100.0
3263,2026-2027,7.423,0.000,29.913,49.500,49.500,0.000,49.500,0.000,37.7,100.0
3264,2026-2027,0.012,0.000,20.000,0.000,0.001,0.000,0.001,0.000,100.0,100.0
3265,2026-2027,6862.920,99588.200,54905.046,20094.954,12336.730,2663.270,15000.000,40688.340,73.2,93.2
3266,2026-2027,3774.075,5579.930,4594.010,6605.990,2308.300,1691.700,4000.000,35000.000,41.0,76.7
3267,2026-2027,35.000,0.000,35.000,4.174,0.000,4.174,4.174,0.000,89.3,100.0
3268,2026-2027,100.000,0.000,100.000,91.281,0.000,91.281,91.281,0.000,52.3,100.0
3269,2026-2027,50.000,0.000,50.000,50.000,50.000,0.000,50.000,0.000,50.0,100.0
3270,2026-2027,14.114,0.000,14.114,46.786,42.342,4.444,46.786,0.000,23.2,100.0
3271,2026-2027,5.688,0.000,5.688,21.465,17.021,4.444,21.465,0.000,20.9,100.0
3272,2026-2027,12.457,0.000,12.457,37.374,37.374,0.000,37.374,0.000,25.0,100.0
3273,2026-2027,73.540,0.000,73.540,24.515,24.515,0.000,24.515,0.000,75.0,100.0
3274,2026-2027,4.382,0.000,4.382,13.146,13.146,0.000,13.146,0.000,25.0,100.0
3275,2026-2027,4.780,0.000,4.780,14.343,14.343,0.000,14.343,0.000,25.0,100.0
3276,2026-2027,22.315,0.000,22.315,6992.685,407.000,593.000,1000.000,2000.000,0.3,14.6
3277,2026-2027,0.000,0.000,0.000,133.979,86.128,0.000,86.128,0.000,0.0,64.3
3278,2026-2027,0.000,0.000,0.000,199.953,100.000,0.000,100.000,0.000,0.0,50.0
3279,2026-2027,0.000,0.000,0.000,25200.000,250.000,250.000,500.000,2150.000,0.0,2.0
3280,2026-2027,78.487,0.000,161.762,57.558,6.385,10.000,16.385,0.000,73.8,81.2
3281,2026-2027,34.493,0.000,77.134,178.062,60.000,0.000,60.000,0.000,30.2,53.7
3282,2026-2027,0.000,0.000,0.000,931.596,0.001,0.000,0.001,0.000,0.0,0.0
3283,2026-2027,55.972,0.000,64.227,34.773,34.773,0.000,34.773,0.000,64.9,100.0
3284,2026-2027,0.000,0.000,0.000,1803.680,2.500,0.000,2.500,0.000,0.0,0.1
3285,2026-2027,57.500,9460.400,57.500,8342.500,0.000,2000.000,2000.000,20541.820,0.7,24.5
3286,2026-2027,27.661,0.000,55.871,18.620,0.000,18.620,18.620,0.000,75.0,100.0
3287,2026-2027,8.438,0.000,165.477,99.543,8.439,0.000,8.439,0.000,62.4,65.6
3288,2026-2027,19.232,0.000,83.000,19.995,0.000,19.995,19.995,0.000,80.6,100.0
3289,2026-2027,25.671,0.000,67.858,22.142,0.000,10.000,10.000,0.000,75.4,86.5
3290,2026-2027,0.000,0.000,59.290,61.258,45.798,0.000,45.798,0.000,49.2,87.2
3291,2026-2027,17.068,0.000,47.970,34.151,17.066,0.000,17.066,0.000,58.4,79.2
3292,2026-2027,0.000,0.000,60.797,17.141,0.056,0.000,0.056,0.000,78.0,78.1
3293,2026-2027,0.000,0.000,60.284,100.994,61.160,0.000,61.160,0.000,37.4,75.3
3294,2026-2027,18.311,0.000,67.978,14.712,0.000,4.000,4.000,0.000,82.2,87.0
3295,2026-2027,0.000,0.000,56.224,17.591,0.506,0.000,0.506,0.000,76.2,76.9
3296,2026-2027,51.491,0.000,51.491,31.117,15.372,0.000,15.372,0.000,62.3,80.9
3297,2026-2027,0.000,0.000,61.498,63.075,47.615,0.000,47.615,0.000,49.4,87.6
3298,2026-2027,9.333,0.000,46.604,43.396,28.000,0.000,28.000,0.000,51.8,82.9
3299,2026-2027,0.205,0.000,47.148,26.530,9.445,0.000,9.445,0.000,64.0,76.8
3300,2026-2027,0.009,0.000,70.941,19.260,0.015,0.000,0.015,0.000,78.6,78.7
3301,2026-2027,23.280,0.000,23.280,79.360,44.335,0.000,44.335,0.000,22.7,65.9
3302,2026-2027,18.777,0.000,18.777,76.405,38.130,0.000,38.130,0.000,19.7,59.8
3303,2026-2027,18.921,0.000,18.921,120.742,31.448,0.000,31.448,0.000,13.5,36.1
3304,2026-2027,0.000,0.000,0.000,10075.569,1000.000,0.000,1000.000,0.000,0.0,9.9
3305,2026-2027,0.000,0.000,0.000,5000.000,250.000,0.000,250.000,0.000,0.0,5.0
3306,2026-2027,0.000,0.000,313.143,206.257,1.000,0.000,1.000,0.000,60.3,60.5
3307,2026-2027,0.000,0.000,464.411,115.463,1.000,0.000,1.000,0.000,80.1,80.3
3308,2026-2027,0.000,0.000,740.579,122.050,1.000,0.000,1.000,0.000,85.9,86.0
3309,2026-2027,100.000,0.000,1905.516,882.182,101.579,0.000,101.579,0.000,68.4,72.0
3310,2026-2027,0.750,0.000,358.885,162.141,1.000,0.000,1.000,0.000,68.9,69.1
3311,2026-2027,34.000,0.000,77.945,34.519,20.000,0.000,20.000,0.000,69.3,87.1
3312,2026-2027,36.824,0.000,128.568,36.734,36.734,0.000,36.734,0.000,77.8,100.0
3313,2026-2027,27.622,0.000,189.972,10.028,10.028,0.000,10.028,0.000,95.0,100.0
3314,2026-2027,45.502,0.000,104.000,0.000,0.001,0.000,0.001,0.000,100.0,100.0
3315,2026-2027,20.126,0.000,77.993,111.511,35.000,0.000,35.000,0.000,41.2,59.6
3316,2026-2027,25.232,0.000,51.999,0.001,0.001,0.000,0.001,0.000,100.0,100.0
3317,2026-2027,60.000,0.000,103.668,101.871,101.871,0.000,101.871,0.000,50.4,100.0
3318,2026-2027,40.113,0.000,91.000,0.000,0.001,0.000,0.001,0.000,100.0,100.0
3319,2026-2027,85.000,0.000,175.999,83.999,83.999,0.000,83.999,0.000,67.7,100.0
3320,2026-2027,100.000,0.000,170.424,64.330,64.330,0.000,64.330,0.000,72.6,100.0
3321,2026-2027,34.145,0.000,64.999,0.001,0.001,0.000,0.001,0.000,100.0,100.0
3322,2026-2027,79.457,0.000,127.148,58.487,58.487,0.000,58.487,0.000,68.5,100.0
3323,2026-2027,40.000,0.000,62.160,41.840,41.840,0.000,41.840,0.000,59.8,100.0
3324,2026-2027,48.756,0.000,103.980,0.020,0.001,0.000,0.001,0.000,100.0,100.0
3325,2026-2027,41.437,0.000,78.000,0.000,0.001,0.000,0.001,0.000,100.0,100.0
3326,2026-2027,20.000,0.000,67.773,123.330,1.000,0.000,1.000,0.000,35.5,36.0
3327,2026-2027,50.000,0.000,81.069,89.194,89.194,0.000,89.194,0.000,47.6,100.0
3328,2026-2027,38.501,0.000,77.000,0.000,0.001,0.000,0.001,0.000,100.0,100.0
3329,2026-2027,2.500,0.000,2.500,42.498,5.000,0.000,5.000,0.000,5.6,16.7
3330,2026-2027,32.624,0.000,45.000,0.000,0.001,0.000,0.001,0.000,100.0,100.0
3331,2026-2027,33.304,0.000,45.000,0.000,0.001,0.000,0.001,0.000,100.0,100.0
3332,2026-2027,50.000,0.000,85.098,57.902,30.000,0.000,30.000,0.000,59.5,80.5
3333,2026-2027,40.000,0.000,83.010,76.490,76.490,0.000,76.490,0.000,52.0,100.0
3334,2026-2027,93.612,0.000,106.810,25.190,25.190,0.000,25.190,0.000,80.9,100.0
3335,2026-2027,274.352,0.000,439.352,60.000,60.000,0.000,60.000,0.000,88.0,100.0
3336,2026-2027,15.000,0.000,15.000,116.998,45.000,0.000,45.000,0.000,11.4,45.5
3337,2026-2027,8.750,0.000,8.750,68.250,25.000,0.000,25.000,0.000,11.4,43.8
3338,2026-2027,8.750,0.000,8.750,67.250,20.000,0.000,20.000,0.000,11.5,37.8
3339,2026-2027,8.750,0.000,8.750,66.247,66.247,0.000,66.247,0.000,11.7,100.0
3340,2026-2027,8.750,0.000,8.750,67.250,25.000,0.000,25.000,0.000,11.5,44.4
3341,2026-2027,8.750,0.000,8.750,66.750,66.750,0.000,66.750,0.000,11.6,100.0
3342,2026-2027,12.500,0.000,12.500,97.499,97.499,0.000,97.499,0.000,11.4,100.0
3343,2026-2027,8.750,0.000,8.750,66.250,66.250,0.000,66.250,0.000,11.7,100.0
3344,2026-2027,8.750,0.000,8.750,66.250,25.000,0.000,25.000,0.000,11.7,45.0
3345,2026-2027,10.000,0.000,10.000,78.000,78.000,0.000,78.000,0.000,11.4,100.0
3346,2026-2027,8.750,0.000,8.750,68.250,20.200,0.000,20.200,0.000,11.4,37.6
3347,2026-2027,8.750,0.000,8.750,65.750,25.000,0.000,25.000,0.000,11.7,45.3
3348,2026-2027,10.000,0.000,10.000,77.999,25.000,0.000,25.000,0.000,11.4,39.8
3349,2026-2027,8.750,0.000,8.750,66.250,25.000,0.000,25.000,0.000,11.7,45.0
3350,2026-2027,20.000,0.000,20.000,68.000,68.000,0.000,68.000,0.000,22.7,100.0
3351,2026-2027,8.750,0.000,8.750,65.500,20.000,0.000,20.000,0.000,11.8,38.7
3352,2026-2027,17.500,0.000,17.500,56.500,20.000,0.000,20.000,0.000,23.6,50.7
3353,2026-2027,8.750,0.000,8.750,65.150,18.164,0.000,18.164,0.000,11.8,36.4
3354,2026-2027,9.375,0.000,9.375,65.625,65.625,0.000,65.625,0.000,12.5,100.0
3355,2026-2027,12.500,0.000,12.500,87.500,87.500,0.000,87.500,0.000,12.5,100.0
3356,2026-2027,50.000,0.000,50.000,50.000,50.000,0.000,50.000,0.000,50.0,100.0
3357,2026-2027,6.250,0.000,6.250,43.750,43.750,0.000,43.750,0.000,12.5,100.0
3358,2026-2027,6.250,0.000,6.250,43.750,43.750,0.000,43.750,0.000,12.5,100.0
3359,2026-2027,63.138,0.000,63.138,63.139,63.139,0.000,63.139,0.000,50.0,100.0
3360,2026-2027,14.214,0.000,14.214,99.503,99.503,0.000,99.503,0.000,12.5,100.0
3361,2026-2027,0.000,0.000,0.000,80.000,5.000,0.000,5.000,0.000,0.0,6.3
3362,2026-2027,44.593,0.000,129.822,59.761,59.761,0.000,59.761,0.000,68.5,100.0
3363,2026-2027,29.250,0.000,114.480,60.664,60.664,0.000,60.664,0.000,65.4,100.0
3364,2026-2027,40.000,0.000,125.204,50.517,50.517,0.000,50.517,0.000,71.3,100.0
3365,2026-2027,50.000,0.000,135.216,54.453,54.453,0.000,54.453,0.000,71.3,100.0
3366,2026-2027,6.000,0.000,9.024,10.976,0.000,5.000,5.000,0.000,45.1,70.1
3367,2026-2027,5.000,0.000,10.279,9.721,0.000,5.000,5.000,0.000,51.4,76.4
3368,2026-2027,8.000,0.000,10.179,19.821,0.000,5.000,5.000,0.000,33.9,50.6
3369,2026-2027,0.000,0.000,0.000,55.000,0.000,5.000,5.000,0.000,0.0,9.1
3370,2026-2027,5.000,0.000,11.868,18.132,0.000,5.000,5.000,0.000,39.6,56.2
3371,2026-2027,8.000,0.000,11.410,18.590,0.000,5.000,5.000,0.000,38.0,54.7
3372,2026-2027,9.000,0.000,14.805,15.195,0.000,5.000,5.000,0.000,49.4,66.0
3373,2026-2027,48.400,0.000,96.400,0.400,0.001,0.000,0.001,0.000,99.6,99.6
3374,2026-2027,51.150,0.000,96.800,0.000,0.001,0.000,0.001,0.000,100.0,100.0
3375,2026-2027,7.500,0.000,31.699,65.101,16.000,0.000,16.000,0.000,32.7,49.3
3376,2026-2027,51.150,0.000,96.800,0.000,0.001,0.000,0.001,0.000,100.0,100.0
3377,2026-2027,2.784,0.000,277.050,51.661,1.000,0.000,1.000,0.000,84.3,84.6
3378,2026-2027,0.000,0.000,0.000,17.000,0.000,4.250,4.250,0.000,0.0,25.0
3379,2026-2027,0.000,0.000,0.000,17.000,0.000,4.250,4.250,0.000,0.0,25.0
3380,2026-2027,0.000,0.000,0.000,17.000,0.000,4.250,4.250,0.000,0.0,25.0
3381,2026-2027,0.000,0.000,1593.861,1656.289,75.000,0.000,75.000,0.000,49.0,51.3
3382,2026-2027,0.000,0.000,0.000,356.000,0.010,0.000,0.010,0.000,0.0,0.0
3383,2026-2027,0.000,0.000,0.496,32.324,0.000,15.000,15.000,0.000,1.5,47.2
3384,2026-2027,16610.000,0.000,16610.000,28406.581,10000.000,0.000,10000.000,0.000,36.9,59.1
3385,2026-2027,0.000,0.000,0.000,100.000,0.010,0.000,0.010,0.000,0.0,0.0
3386,2026-2027,0.000,0.000,0.000,997.560,109.980,0.000,109.980,0.000,0.0,11.0
3387,2026-2027,0.000,0.000,0.000,1000.000,1.000,0.000,1.000,0.000,0.0,0.1
3388,2026-2027,0.000,0.000,76.502,25.706,0.010,0.000,0.010,0.000,74.8,74.9
3389,2026-2027,5.000,0.000,207.159,267.015,267.015,0.000,267.015,0.000,43.7,100.0
3390,2026-2027,12297.013,9249.740,18272.827,-6266.827,697.260,0.000,697.260,13200.000,152.2,158.0
3391,2026-2027,9423.603,15917.260,9602.170,892.930,3497.700,0.000,3497.700,22496.240,91.5,124.8
3392,2026-2027,49.081,0.000,97.865,39.312,0.000,39.312,39.312,0.000,71.3,100.0
3393,2026-2027,187.496,0.000,194.220,0.000,0.010,0.000,0.010,0.000,100.0,100.0
3394,2026-2027,25.000,0.000,33.056,277.203,277.203,0.000,277.203,0.000,10.7,100.0
3395,2026-2027,70.470,0.000,94.848,213.465,213.465,0.000,213.465,0.000,30.8,100.0
3396,2026-2027,32.905,0.000,197.494,0.000,0.010,0.000,0.010,0.000,100.0,100.0
3397,2026-2027,50.000,0.000,103.665,140.324,140.324,0.000,140.324,0.000,42.5,100.0
3398,2026-2027,25.000,0.000,27.500,638.957,319.018,0.000,319.018,0.000,4.1,52.0
3399,2026-2027,25.000,0.000,25.000,278.782,278.782,0.000,278.782,0.000,8.2,100.0
3400,2026-2027,11.250,0.000,17.250,152.750,152.750,0.000,152.750,0.000,10.1,100.0
3401,2026-2027,50.000,0.000,75.000,55.805,55.805,0.000,55.805,0.000,57.3,100.0
3402,2026-2027,15.000,0.000,34.928,86.293,86.293,0.000,86.293,0.000,28.8,100.0
3403,2026-2027,30.000,0.000,41.674,191.812,191.812,0.000,191.812,0.000,17.8,100.0
3404,2026-2027,15.000,0.000,15.000,169.639,169.639,0.000,169.639,0.000,8.1,100.0
3405,2026-2027,15.000,0.000,28.679,97.911,97.911,0.000,97.911,0.000,22.7,100.0
3406,2026-2027,30.000,0.000,74.040,69.678,69.678,0.000,69.678,0.000,51.5,100.0
3407,2026-2027,150.000,0.000,178.305,693.704,693.704,0.000,693.704,0.000,20.4,100.0
3408,2026-2027,66.419,0.000,66.419,199.258,199.258,0.000,199.258,0.000,25.0,100.0
3409,2026-2027,1822.161,0.000,1822.161,1917.122,0.000,498.000,498.000,0.000,48.7,62.0
3410,2026-2027,0.000,0.000,199.940,14.689,0.000,14.689,14.689,0.000,93.2,100.0
3411,2026-2027,29.170,0.000,178.013,0.004,0.000,0.004,0.004,0.000,100.0,100.0
3412,2026-2027,0.000,0.000,15.624,646.689,40.467,0.000,40.467,0.000,2.4,8.5
3413,2026-2027,8.000,0.000,27.714,77.643,0.000,20.000,20.000,0.000,26.3,45.3
3414,2026-2027,0.000,0.000,14.160,15.840,0.000,15.840,15.840,0.000,47.2,100.0
3415,2026-2027,0.000,0.000,0.000,126.064,0.000,71.000,71.000,0.000,0.0,56.3
3416,2026-2027,0.000,0.000,131.250,76.240,0.001,0.000,0.001,0.000,63.3,63.3
3417,2026-2027,0.000,0.000,1518.809,228.660,228.660,0.000,228.660,0.000,86.9,100.0
3418,2026-2027,0.000,0.000,0.000,147.200,73.600,0.000,73.600,0.000,0.0,50.0
3419,2026-2027,20.298,0.000,177.858,20.298,20.298,0.000,20.298,0.000,89.8,100.0
3420,2026-2027,0.000,0.000,645.237,171.847,0.001,0.000,0.001,0.000,79.0,79.0
3421,2026-2027,0.000,0.000,335.996,0.000,0.001,0.000,0.001,0.000,100.0,100.0
3422,2026-2027,726.909,0.000,2226.909,37.943,37.943,0.000,37.943,0.000,98.3,100.0
3423,2026-2027,0.000,0.000,0.000,100.214,100.214,0.000,100.214,0.000,0.0,100.0
3424,2026-2027,59.101,0.000,59.101,59.102,40.242,18.860,59.102,0.000,50.0,100.0
3425,2026-2027,0.000,0.000,0.000,485.000,485.000,0.000,485.000,0.000,0.0,100.0
3426,2026-2027,57.796,0.000,560.585,13.415,13.415,0.000,13.415,0.000,97.7,100.0
3427,2026-2027,0.000,0.000,60.225,1074.516,429.806,0.000,429.806,0.000,5.3,43.2
3428,2026-2027,8.841,0.000,331.306,101.668,0.001,0.000,0.001,0.000,76.5,76.5
3429,2026-2027,0.000,0.000,6195.401,268.498,0.001,0.000,0.001,0.000,95.8,95.8
3430,2026-2027,128.678,0.000,128.678,888.037,0.001,0.000,0.001,0.000,12.7,12.7
3431,2026-2027,200.000,0.000,8300.038,1413.191,0.001,0.000,0.001,0.000,85.5,85.5
3432,2026-2027,0.000,0.000,527.645,184.029,184.029,0.000,184.029,0.000,74.1,100.0
3433,2026-2027,0.000,0.000,764.826,3326.752,150.000,0.000,150.000,0.000,18.7,22.4
3434,2026-2027,0.000,0.000,605.025,0.000,0.001,0.000,0.001,0.000,100.0,100.0
3435,2026-2027,0.000,0.000,1707.708,2119.738,1000.000,0.000,1000.000,0.000,44.6,70.7
3436,2026-2027,706.436,0.000,2114.015,0.000,0.001,0.000,0.001,0.000,100.0,100.0
3437,2026-2027,0.000,0.000,92.357,77.634,0.001,0.000,0.001,0.000,54.3,54.3
3438,2026-2027,0.000,0.000,99.082,0.766,0.766,0.000,0.766,0.000,99.2,100.0
3439,2026-2027,6.553,0.000,98.961,0.000,0.001,0.000,0.001,0.000,100.0,100.0
3440,2026-2027,0.000,0.000,95.951,0.732,0.001,0.000,0.001,0.000,99.2,99.2
3441,2026-2027,4.303,0.000,93.668,0.000,0.001,0.000,0.001,0.000,100.0,100.0
3442,2026-2027,0.000,0.000,151.851,14.526,14.526,0.000,14.526,0.000,91.3,100.0
3443,2026-2027,0.000,0.000,90.831,95.442,0.001,0.000,0.001,0.000,48.8,48.8
3444,2026-2027,0.000,0.000,127.078,21.295,21.295,0.000,21.295,0.000,85.6,100.0
3445,2026-2027,60.194,0.000,122.924,26.319,26.318,0.000,26.318,0.000,82.4,100.0
3446,2026-2027,300.668,0.000,3532.846,2377.526,50.000,0.000,50.000,0.000,59.8,60.6
3447,2026-2027,44.062,0.000,215.700,148.875,0.001,0.000,0.001,0.000,59.2,59.2
3448,2026-2027,0.000,0.000,44.566,36.899,0.001,0.000,0.001,0.000,54.7,54.7
3449,2026-2027,39.970,0.000,52.140,39.970,0.001,0.000,0.001,0.000,56.6,56.6
3450,2026-2027,5.584,0.000,13.888,144.365,0.001,0.000,0.001,0.000,8.8,8.8
3451,2026-2027,0.000,0.000,43.696,22.962,22.962,0.000,22.962,0.000,65.6,100.0
3452,2026-2027,0.000,0.000,169.100,0.000,0.001,0.000,0.001,0.000,100.0,100.0
3453,2026-2027,0.000,0.000,144.484,0.001,0.001,0.000,0.001,0.000,100.0,100.0
3454,2026-2027,27.828,0.000,194.794,27.828,0.001,0.000,0.001,0.000,87.5,87.5
3455,2026-2027,0.000,0.000,178.139,0.000,0.001,0.000,0.001,0.000,100.0,100.0
3456,2026-2027,10.000,0.000,90.537,84.334,0.001,0.000,0.001,0.000,51.8,51.8
3457,2026-2027,49.813,0.000,110.838,49.813,0.001,0.000,0.001,0.000,69.0,69.0
3458,2026-2027,92.443,0.000,185.530,92.444,0.001,0.000,0.001,0.000,66.7,66.7
3459,2026-2027,0.000,0.000,880.501,132.345,0.001,0.000,0.001,0.000,86.9,86.9
3460,2026-2027,0.000,0.000,388.154,80.716,40.358,0.000,40.358,0.000,82.8,91.4
3461,2026-2027,0.000,0.000,62.695,7.183,7.183,0.000,7.183,0.000,89.7,100.0
3462,2026-2027,161.881,0.000,647.525,161.881,0.001,0.000,0.001,0.000,80.0,80.0
3463,2026-2027,0.000,0.000,9318.083,0.001,0.001,0.000,0.001,0.000,100.0,100.0
3464,2026-2027,32.628,0.000,91.889,32.626,0.001,0.000,0.001,0.000,73.8,73.8
3465,2026-2027,4.791,0.000,36.707,102.858,0.001,0.000,0.001,0.000,26.3,26.3
3466,2026-2027,63.900,0.000,223.447,390.238,200.000,0.000,200.000,0.000,36.4,69.0
3467,2026-2027,32.309,0.000,59.593,32.309,32.309,0.000,32.309,0.000,64.8,100.0
3468,2026-2027,64.064,0.000,120.802,64.065,0.001,0.000,0.001,0.000,65.3,65.3
3469,2026-2027,37.499,0.000,103.115,46.863,46.863,0.000,46.863,0.000,68.8,100.0
3470,2026-2027,49.981,0.000,149.943,49.980,0.001,0.000,0.001,0.000,75.0,75.0
3471,2026-2027,49.443,0.000,49.443,148.330,0.001,0.000,0.001,0.000,25.0,25.0
3472,2026-2027,24.220,0.000,83.237,111.846,0.001,0.000,0.001,0.000,42.7,42.7
3473,2026-2027,62.512,0.000,160.012,250.048,189.683,0.000,189.683,0.000,39.0,85.3
3474,2026-2027,26.152,0.000,50.976,120.770,0.001,0.000,0.001,0.000,29.7,29.7
3475,2026-2027,15.946,0.000,30.876,163.228,0.001,0.000,0.001,0.000,15.9,15.9
3476,2026-2027,21.966,0.000,92.017,101.436,0.001,0.000,0.001,0.000,47.6,47.6
3477,2026-2027,83.135,0.000,176.702,83.135,0.001,0.000,0.001,0.000,68.0,68.0
3478,2026-2027,40.392,0.000,110.952,85.048,0.001,0.000,0.001,0.000,56.6,56.6
3479,2026-2027,112.045,0.000,217.568,112.045,0.001,0.000,0.001,0.000,66.0,66.0
3480,2026-2027,48.192,0.000,60.947,2295.584,0.001,0.000,0.001,0.000,2.6,2.6
3481,2026-2027,97.456,0.000,97.456,292.368,292.368,0.000,292.368,0.000,25.0,100.0
3482,2026-2027,35.124,0.000,50.124,431.470,144.919,0.000,144.919,0.000,10.4,40.5
3483,2026-2027,37.310,0.000,37.310,21.000,21.000,0.000,21.000,0.000,64.0,100.0
3484,2026-2027,32.906,0.000,32.906,266.236,266.236,0.000,266.236,0.000,11.0,100.0
3485,2026-2027,70.102,0.000,75.102,221.989,0.001,0.000,0.001,0.000,25.3,25.3
3486,2026-2027,61.152,0.000,66.152,193.648,0.001,0.000,0.001,0.000,25.5,25.5
3487,2026-2027,34.114,0.000,39.114,250.166,0.001,0.000,0.001,0.000,13.5,13.5
3488,2026-2027,36.192,0.000,41.192,103.577,0.001,0.000,0.001,0.000,28.5,28.5
3489,2026-2027,12.369,0.000,17.369,32.106,32.106,0.000,32.106,0.000,35.1,100.0
3490,2026-2027,4.391,0.000,14.391,155.285,62.114,0.000,62.114,0.000,8.5,45.1
3491,2026-2027,10.226,0.000,20.226,175.688,70.275,0.000,70.275,0.000,10.3,46.2
3492,2026-2027,73.374,0.000,73.374,593.660,0.001,0.000,0.001,0.000,11.0,11.0
3493,2026-2027,351.890,0.000,361.890,982.155,982.155,0.000,982.155,0.000,26.9,100.0
3494,2026-2027,4.531,0.000,9.531,2019.155,807.662,0.000,807.662,0.000,0.5,40.3
3495,2026-2027,29.427,0.000,29.427,117.708,0.001,0.000,0.001,0.000,20.0,20.0
3496,2026-2027,29.523,0.000,34.523,113.094,0.001,0.000,0.001,0.000,23.4,23.4
3497,2026-2027,8.929,0.000,13.929,80.362,40.181,0.000,40.181,0.000,14.8,57.4
3498,2026-2027,39.624,0.000,44.624,153.497,0.001,0.000,0.001,0.000,22.5,22.5
3499,2026-2027,18.740,0.000,23.740,168.659,0.001,0.000,0.001,0.000,12.3,12.3
3500,2026-2027,19.702,0.000,24.702,177.318,0.001,0.000,0.001,0.000,12.2,12.2
3501,2026-2027,100.107,0.000,120.107,385.428,0.001,0.000,0.001,0.000,23.8,23.8
3502,2026-2027,13.733,0.000,18.733,123.592,0.001,0.000,0.001,0.000,13.2,13.2
3503,2026-2027,26.603,0.000,26.603,215.245,215.245,0.000,215.245,0.000,11.0,100.0
3504,2026-2027,48.159,0.000,48.159,389.653,0.001,0.000,0.001,0.000,11.0,11.0
3505,2026-2027,15.816,0.000,15.816,127.968,0.001,0.000,0.001,0.000,11.0,11.0
3506,2026-2027,16.152,0.000,26.152,38.456,38.456,0.000,38.456,0.000,40.5,100.0
3507,2026-2027,49.315,0.000,54.315,192.258,0.001,0.000,0.001,0.000,22.0,22.0
3508,2026-2027,60.826,0.000,65.826,238.305,0.001,0.000,0.001,0.000,21.6,21.6
3509,2026-2027,154.584,0.000,224.584,785.696,500.000,0.000,500.000,0.000,22.2,71.7
3510,2026-2027,193.828,0.000,198.828,826.319,0.001,0.000,0.001,0.000,19.4,19.4
3511,2026-2027,412.500,0.000,412.500,772.615,50.000,0.000,50.000,0.000,34.8,39.0
3512,2026-2027,500.000,0.000,500.000,503.025,50.000,0.000,50.000,0.000,49.8,54.8
3513,2026-2027,55.000,0.000,55.000,54.693,0.001,0.000,0.001,0.000,50.1,50.1
3514,2026-2027,1875.000,0.000,1875.000,3124.489,1490.670,0.000,1490.670,0.000,37.5,67.3
3515,2026-2027,80.000,0.000,80.000,95.833,0.001,0.000,0.001,0.000,45.5,45.5
3516,2026-2027,516.000,0.000,516.000,469.296,0.001,0.000,0.001,0.000,52.4,52.4
3517,2026-2027,625.000,0.000,625.000,431.582,431.582,0.000,431.582,0.000,59.2,100.0
3518,2026-2027,75.000,0.000,75.000,74.691,28.274,0.000,28.274,0.000,50.1,69.0
3519,2026-2027,35.621,0.000,35.621,122.035,0.001,0.000,0.001,0.000,22.6,22.6
3520,2026-2027,30.257,0.000,30.257,49.153,0.001,0.000,0.001,0.000,38.1,38.1
3521,2026-2027,32.500,0.000,32.500,32.463,32.463,0.000,32.463,0.000,50.0,100.0
3522,2026-2027,37.500,0.000,37.500,122.471,0.001,0.000,0.001,0.000,23.4,23.4
3523,2026-2027,150.000,0.000,150.000,134.454,134.454,0.000,134.454,0.000,52.7,100.0
3524,2026-2027,64.500,0.000,64.500,63.407,63.407,0.000,63.407,0.000,50.4,100.0
3525,2026-2027,325.000,0.000,325.000,256.275,0.001,0.000,0.001,0.000,55.9,55.9
3526,2026-2027,682.455,0.000,682.455,713.903,225.000,0.000,225.000,0.000,48.9,65.0
3527,2026-2027,25.000,0.000,25.000,25.000,25.000,0.000,25.000,0.000,50.0,100.0
3528,2026-2027,50.000,0.000,50.000,50.000,50.000,0.000,50.000,0.000,50.0,100.0
3529,2026-2027,12.498,0.000,12.498,37.495,37.494,0.000,37.494,0.000,25.0,100.0
3530,2026-2027,24.996,0.000,24.996,74.990,74.989,0.000,74.989,0.000,25.0,100.0
3531,2026-2027,1621.175,0.000,1621.175,4863.524,2431.760,0.000,2431.760,0.000,25.0,62.5
3532,2026-2027,0.000,0.000,0.000,2200.000,50.000,0.000,50.000,0.000,0.0,2.3
3533,2026-2027,1271.154,16024.380,4425.104,3561.056,3561.056,0.000,3561.056,11101.940,55.4,100.0
3534,2026-2027,0.000,0.000,565.411,0.000,0.001,0.000,0.001,0.000,100.0,100.0
3535,2026-2027,20.000,0.000,221.035,405.919,405.919,0.000,405.919,0.000,35.3,100.0
3536,2026-2027,20.000,0.000,159.493,998.816,54.405,0.000,54.405,0.000,13.8,18.5
3537,2026-2027,15.368,0.000,2147.327,176.734,0.001,0.000,0.001,0.000,92.4,92.4
3538,2026-2027,0.000,0.000,198.939,0.442,0.001,0.000,0.001,0.000,99.8,99.8
3539,2026-2027,0.000,0.000,217.074,85.297,0.001,0.000,0.001,0.000,71.8,71.8
3540,2026-2027,0.000,0.000,301.818,4.391,0.001,0.000,0.001,0.000,98.6,98.6
3541,2026-2027,25.446,0.000,347.775,144.196,0.001,0.000,0.001,0.000,70.7,70.7
3542,2026-2027,0.000,0.000,260.479,310.238,0.001,0.000,0.001,0.000,45.6,45.6
3543,2026-2027,6.095,0.000,167.815,156.434,0.001,0.000,0.001,0.000,51.8,51.8
3544,2026-2027,0.000,0.000,146.229,18.377,18.377,0.000,18.377,0.000,88.8,100.0
3545,2026-2027,255.891,0.000,259.043,717.287,150.000,0.000,150.000,0.000,26.5,41.9
3546,2026-2027,0.000,0.000,497.880,169.899,0.001,0.000,0.001,0.000,74.6,74.6
3547,2026-2027,62.321,0.000,905.868,62.321,62.321,0.000,62.321,0.000,93.6,100.0
3548,2026-2027,25.330,0.000,177.395,25.329,25.329,0.000,25.329,0.000,87.5,100.0
3549,2026-2027,16.586,0.000,333.990,107.980,0.001,0.000,0.001,0.000,75.6,75.6
3550,2026-2027,0.000,0.000,369.658,39.980,0.001,0.000,0.001,0.000,90.2,90.2
3551,2026-2027,0.000,0.000,126.420,22.376,0.001,0.000,0.001,0.000,85.0,85.0
3552,2026-2027,0.000,0.000,104.959,15.301,15.301,0.000,15.301,0.000,87.3,100.0
3553,2026-2027,0.742,0.000,314.368,140.714,0.001,0.000,0.001,0.000,69.1,69.1
3554,2026-2027,16.831,0.000,82.396,95.379,0.001,0.000,0.001,0.000,46.3,46.3
3555,2026-2027,32.168,0.000,338.771,114.051,0.001,0.000,0.001,0.000,74.8,74.8
3556,2026-2027,100.675,0.000,332.513,302.024,0.001,0.000,0.001,0.000,52.4,52.4
3557,2026-2027,45.174,0.000,205.427,0.000,0.001,0.000,0.001,0.000,100.0,100.0
3558,2026-2027,0.000,0.000,177.430,10.916,0.001,0.000,0.001,0.000,94.2,94.2
3559,2026-2027,0.000,0.000,62.666,8.140,8.140,0.000,8.140,0.000,88.5,100.0
3560,2026-2027,0.000,0.000,47.547,32.053,32.053,0.000,32.053,0.000,59.7,100.0
3561,2026-2027,15.846,0.000,108.509,89.802,0.001,0.000,0.001,0.000,54.7,54.7
3562,2026-2027,0.000,0.000,296.276,52.674,52.674,0.000,52.674,0.000,84.9,100.0
3563,2026-2027,0.000,0.000,85.836,17.680,0.001,0.000,0.001,0.000,82.9,82.9
3564,2026-2027,0.000,0.000,109.570,20.819,0.001,0.000,0.001,0.000,84.0,84.0
3565,2026-2027,27.805,0.000,216.993,98.582,98.582,0.000,98.582,0.000,68.8,100.0
3566,2026-2027,36.480,0.000,232.402,109.439,0.001,0.000,0.001,0.000,68.0,68.0
3567,2026-2027,0.000,0.000,528.773,53.789,0.001,0.000,0.001,0.000,90.8,90.8
3568,2026-2027,51.623,0.000,328.117,154.868,0.001,0.000,0.001,0.000,67.9,67.9
3569,2026-2027,7.722,0.000,133.550,95.228,0.001,0.000,0.001,0.000,58.4,58.4
3570,2026-2027,26.956,0.000,162.379,95.569,0.001,0.000,0.001,0.000,63.0,63.0
3571,2026-2027,26.948,0.000,192.677,95.544,95.544,0.000,95.544,0.000,66.9,100.0
3572,2026-2027,29.100,0.000,194.824,164.898,82.449,0.000,82.449,0.000,54.2,77.1
3573,2026-2027,44.821,0.000,423.626,253.985,0.001,0.000,0.001,0.000,62.5,62.5
3574,2026-2027,44.949,0.000,179.794,44.949,0.001,0.000,0.001,0.000,80.0,80.0
3575,2026-2027,138.363,0.000,779.895,369.583,50.000,0.000,50.000,0.000,67.8,72.2
3576,2026-2027,38.311,0.000,102.164,21.910,0.001,0.000,0.001,0.000,82.3,82.3
3577,2026-2027,52.297,0.000,172.466,185.419,0.001,0.000,0.001,0.000,48.2,48.2
3578,2026-2027,33.986,0.000,193.986,305.864,0.001,0.000,0.001,0.000,38.8,38.8
3579,2026-2027,78.630,0.000,230.661,0.000,0.001,0.000,0.001,0.000,100.0,100.0
3580,2026-2027,82.345,0.000,164.690,0.000,0.000,0.000,0.000,0.000,100.0,100.0
3581,2026-2027,23.920,0.000,28.920,95.678,47.839,0.000,47.839,0.000,23.2,61.6
3582,2026-2027,0.000,0.000,5.625,640.231,256.092,0.000,256.092,0.000,0.9,40.5
3583,2026-2027,64.936,0.000,129.873,0.000,0.001,0.000,0.001,0.000,100.0,100.0
3584,2026-2027,24.988,0.000,49.977,0.000,0.001,0.000,0.001,0.000,100.0,100.0
3585,2026-2027,49.940,0.000,99.881,69.890,0.001,0.000,0.001,0.000,58.8,58.8
3586,2026-2027,49.182,0.000,98.365,0.000,0.001,0.000,0.001,0.000,100.0,100.0
3587,2026-2027,49.913,0.000,99.826,0.000,0.001,0.000,0.001,0.000,100.0,100.0
3588,2026-2027,49.992,0.000,99.985,0.000,0.001,0.000,0.001,0.000,100.0,100.0
3589,2026-2027,49.930,0.000,99.860,0.000,0.001,0.000,0.001,0.000,100.0,100.0
3590,2026-2027,49.955,0.000,99.910,0.000,0.001,0.000,0.001,0.000,100.0,100.0
3591,2026-2027,83.918,0.000,167.837,0.000,0.001,0.000,0.001,0.000,100.0,100.0
3592,2026-2027,128.306,0.000,256.610,0.000,0.001,0.000,0.001,0.000,100.0,100.0
3593,2026-2027,16.622,0.000,76.622,423.241,0.001,0.000,0.001,0.000,15.3,15.3
3594,2026-2027,275.000,0.000,909.640,1405.009,1405.009,0.000,1405.009,0.000,39.3,100.0
3595,2026-2027,93.613,0.000,381.813,530.475,0.001,0.000,0.001,0.000,41.9,41.9
3596,2026-2027,611.367,0.000,1762.920,1834.102,100.000,0.000,100.000,0.000,49.0,51.8
3597,2026-2027,132.577,0.000,389.005,530.306,0.001,0.000,0.001,0.000,42.3,42.3
3598,2026-2027,0.000,0.000,0.000,199.059,0.001,0.000,0.001,0.000,0.0,0.0
3599,2026-2027,0.000,0.000,0.000,120.665,0.001,0.000,0.001,0.000,0.0,0.0
3600,2026-2027,102.349,0.000,414.349,579.980,100.000,0.000,100.000,0.000,41.7,51.7
3601,2026-2027,57.750,0.000,172.750,327.250,0.001,0.000,0.001,0.000,34.6,34.6
3602,2026-2027,162.348,0.000,956.661,169.840,0.001,0.000,0.001,0.000,84.9,84.9
3603,2026-2027,538.029,0.000,2052.536,839.682,250.000,0.000,250.000,0.000,71.0,79.6
3604,2026-2027,42.240,0.000,150.239,149.758,0.001,0.000,0.001,0.000,50.1,50.1
3605,2026-2027,49.279,0.000,175.278,174.718,0.001,0.000,0.001,0.000,50.1,50.1
3606,2026-2027,49.251,0.000,175.218,174.616,0.001,0.000,0.001,0.000,50.1,50.1
3607,2026-2027,33.660,0.000,129.659,170.337,0.001,0.000,0.001,0.000,43.2,43.2
3608,2026-2027,42.240,0.000,150.240,149.760,0.001,0.000,0.001,0.000,50.1,50.1
3609,2026-2027,0.000,0.000,84.070,216.280,0.001,0.000,0.001,0.000,28.0,28.0
3610,2026-2027,39.483,0.000,140.750,139.984,0.001,0.000,0.001,0.000,50.1,50.1
3611,2026-2027,35.776,0.000,127.430,126.842,0.001,0.000,0.001,0.000,50.1,50.1
3612,2026-2027,79.279,0.000,166.052,74.212,37.106,0.000,37.106,0.000,69.1,84.6
3613,2026-2027,30.092,0.000,107.088,106.692,0.001,0.000,0.001,0.000,50.1,50.1
3614,2026-2027,27.456,0.000,97.656,97.344,48.672,0.000,48.672,0.000,50.1,75.0
3615,2026-2027,22.669,0.000,80.629,80.371,40.185,0.000,40.185,0.000,50.1,75.0
3616,2026-2027,91.800,0.000,379.800,520.200,0.001,0.000,0.001,0.000,42.2,42.2
3617,2026-2027,150.328,0.000,626.648,851.862,0.001,0.000,0.001,0.000,42.4,42.4
3618,2026-2027,73.440,0.000,303.840,416.160,0.001,0.000,0.001,0.000,42.2,42.2
3619,2026-2027,202.684,0.000,538.671,511.243,0.001,0.000,0.001,0.000,51.3,51.3
3620,2026-2027,57.472,0.000,219.222,325.675,0.001,0.000,0.001,0.000,40.2,40.2
3621,2026-2027,100.000,0.000,202.700,397.623,0.001,0.000,0.001,0.000,33.8,33.8
3622,2026-2027,65.058,0.000,144.796,368.660,368.660,0.000,368.660,0.000,28.2,100.0
3623,2026-2027,12.031,0.000,12.031,180.462,0.001,0.000,0.001,0.000,6.3,6.3
3624,2026-2027,20.000,0.000,410.219,444.217,444.217,0.000,444.217,0.000,48.0,100.0
3625,2026-2027,76.611,0.000,417.106,434.131,100.000,0.000,100.000,0.000,49.0,60.7
3626,2026-2027,25.000,0.000,25.000,300.990,100.000,0.000,100.000,0.000,7.7,38.3
3627,2026-2027,63.791,0.000,73.791,181.370,0.001,0.000,0.001,0.000,28.9,28.9
3628,2026-2027,17.281,0.000,27.281,41.843,41.843,0.000,41.843,0.000,39.5,100.0
3629,2026-2027,26.584,0.000,31.584,106.337,106.337,0.000,106.337,0.000,22.9,100.0
3630,2026-2027,81.432,0.000,81.432,666.984,666.984,0.000,666.984,0.000,10.9,100.0
3631,2026-2027,268.377,0.000,418.377,805.132,150.000,0.000,150.000,0.000,34.2,46.5
3632,2026-2027,100.000,0.000,105.000,290.421,0.001,0.000,0.001,0.000,26.6,26.6
3633,2026-2027,77.933,0.000,82.933,331.413,0.001,0.000,0.001,0.000,20.0,20.0
3634,2026-2027,56.110,0.000,201.771,392.764,150.000,0.000,150.000,0.000,33.9,59.2
3635,2026-2027,26.728,0.000,31.728,240.551,0.001,0.000,0.001,0.000,11.7,11.7
3636,2026-2027,191.547,0.000,311.547,679.123,0.001,0.000,0.001,0.000,31.4,31.4
3637,2026-2027,61.633,0.000,66.633,213.516,0.001,0.000,0.001,0.000,23.8,23.8
3638,2026-2027,60.497,0.000,65.497,191.573,0.001,0.000,0.001,0.000,25.5,25.5
3639,2026-2027,10.394,0.000,10.394,178.581,0.001,0.000,0.001,0.000,5.5,5.5
3640,2026-2027,325.807,0.000,335.807,217.205,0.001,0.000,0.001,0.000,60.7,60.7
3641,2026-2027,29.754,0.000,29.754,240.739,0.001,0.000,0.001,0.000,11.0,11.0
3642,2026-2027,10.974,0.000,10.974,188.550,0.001,0.000,0.001,0.000,5.5,5.5
3643,2026-2027,54.160,0.000,59.160,438.202,175.281,0.000,175.281,0.000,11.9,47.1
3644,2026-2027,27.653,0.000,37.653,98.042,0.001,0.000,0.001,0.000,27.7,27.7
3645,2026-2027,21.913,0.000,26.913,77.692,0.001,0.000,0.001,0.000,25.7,25.7
3646,2026-2027,16.131,0.000,16.131,130.516,0.001,0.000,0.001,0.000,11.0,11.0
3647,2026-2027,78.617,0.000,78.617,609.817,0.001,0.000,0.001,0.000,11.4,11.4
3648,2026-2027,15.648,0.000,25.648,55.477,20.000,0.000,20.000,0.000,31.6,56.3
3649,2026-2027,80.550,0.000,85.550,255.076,0.001,0.000,0.001,0.000,25.1,25.1
3650,2026-2027,19.861,0.000,29.861,70.414,35.207,0.000,35.207,0.000,29.8,64.9
3651,2026-2027,53.053,0.000,58.053,168.002,0.001,0.000,0.001,0.000,25.7,25.7
3652,2026-2027,72.164,0.000,82.164,255.852,0.001,0.000,0.001,0.000,24.3,24.3
3653,2026-2027,1044.747,0.000,1244.747,3704.103,0.001,0.000,0.001,0.000,25.2,25.2
3654,2026-2027,23.697,0.000,28.697,213.271,0.001,0.000,0.001,0.000,11.9,11.9
3655,2026-2027,20.647,0.000,25.647,185.824,0.001,0.000,0.001,0.000,12.1,12.1
3656,2026-2027,100.978,0.000,105.978,403.912,0.001,0.000,0.001,0.000,20.8,20.8
3657,2026-2027,117.096,0.000,122.096,499.199,0.001,0.000,0.001,0.000,19.7,19.7
3658,2026-2027,123.650,0.000,143.650,365.698,0.001,0.000,0.001,0.000,28.2,28.2
3659,2026-2027,35.204,0.000,40.204,111.481,33.444,0.000,33.444,0.000,26.5,48.6
3660,2026-2027,31.827,0.000,36.827,100.787,30.236,0.000,30.236,0.000,26.8,48.7
3661,2026-2027,66.483,0.000,71.483,210.530,63.159,0.000,63.159,0.000,25.3,47.7
3662,2026-2027,166.244,0.000,171.244,493.730,246.865,0.000,246.865,0.000,25.8,62.9
3663,2026-2027,20.672,0.000,40.672,167.242,167.242,0.000,167.242,0.000,19.6,100.0
3664,2026-2027,59.511,0.000,69.511,168.531,33.000,0.000,33.000,0.000,29.2,43.1
3665,2026-2027,62.655,0.000,92.655,157.963,0.001,0.000,0.001,0.000,37.0,37.0
3666,2026-2027,156.923,0.000,195.369,432.321,0.001,0.000,0.001,0.000,31.1,31.1
3667,2026-2027,7.856,0.000,12.856,134.989,0.001,0.000,0.001,0.000,8.7,8.7
3668,2026-2027,62.685,0.000,67.685,198.501,0.001,0.000,0.001,0.000,25.4,25.4
3669,2026-2027,58.371,0.000,63.371,184.842,0.001,0.000,0.001,0.000,25.5,25.5
3670,2026-2027,105.289,0.000,125.289,353.299,0.001,0.000,0.001,0.000,26.2,26.2
3671,2026-2027,28.188,0.000,33.188,253.688,0.001,0.000,0.001,0.000,11.6,11.6
3672,2026-2027,131.166,0.000,136.166,415.357,100.000,0.000,100.000,0.000,24.7,42.8
3673,2026-2027,64.582,0.000,74.582,191.746,0.001,0.000,0.001,0.000,28.0,28.0
3674,2026-2027,46.146,0.000,66.146,118.439,0.001,0.000,0.001,0.000,35.8,35.8
3675,2026-2027,10.250,0.000,15.250,36.341,36.341,0.000,36.341,0.000,29.6,100.0
3676,2026-2027,181.530,0.000,186.530,544.591,0.001,0.000,0.001,0.000,25.5,25.5
3677,2026-2027,700.000,0.000,710.000,1225.950,800.000,0.000,800.000,0.000,36.7,78.0
3678,2026-2027,123.650,0.000,128.650,527.141,0.001,0.000,0.001,0.000,19.6,19.6
3679,2026-2027,1388.436,0.000,1638.436,4922.637,200.000,0.000,200.000,0.000,25.0,28.0
3680,2026-2027,34.000,0.000,34.000,102.000,0.001,0.000,0.001,0.000,25.0,25.0
3681,2026-2027,57.750,0.000,57.750,130.826,39.248,0.000,39.248,0.000,30.6,51.4
3682,2026-2027,37.500,0.000,37.500,14.576,14.576,0.000,14.576,0.000,72.0,100.0
3683,2026-2027,321.500,0.000,321.500,301.456,301.456,0.000,301.456,0.000,51.6,100.0
3684,2026-2027,28.125,0.000,28.125,46.875,0.001,0.000,0.001,0.000,37.5,37.5
3685,2026-2027,271.500,0.000,271.500,271.442,0.001,0.000,0.001,0.000,50.0,50.0
3686,2026-2027,319.168,0.000,319.168,446.382,446.382,0.000,446.382,0.000,41.7,100.0
3687,2026-2027,91.500,0.000,91.500,77.075,0.001,0.000,0.001,0.000,54.3,54.3
3688,2026-2027,4343.964,0.000,4343.964,4343.965,4343.965,0.000,4343.965,0.000,50.0,100.0
3689,2026-2027,370.000,0.000,370.000,572.103,572.103,0.000,572.103,0.000,39.3,100.0
3690,2026-2027,44.000,0.000,44.000,42.050,42.050,0.000,42.050,0.000,51.1,100.0
3691,2026-2027,76.000,0.000,76.000,74.679,74.679,0.000,74.679,0.000,50.4,100.0
3692,2026-2027,100.000,0.000,100.000,99.094,49.547,0.000,49.547,0.000,50.2,75.1
3693,2026-2027,335.000,0.000,335.000,330.101,330.101,0.000,330.101,0.000,50.4,100.0
3694,2026-2027,259.500,0.000,259.500,210.363,210.363,0.000,210.363,0.000,55.2,100.0
3695,2026-2027,225.000,0.000,225.000,196.106,196.106,0.000,196.106,0.000,53.4,100.0
3696,2026-2027,250.000,0.000,250.000,213.105,0.001,0.000,0.001,0.000,54.0,54.0
3697,2026-2027,314.500,0.000,314.500,538.888,269.444,0.000,269.444,0.000,36.9,68.4
3698,2026-2027,60.000,0.000,60.000,105.859,0.001,0.000,0.001,0.000,36.2,36.2
3699,2026-2027,35.375,0.000,35.375,141.987,0.001,0.000,0.001,0.000,19.9,19.9
3700,2026-2027,1007.656,0.000,1007.656,1007.658,1007.657,0.000,1007.657,0.000,50.0,100.0
3701,2026-2027,109.561,0.000,109.561,31.379,31.379,0.000,31.379,0.000,77.7,100.0
3702,2026-2027,22.588,0.000,22.588,67.752,67.752,0.000,67.752,0.000,25.0,100.0
3703,2026-2027,50.000,0.000,50.000,139.982,20.000,0.000,20.000,0.000,26.3,36.8
3704,2026-2027,100.000,0.000,100.000,199.680,199.680,0.000,199.680,0.000,33.4,100.0
3705,2026-2027,50.000,0.000,50.000,49.962,0.001,0.000,0.001,0.000,50.0,50.0
3706,2026-2027,100.000,0.000,100.000,93.963,0.001,0.000,0.001,0.000,51.6,51.6
3707,2026-2027,0.000,0.000,0.000,49.993,49.993,0.000,49.993,0.000,0.0,100.0
3708,2026-2027,0.000,0.000,0.000,49.994,49.994,0.000,49.994,0.000,0.0,100.0
3709,2026-2027,0.000,0.000,0.000,49.992,49.992,0.000,49.992,0.000,0.0,100.0
3710,2026-2027,0.000,0.000,0.000,59.979,59.979,0.000,59.979,0.000,0.0,100.0
3711,2026-2027,0.000,0.000,0.000,35.000,7.000,0.000,7.000,0.000,0.0,20.0
3712,2026-2027,0.000,0.000,0.000,800.000,10.000,0.000,10.000,0.000,0.0,1.3
