id,uid,gen_sr_no,name,department_id,sub_sector_id,status,date_of_approval,target_completion_date,estimated_cost,financial_progress_pct,physical_progress_pct,current_fiscal_year,revision_flag
1,AGRAE-PP-16-0003,1,"Construction of Additional Building Components of ATI, Jacobabad",1,1,Approved,30.06.16,Jun-27,99.939,100.0,,2026-2027,U/R
2,AGRAE-PP-17-0002,2,Construction/ Rehabilitation of Agriculture Extension Offices in Sindh.,1,1,Approved,12.01.18,Jun-28,439.149,82.3,,2026-2027,
3,AGRAE-PP-21-0006,3,Implementation of Grow More Cotton and Pulses Campaign in Sindh.,1,1,Approved,01.11.21,Jun-27,75.000,100.0,,2026-2027,
4,AGRAE-PP-21-0007,4,Rehabilitation of Existing Buildings of Agriculture Extension in District Kashmore.,1,1,Approved,08.11.21,Jun-27,100.000,100.0,,2026-2027,
5,AGRWM-PP-21-0017,5,"Transforming the Indus Basin with Climate Resilient Agriculture and Water Management (Total: Rs. 3,444.43 M GCF's Share: Rs. 2618.65 M GoS' Share: Rs. 825.784 M)",1,1,Approved,29.10.21,Jun-27,825.784,100.0,,2026-2027,
6,AGRWM-FP-21-0021,6,"Sindh Water & Agriculture Transformation (SWAT) Project (Component III: Agriculture) (Total: Rs. 14,228.720 M World Bank's Share: Rs. 11,926.500 M GoS Share: Rs. 2,302.22 M)",1,1,Approved,06.12.22,Jun-28,2302.220,16.4,,2026-2027,
7,AGRAE-PP-22-0004,7,Integrated Pest Management of Cotton Crop in Sindh.,1,1,Approved,30.01.23,Jun-27,95.930,100.0,,2026-2027,
8,AGRAE-PP-23-0003,8,"Construction of Office of the Directorate of Agriculture Extension, Sukkur Division (Revised)",1,1,Approved,31.10.16,Jun-27,224.833,100.0,,2026-2027,
9,AGRAE-PP-25-0001,9,Providing Essential Laboratory Equipments and Analytical Material to Pesticide and Fertilizer Quality Control and Testing Laboratories.,1,1,Approved,24.12.25,Jun-28,200.000,25.0,,2026-2027,
10,AGRAK-PP-14-0016,10,Construction of Mirch Mandi at Kunri (C:195.878),1,2,Approved,29.09.07,Jun-27,195.878,100.0,,2026-2027,U/R
11,AGRAK-PP-23-0007,11,Establishment of Fruit and Vegetable Market at Mehar,1,2,Approved,10.02.25,Jun-28,276.932,54.0,,2026-2027,
12,AGRAK-PP-25-0001,12,Establishment of fruit and vegetable Mandi at Larkana (Total: Rs. 4504.83 C: Rs. 3831.42 Rev: Rs. 673.41),1,2,Approved,25.05.26,Jun-29,4504.830,27.1,,2026-2027,
13,AGRAM-PP-22-0009,13,Provision of Laser Leveling Equipment on Rental Basis to Farmers in Sindh,1,3,Approved,07.09.22,Jun-27,300.000,100.0,,2026-2027,
14,AGRAM-PP-23-0010,14,Provision of Subsidy on Modern Technology Equipment to Farmers in Sindh (Total: Rs. 246.20 M GoS' Share: Rs. 200.00 M Farmers' Share: Rs. 46.20 M),1,3,Approved,26.06.23,Jun-28,200.000,59.4,,2026-2027,
15,AGRAM-PP-23-0011,15,"Installation of Solarized Pulp Processing Units for Fruits and Vegetables in Sindh (Total: Rs. 3,525.80 M GoS' Share: Rs. 2,855.80 M Farmers' Share: Rs. 670.00 M)",1,3,Approved,26.06.23,Jun-28,2855.800,71.0,,2026-2027,
16,AGRAM-PP-23-0012,16,"Installation / Erection of Modern Cool Chain System on Subsidized Cost to Farmers for Export of Fruits & Vegetables (Total: Rs. 4,783.40 M GoS' Share: Rs. 3,873.00 M Farmers' Share: Rs. 910.00 M)",1,3,Approved,06.06.23,Jun-27,3873.000,100.0,,2026-2027,U/R
17,AGRAM-PP-25-0001,17,Provision of Agriculture Implements on cost sharing basis (Phase-II) (Total: Rs. 757.234 M GoS Share: Rs. 390.00 M Farmer's Share: Rs. 367.234 M) Cost Sharing: GoS 50% and Farmer 50%,1,3,Approved,,Jun-28,390.000,25.0,,2026-2027,
18,AGRAR-PP-22-0001,18,Bio Saline Agriculture Research & Development Phase-II,1,4,Approved,05.10.22,Jun-27,199.997,100.0,,2026-2027,
19,AGRAR-PP-22-0002,19,Upgradation of Horticulture Research Center at Mirpurkhas (Total: Rs. 355.511 C: Rs. 155.828 Rev: Rs. 199.683),1,4,Approved,05.01.23,Jun-27,355.511,100.0,,2026-2027,
20,AGRAR-PP-23-0002,20,Varietal Development of Wheat through Speed Breeding.,1,4,Approved,08.03.24,Jun-27,100.000,100.0,,2026-2027,
21,AGRAR-PP-25-0001,21,"Sindh Agriculture Biosaline, Rehabilitation & Resilient Initiative. (SABRRI)",1,4,Approved,08.10.25,Jun-27,100.000,100.0,,2026-2027,
22,AGRAR-PP-25-0002,22,Production of Early Category Seed of Climate- Resilient Crop in Sindh for Enhanced Food Security and Sustainability.,1,4,Approved,08.10.25,Jun-27,50.000,100.0,,2026-2027,
23,AGRWM-PP-15-0002,23,"Construction of Office Building for On-Farm Water Management staff (Badin, Mirpurkhas, Sanghar, S.B.A, Sukkur, Khairpur, Shikarpur, Dadu, Ghotki, Kashmore & Jamshoro).",1,5,Approved,11.12.15,Jun-27,96.389,100.0,,2026-2027,
24,AGRWM-PP-22-0012,24,"Construction of Water Storage Reservoirs Operated on Solar Pumping Systems (Total: Rs. 1,591.023 M GoS' Share: Rs. 1,320.00 M Farmers' Share: Rs. 271.023 M)",1,5,Approved,07.11.22,Jun-28,1320.000,48.6,,2026-2027,
25,AGRWM-PP-22-0013,25,Improvement of New / Fresh Water Courses in Sindh (Total: Rs. 2408.000 M GoS' Share: Rs. 2000.00 M Farmers' share: Rs. 408.00 M),1,5,Approved,07.09.22,Jun-28,2000.000,57.4,,2026-2027,
26,AGRWM-PP-22-0014,26,Provision of Subsidy Assistance on Solar Power for High Efficiency Irrigation System (HEIS) (Total: Rs. 1204.842 M GoS' Share: Rs. 999.286 M Farmers' Share: Rs. 205.556 M),1,5,Approved,07.09.22,Jun-28,999.286,60.0,,2026-2027,
27,AGRWM-PP-23-0015,27,"Improving Crop Yield through Integrated Water Resource Management Model in Sindh (Total: Rs. 1,201.225 M GoS Share: Rs. 976.250 M Farmer Share: Rs. 225.00 M)",1,5,Approved,02.01.24,Jun-27,976.250,100.0,,2026-2027,
28,AGRWM-PP-25-0001,28,Water Conservation through Additional Lining of Watercourses in Sindh (Total: Rs. 1241.340 M GoS' Share: Rs. 1020.00 M Farmers' Share: Rs. 221.34 M) Cost Sharing: GoS 80% and Farmer 20%,1,5,Approved,13.10.25,Jun-27,1020.000,100.0,,2026-2027,
29,AGRWM-PP-25-0002,29,Modern Agriculture Techniques to Grow Off Season Crops (Total: Rs. 423.70 M GoS' Share: Rs. 350.00 M Farmers' Share: Rs. 73.70 M) Cost Sharing: GoS 80% and Farmer 20%,1,5,Approved,,Jun-28,350.000,25.0,,2026-2027,
30,AGRAS-PP-23-0009,30,Mobile Testing Unit for Inspection,1,6,Approved,08.03.24,Jun-27,99.960,100.0,,2026-2027,
31,AGRSS-PP-23-0008,31,Controlled Environmental Techniques for High Yield Vertical Agriculture in Sindh,1,7,Approved,08.03.24,Jun-27,100.000,100.0,,2026-2027,
32,AZUAQ-PP-13-0002,32,"Construction / Reconstruction / Rehabilitation & Allied Facilities of Dargahs in Sindh (6 Nos.), T.M Khan (01), Thatta (02), Khairpur (01), Hyderabad (01) and Larkano (01) (SDG #2.1)",2,8,Approved,12.03.13,Jun-27,150.599,85.3,,2026-2027,U/R
33,AZUAQ-PP-17-0005,33,"Construction of Dargah Hazrat Shah Abdul Rehman (Meerani Meer), Taluka New Saeedabad District Matiari (SDG#2.1) (Revised Date: 13-05-2026 Capital: 144.59 Revenue: 0.00 Total Cost: 144.59)",2,8,Approved,26.01.18,Jun-27,144.587,68.6,,2026-2027,
34,AZUAQ-PP-19-0009,34,Construction of Dispensary / Minor & Repairs attached Unit at Dargah Luwari Sharif District Badin (Revised on 09-06-2020),2,8,Approved,02.12.16,Jun-27,96.126,100.0,,2026-2027,
35,AZUAQ-PP-19-0015,35,Construction & Provision of Allied Facilities at Dargah Sare-Faqeer Hadi Gham Kusar Taluka Kingri District Khairpur (Revised on 17-09- 2021),2,8,Approved,10.10.19,Jun-27,95.569,100.0,,2026-2027,
36,AZUAQ-PP-19-0017,36,Rehabilitation of Dargah Hazrat Tharu Shah District N.Feroze (Revised on 17-09-2021),2,8,Approved,10.10.19,Jun-27,94.049,100.0,,2026-2027,
37,AZUAQ-PP-21-0023,37,Construction of Musafikhana & Missing Faclities at Dargah Hazrat Ahmed Shah Lakyari Taluka New Saeedabad.,2,8,Approved,17.09.21,Jun-27,73.761,100.0,,2026-2027,
38,AZUAQ-PP-21-0034,38,"Rehabilitation & Renovation of Dargahs, Moullana Shah at Hoat Khan Jalbani, Syed Makan Shah, Lalan Ghot & Masjid Goth Sher Muhammad Abro, Mehrabpur.",2,8,Approved,17.09.21,Jun-27,20.000,100.0,,2026-2027,
39,AZUAQ-PP-21-0040,39,Construction & Provision of Allied Facilities at Dargah Sain Fazlulllah Jatoi village Sono Jattoi UC Puranoabad. (Revised Date: 05-05-2026 Capital: 17.74 Revenue: 0.00 Total Cost: 17.74),2,8,Approved,17.09.21,Jun-27,17.740,100.0,,2026-2027,
40,AZUAQ-PP-21-0042,40,Construction & Provision of Allied Facilities at Dargah Shaeed Badshah village Haji Ghulam Shah UC Puranoabad (Missing scheme ADP No. 62/2023-24) (Revised Date: 04-05-2026 Capital: 31.35 Revenue: 0.00 Total Cost: 31.35),2,8,Approved,17.09.21,Jun-27,31.347,100.0,,2026-2027,
41,AZUAQ-PP-21-0044,41,Construction & Provision of Allied Facilities at Dargah Sain Hadiatullah Arijo village & UC Arija.,2,8,Approved,23.12.21,Jun-27,16.000,100.0,,2026-2027,U/R
42,AZUAQ-PP-21-0048,42,Construction & Provision of Allied Facilities at Dargah Peer Mohban Shah Village Fatehpur Gaji Dero. (Revised Date: 05-05-2026 Capital: 26.10 Revenue: 0.00 Total Cost: 26.10),2,8,Approved,17.09.21,Jun-27,26.100,100.0,,2026-2027,
43,AZUAQ-PP-21-0051,43,"Construction of Compound Wall, Marble Flooring and Repair Renovation of Dargah Pir Haji Mehmood Shah Village Kaniya Kalohora Taluka Kandiaro.",2,8,Approved,17.09.21,Jun-27,30.000,100.0,,2026-2027,
44,AZUAQ-PP-22-0018,44,"Construction of Punnal Peer village Butt Serai UC Butt Serai, Taluka Mehar and Constt. of Dargah Haider Shah Jeelani and Reconstruction of Masjid village Seeta Road Taluka Khairpur Nathanshah",2,8,Approved,20.01.23,Jun-27,20.000,100.0,,2026-2027,
45,AZUAQ-PP-22-0024,45,Constt. of Dargah & Allied Facilities Hazrat Bibi Maham (SA) Aghamano Graveyard District Badin (Revised on 23.01.24).,2,8,Approved,20.01.23,Jun-27,120.512,61.2,,2026-2027,
46,AZUAQ-PP-23-0002,46,Construction of Musafirkhan at Dargah Perdasi Peer Near Main Road Village UC Butt Serai Taluka Mehar (Revised on 08.11.24).,2,8,Approved,19.04.24,Jun-27,6.257,100.0,,2026-2027,
47,AZUAQ-PP-23-0009,47,"Renovation / Reconstruction of Dargah Shoaibuddin Shah Bukhari, UC Talti, Taluka Sehwan, District Jamshoro (Revised on 08.11.24).",2,8,Approved,19.04.24,Jun-27,11.714,100.0,,2026-2027,
48,AZUAQ-PP-24-0001,48,Construction of Academy at Dargah Sufi Shah Inayat Shaheed Jhok Sharif District Sujawal,2,8,Approved,24.11.25,Jun-27,24.962,100.0,,2026-2027,
49,AZUAQ-PP-24-0002,49,Construction of Academy at Dargah Bedil Bekus Rohri District Sukkur Construction of Wazookhana and Lavatory,2,8,Approved,24.11.25,Jun-27,24.962,100.0,,2026-2027,
50,AZUAQ-PP-25-0001,50,"Block at Abdalin Ji Kafi, Establishment of Langarkhana, Construction of Rooms for Placing the Shoes Boxes and Facility of Cool Drinking Water for Zaireen and Installation of Fiber Shades at Dargah Hazrat Lal Shahbaz Qalandar, Sehwan Sharif",2,8,Approved,24.11.25,Jun-27,127.768,100.0,,2026-2027,
51,AZUAQ-PP-25-0002,51,"Construction of Boundary Wall of at Miro Khan Graveyard, district Kamber",2,8,Approved,24.11.25,Jun-27,40.028,100.0,,2026-2027,
52,AZUAQ-PP-25-0003,52,"Construction of Musafirkhana, Wazookhana and Lavatory Block at Pir Ali Qatar at Mira Dharo, Taluka and District Ghotki",2,8,Approved,24.11.25,Jun-27,15.877,100.0,,2026-2027,
53,BORBR-PP-07-0001,53,Construction of Office of District Registrar at Karachi and Sub-Registrar Offices (22 Nos) at Head Quarters all Districts in Sindh,3,9,Approved,26.03.08,Jun-28,160.200,68.3,,2026-2027,U/R
54,BORIT-PP-23-0001,54,Computerization & Establishment of Land Administration & Revenue Management Information System-II (LARMIS-II),3,10,Approved,,Jun-28,924.576,17.4,,2026-2027,
55,MADMT-PP-16-0111,55,Consolidation / Rehablitation at Saadh Bello Sukkur (C:1350.594+R:19.334),4,11,Approved,08.02.17,Jun-27,1369.928,9.0,,2026-2027,
56,CTATS-PP-17-0010,56,Provision of Missing Facilities at Kashi Institute Bhitshah and Conservation & Restoration of Dabgeer Mosque at Thatta (Revised Date: 26-06-2023 Capital: 495.33 Revenue: 94.68 Total Cost: 590.00),4,11,Approved,25.04.18,Jun-27,590.000,48.3,,2026-2027,
57,CTATS-PP-17-0011,57,"Construction of Jain Dharam Mandir Village Godi Taluka Nagarparkar, at Tharparkar (Conservation) (Revised Date: 22-05-2023 Capital: 189.35 Revenue: 0.00 Total Cost: 189.35)",4,11,Approved,03.01.18,Jun-27,189.345,71.0,,2026-2027,
58,CTATS-PP-19-0038,58,"Conservation / Restoration / Preservation of Retaining Wall and Dangerous Structures of Pucca Fort, Hyderabad (Revised Date: 02-06- 2023 Capital: 726.66 Revenue: 17.85 Total Cost: 744.50)",4,11,Approved,03.09.18,Jun-27,744.502,100.0,,2026-2027,
59,CTATS-PP-19-0040,59,"Establishment of Digitization & Conservation Laboratory for Providing Physical Treatments, Testing, Cleaning and Protecting of Decaying Artifacts, i.e. Stones, Coins, Manuscripts etc (Revised Date: 30-05-2023 Capital: 172.90 Revenue: 26.10 Total Cost: 199.00)",4,11,Approved,14.11.19,Jun-27,199.000,25.0,,2026-2027,
60,CTATS-PP-20-0015,60,Provision of Additional Allied Facilities & External Development of Sub-office of Antiquities & Archaeological Museum Sukkur. (Revised Date: 22-05-2023 Capital: 180.17 Revenue: 13.83 Total Cost: 194.00),4,11,Approved,24.12.20,Jun-27,194.000,75.1,,2026-2027,
61,CTAAN-PP-21-0063,61,Restoration & Preservation of Shah Jahan Mosque at Thatta (Revised Date: 03-06-2023 Capital: 761.40 Revenue: 8.19 Total Cost: 769.59),4,11,Approved,23.12.21,Jun-27,769.588,45.4,,2026-2027,
62,CTAAN-PP-21-0065,62,Improvement of Interior of Umerkot Fort & Preservation of Rest House District Umerkot (Revised Date: 03-06-2023 Capital: 541.28 Revenue: 0.00 Total Cost: 541.28),4,11,Approved,26.08.21,Jun-27,541.275,100.0,,2026-2027,
63,CTAAN-PP-21-0066,63,"Establishment of Sindh Archaeology & Anthropology Center of Excellence including Residential Facilities at Gharo Campus, Thatta (C:114.510+R:16.824).",4,11,Approved,30.09.22,Jun-27,131.334,100.0,,2026-2027,
64,CTAAN-PP-23-0020,64,"Construction of Curator Quarters at Ranikot Fort, District Jamshoro, Naukot Fort, District Mirpurkhas, Kot Diji Museum, District Khairpur (Revised Date: 03-04-2024 Capital: 142.90 Revenue: 8.10 Total Cost: 151.00) Construction of Watchman Quarter & Site",4,11,Approved,11.07.23,Jun-27,151.000,41.5,,2026-2027,
65,CTAAN-PP-23-0021,65,"Office at Main Yar Muhammad Kalhoro, District Dadu, Mir Shahdad-Ja-Quba, District Sanghar, Mian Noor Muhammad Kalhoro, District Shaheed Benazirabad and Qadir Bux- Ja-Qubba, District Sukkur, Citori Gravyard, District Mirpurkhas (Revised Date: 03-04-2024 Capital: 189.47 Revenue: 10.00 Total Cost:",4,11,Approved,11.07.23,Jun-27,199.467,34.5,,2026-2027,
66,CTAAN-PP-23-0022,66,199.47) Conservation Preservation Restoration and Rehabilitation work of Heritage Building Buddha Asharam at District Shikarpur (Revised Date: 12-02-2025 Capital: 198.76 Revenue: 0.00 Total Cost: 198.76),4,11,Approved,11.07.23,Jun-27,198.755,57.4,,2026-2027,
67,CTAAN-PP-23-0023,67,Conservation Preservation Restoration and Rehabilitation work of Mian Yar Muhammad Kalhoro at District Dadu (Revised Date: 12-02- 2025 Capital: 198.03 Revenue: 0.00 Total Cost: 198.03),4,11,Approved,11.07.23,Jun-27,198.033,58.1,,2026-2027,
68,CTAAN-PP-23-0025,68,"Establishment of Museam & Multimedia Center at Makli, District Thatta (Revised Date: 03-04-2024 Capital: 182.02 Revenue: 13.89 Total Cost: 195.92)",4,11,Approved,03.04.24,Jun-27,195.918,66.4,,2026-2027,
69,CTAAN-PP-25-0001,69,"Prepration of Master Plan and Up-gradation of Museum, Rest House and Beautificaiton of External Development of Mohen-Jo-Daro (World Heritage Site of UNESCO)",4,11,Approved,06.04.26,Jun-28,528.431,0.3,,2026-2027,
70,CTAAC-PP-16-0026,70,Establishment of District Archives at Sukkur (Revised Date: 03-04-2024 Capital: 92.82 Revenue: 91.45 Total Cost: 184.27),4,12,Approved,19.06.16,Jun-27,184.268,46.4,,2026-2027,
71,CTAAC-PP-21-0027,71,Establishment of District Archives at Larkano (Revised Date: 03-04-2024 Capital: 184.87 Revenue: 12.50 Total Cost: 197.37),4,12,Approved,19.06.16,Jun-27,197.373,42.3,,2026-2027,
72,CTACT-PP-16-0006,72,Auditorium Hall Rest House And Main Entrance Gate at Dargah Hazrat Sardar Ahmed Shah Lakyari Taluka Saeedabad District Matiari (Revised Date: 18-01-2022 Capital: 173.99 Revenue: 12.77 Total Cost: 186.76),4,13,Approved,04.01.17,Jun-27,186.761,56.8,,2026-2027,
73,CTACT-PP-19-0026,73,Provision of Missing Allied Facilities in Culture Complex at Nawabshah. (Revised Date: 30-05-2023 Capital: 175.38 Revenue: 17.62 Total Cost: 193.00),4,13,Approved,14.11.19,Jun-27,193.000,6.4,,2026-2027,
74,CTACT-PP-20-0002,74,Missing Allied facilities of Cultural Complex at Sukkur. (Revised Date: 26-06-2023 Capital: 377.50 Revenue: 74.50 Total Cost: 452.00),4,13,Approved,22.08.17,Jun-27,452.000,50.7,,2026-2027,
75,CTACT-PP-21-0056,75,Establishment of Auditorium at Badin. (Revised Date: 23-05-2023 Capital: 160.87 Revenue: 29.13 Total Cost: 190.00),4,13,Approved,26.08.21,Jun-27,190.000,51.3,,2026-2027,
76,CTACT-PP-21-0060,76,Provision of Allied Facilities at Cultural Complex Sanghar. (Revised Date: 16-05-2023 Capital: 178.23 Revenue: 18.05 Total Cost: 196.27),4,13,Approved,26.08.21,Jun-27,196.274,78.1,,2026-2027,
77,CTACT-PP-22-0027,77,Construction of Children Library & Book Shop and Provision Allied Facilities at Dargah Hazrat Allama Mian Ghulam Muhammad Mahesar at Kamal Dero Taluka Gambat District Khairpur (C:32.904+R:7.096),4,13,Approved,23.05.23,Jun-27,40.000,28.8,,2026-2027,
78,CTACT-PP-23-0001,78,"Establishment of Culture Center at Islamkot, District Tharparkar. (Revised Date: 27-03-2024 Capital: 176.94 Revenue: 14.69 Total Cost: 191.63)",4,13,Approved,11.07.23,Jun-27,191.632,50.8,,2026-2027,
79,CTACT-PP-23-0003,79,"Extension & Improvement of Allama I.I Qazi Sindh Government Library, District Dadu (Revised Date: 03-04-2024 Capital: 186.19 Revenue: 13.45 Total Cost: 199.63)",4,13,Approved,11.07.23,Jun-27,199.633,38.8,,2026-2027,
80,CTACT-PP-23-0006,80,"Provision for Additional Allied Facilities of Public Library at Mehar, District Dadu (Revised Date: 03-04-2024 Capital: 176.80 Revenue: 19.22 Total Cost: 196.02)",4,13,Approved,11.07.23,Jun-27,196.020,43.5,,2026-2027,
81,CTACT-PP-23-0008,81,Establishment of Shah Abdul Latif Bhattai Public Library Larkana (Revised Date: 12-02- 2025 Capital: 184.91 Revenue: 13.81 Total Cost: 198.72),4,13,Approved,11.07.23,Jun-27,198.720,33.5,,2026-2027,
82,CTACT-PP-23-0009,82,Establishment of Shaheed Naseem Ahmed Kharal Digital Library Gambat District Khairpur Mirs (Revised Date: 03-04-2024 Capital: 184.26 Revenue: 12.95 Total Cost: 197.22),4,13,Approved,11.07.23,Jun-27,197.215,16.6,,2026-2027,
83,CTACT-PP-23-0010,83,Establishment of Culture Center at Bajara UC Bajara Taluka Sehwan District Jamshoro (Revised Date: 26-03-2024 Capital: 182.85 Revenue: 14.69 Total Cost: 197.54),4,13,Approved,11.07.23,Jun-27,197.541,100.0,,2026-2027,
84,CTACT-PP-23-0011,84,"Establishment of Art Gallary and Art Museum at Liaquat Memorial Library, Karachi (C:159.220+R:40.780)",4,13,Approved,11.07.23,Jun-27,200.000,1.4,,2026-2027,
85,CTACT-PP-23-0012,85,"Establishment of Culture Center at village Qazi Noor Muhammad Leghari, Taluka Tando Marri, District Tando Allahyar (Revised Date: 11-02-2025 Capital: 183.77 Revenue: 14.54 Total Cost: 198.31)",4,13,Approved,11.07.23,Jun-27,198.314,100.0,,2026-2027,
86,CTACT-PP-23-0014,86,"Establishment of Cultural Center at Bhan Saeedabad, District Jamshoro. (Revised Date: 03-04-2024 Capital: 184.13 Revenue: 15.71 Total Cost: 199.84)",4,13,Approved,11.07.23,Jun-27,199.836,47.3,,2026-2027,
87,CTACT-PP-25-0001,87,"Development /Upgradation Liaquat Memorial Library, Karachi [Ref#494]",4,13,Approved,23.10.25,Jun-27,100.000,100.0,,2026-2027,
88,CTACT-PP-25-003,88,Construction of Library & Auditorium Hall at Garhi Khuda Bux Bhutto [Ref#1058],4,13,Approved,04.06.26,Jun-27,1400.000,100.0,,2026-2027,
89,CTATS-PP-17-0008,89,Development of Summer Resorts at Gorakh Hills District Dadu. (Revised Date: 12-01-2018 Capital: 2814.00 Revenue: 232.00 Total Cost: 3046.00),4,14,Approved,11.03.16,Jun-27,3046.000,94.2,,2026-2027,U/R
90,CTATS-PP-17-0009,90,"Establishment of Motels, Improvement / Renovation of existing Motels / Resorts in Sindh at Sehwan, Thatta (Revised Date: 15-02- 2023 Capital: 1334.94 Revenue: 112.38 Total Cost: 1447.31)",4,14,Approved,21.03.18,Jun-27,1447.314,78.2,,2026-2027,
91,CTATS-PP-19-0033,91,Establishment & Improvement of Sambara Inn Larkano (Revised Date: 26-06-2023 Capital: 425.70 Revenue: 26.32 Total Cost: 452.01),4,14,Approved,29.05.20,Jun-27,452.014,52.7,,2026-2027,
92,CTATS-PP-23-0017,92,"Establishment of Tourist Resorts, District Umerkot. (Revised Date: 06-09-2023 Capital: 185.24 Revenue: 13.04 Total Cost: 198.27)",4,14,Approved,07.11.23,Jun-27,198.271,40.6,,2026-2027,
93,CTATS-PP-23-0018,93,"Establishment of Regional Campus of Pakistan Institute of Tourism & Hotel Management at Mithi, District Tharparkar. (Revised Date: 03- 04-2024 Capital: 170.18 Revenue: 12.50 Total Cost: 182.68)",4,14,Approved,07.11.23,Jun-27,182.680,40.1,,2026-2027,
94,CTATS-PP-25-0001,94,Construction New Huts and Provision of Allied Faciltities at Keenjar Lake Resort at Thatta,4,14,Approved,,Jun-28,300.000,1.7,,2026-2027,
95,CEDCO-PP-09-0003,95,"Establishment of Govt. Boys / Girls Degree Colleges at Bin Qasim Town and Landhi Town, Karachi (02 Units) (C:305.086 + R:21.273) (SDG#4)",5,15,Approved,12.03.09,Jan-27,326.368,74.9,,2026-2027,
96,CEDCO-PP-12-0003,96,Establishment of Five (5) IBA Community Colleges (C:498.900 + R:251.944) (SDG#4),5,15,Approved,03.01.13,Jan-27,750.844,77.1,,2026-2027,
97,CEDCA-PP-12-0004,97,"Construction / Improvement of Hostel, Dinning Hall & Other Facilities at Cadet Colleges at Larkano, Sanghar and Petaro (C:882.358 + R:35.425) (Revised on 29.03.2013) (SDG#4)",5,15,Approved,25.09.08,Jan-27,917.783,100.0,,2026-2027,
98,CEDCA-PP-12-0005,98,Establishment of Cadet College Jacobabad (C:3185.235 + R:379.171) (Revised on 30.11.2021) (Re-Revised on 20.01.2025)(SDG#4),5,15,Approved,03.01.13,Jan-27,3564.406,63.6,,2026-2027,
99,CEDCA-PP-15-0008,99,Establishment of Cadet College Khairpur (C:2307.431 + R:446.920) (Revised on 12.02.2016) (Re- Revised on 02.12.24) (SDG#4),5,15,Approved,22.12.11,Jan-27,2754.351,64.3,,2026-2027,
100,CEDCO-PP-16-0019,100,Establishment of Community College at Sehwan District Jamshoro (C:149.262 + R:43.365 ) (SDG#4),5,15,Approved,18.08.16,Jan-27,192.627,75.8,,2026-2027,
101,CEDCA-PP-16-0021,101,"Establishment of Cadet College at Mithi, District Tharparkar (C:884.068 +R:108.818) (Revised on 05.01.2017) (SDG#4)",5,15,Approved,21.04.11,Jan-27,992.886,35.8,,2026-2027,U/R
102,CEDCA-PP-16-0022,102,"Establishment of Cadet College Kakkar, Dadu (C:708.214 + R:105.052) (Revised on 19.12.2016) (SDG#4)",5,15,Approved,04.01.11,Jan-26,813.266,100.0,,2026-2027,U/R
103,CEDCA-PP-16-0023,103,"Establishment of Cadet College, Badin (C:701.840 + R:127.194) (SDG#4)",5,15,Approved,02.02.17,Jan-27,829.034,55.4,,2026-2027,
104,CEDCO-PP-17-0045,104,Establishment of Boys / Girls Degree Colleges in Sindh (23 Units) (C:2093.709 + R: 200.100) (Revised on 08.12.2017) (SDG#4),5,15,Approved,29.09.07,Jan-26,2293.809,91.8,,2026-2027,
105,CEDCO-PP-17-0046,105,Establishment of Boys / Girls Degree Colleges in Sindh (2010-11 Programme) (23 Units) (C:2464.485 + R:400.100) (Revised on 08.12.2017) (SDG#4),5,15,Approved,31.05.11,Jan-27,2864.585,81.8,,2026-2027,
106,CEDCA-PP-17-0047,106,Establishment of Cadet College at Karampur (C:1736.341 +R: 61.257) (Revised) (SDG#4),5,15,Approved,27.10.17,Jan-26,1797.598,100.0,,2026-2027,
107,CEDCA-PP-17-0048,107,Infrastructure Development & Construction of Hockey Stadium with Astroturf at Cadet College Petaro (C:287.553 + R:29.155) (SDG#4),5,15,Approved,04.06.18,Jan-27,316.708,49.3,,2026-2027,
108,CEDCO-PP-19-0098,108,Establishment of Degree College Mirpur Bathoro District Sujawal (C:193.615 + R:6.210) (SDG#4) ( Revised on 01.03.2023 ),5,15,Approved,26.09.19,Jan-26,199.825,100.0,,2026-2027,
109,CEDCO-PP-19-0105,109,"Establishment Of Govt Boys Degree College Thano Bola Khan District Jamshoro (Modified on 03.01.2023) (SDG#4) (C: 154.197, R:13.630)",5,15,Approved,26.09.19,Jan-27,167.827,83.8,,2026-2027,U/R
110,CEDCO-PP-19-0113,110,"Construction / Reconstruction of Boys Degree College Sukkur(C:165.687, R:15.000) (Revised on 03.01.2023) (SDG#4)",5,15,Approved,26.09.19,Jan-27,180.687,58.4,,2026-2027,
111,CEDCO-PP-19-0116,111,Reconstruction of Building in existing Boys Degree College Badin (SDG#4) (Revised on 03.01.2023),5,15,Approved,26.09.19,Jan-26,159.752,100.0,,2026-2027,
112,CEDCO-PP-21-0260,112,Rehabilitation & Provision of Missing Facilities in Existing Colleges in District Matiari (SDG#4) (Revised on 08.03.2023),5,15,Approved,09.09.21,Jan-26,167.362,100.0,,2026-2027,
113,CEDCO-PP-21-0281,113,Rehabilitation & Provision of Missing Facilities in Existing Colleges in District Karachi South (SDG#4) (Revised on 19.03.25),5,15,Approved,09.09.21,Jan-27,140.952,100.0,,2026-2027,
114,CEDCO-PP-21-0288,114,Establishment of Girls Degree College Kandh Kot District Kashmore (SDG#4)(C:95.858 + R: 4.125,5,15,Approved,03.08.23,Jan-27,99.983,47.5,,2026-2027,
115,CEDCO-PP-21-0289,115,Establishment of Degree College Jholay Lal Odero Lal Station District Matiari (SDG#4) (C: 189.706 + R: 8.909) Revised on 08.03.2023,5,15,Approved,09.09.21,Jan-26,198.615,100.0,,2026-2027,U/R
116,CEDCO-PP-21-0290,116,Establishment of Girls Degree College Wagan District Kamber (SDG#4) (Revised on 04.01.24) (C: 181.427 + R: 8.620),5,15,Approved,21.04.22,Jan-26,190.047,100.0,,2026-2027,U/R
117,CEDCO-PP-21-0291,117,Establishment of Shaheed Naseem Ahmed Kharal Government Degree College Ripri Taluka Gambat District Khairpur (SDG#4) (C: 119.505 + R: 8.620) (Revised on 19.03.2025),5,15,Approved,09.09.21,Jan-26,186.438,100.0,,2026-2027,
118,CEDCO-PP-21-0293,118,Establishment of Boys Degree College Kunri District Umerkot (SDG#4) (C: 92.201 + R: 7.799),5,15,Approved,09.09.21,Jan-27,189.529,63.5,,2026-2027,
119,CEDCO-PP-21-0294,119,Establishment of College @ Usman Shah Je Huri Taluka Jhando Mari District Tando Allah Yar (SDG#4) (C:94.520 + R: 5.475),5,15,Approved,19.05.23,Jan-26,99.995,94.5,,2026-2027,U/R
120,CEDCO-PP-21-0295,120,Establishment of Girls Degree College PS-91 District Malir Karachi (SDG#4)(C:87.174 + R: 8.463),5,15,Approved,27.05.22,Jan-26,140.760,100.0,,2026-2027,
121,CEDCO-PP-21-0296,121,Establishment of Boys Degree College JunejoTown East Karachi (SDG#4) (C: 91.454 + 8.463),5,15,Approved,09.09.21,Jan-27,99.917,31.3,,2026-2027,
122,CEDCO-PP-21-0297,122,Establishment of Degree College Kemari District Karachi Keamari (SDG#4)(C: 173.413+ R: 8.463) (Revised on 19.03.25),5,15,Approved,27.05.22,Jan-27,182.413,66.5,,2026-2027,
123,CEDCO-PP-21-0299,123,Establishment of Degree College at Shadani Hyat Pitafi Taluka Mirpur Mathelo District Ghotki (SDG#4) (C: 90.946 + R: 8.690),5,15,Approved,09.09.21,Jan-26,99.636,100.0,,2026-2027,U/R
124,CEDCO-PP-21-0300,124,Construction of Building in Existing Degree College Dharki District Ghotki (SDG#4) (C: 150.8 + 12.564) (Revised on 19.03.2025),5,15,Approved,09.09.21,Jan-26,163.364,100.0,,2026-2027,U/R
125,CEDCO-PP-21-0306,125,Establishment of Boys / Girls Degree College Jam Madad Ali Taluka Jam Nawaz District Sanghar (SDG#4) (C: 193.594 + R: 17.136),5,15,Approved,30.11.21,Jan-27,210.730,100.0,,2026-2027,U/R
126,CEDCO-PP-21-0307,126,Reconstruction of Building in Existing Girls Degree College Kamber District Kamber- Shahdadkot (SDG#4) (Revised on 19.05.2023),5,15,Approved,09.09.21,Jan-26,94.500,100.0,,2026-2027,
127,CEDCO-PP-21-0311,127,Conversion of Higher Secondary School to Degree College at Khanpur Maher Taluka Khangarh District Ghotki (SDG#4)(C: 134.173 + R: 10.827),5,15,Approved,21.04.22,Jan-26,145.000,100.0,,2026-2027,U/R
128,CEDCO-PP-21-0313,128,Rehabilitation / Renovation & Provision of Missing Facilities in Existing Colleges of UC-1 to 19 District Karachi South (SDG#4) (Revised on 19.03.25),5,15,Approved,09.09.21,Jan-27,154.086,100.0,,2026-2027,
129,CEDCO-PP-21-0314,129,Eastablishment of Girls Degree College Ubauro District Ghotki (SDG#4) (C: 154.126 + R: 10.826),5,15,Approved,12.09.21,Jan-26,164.952,100.0,,2026-2027,U/R
130,CEDCO-PP-21-0315,130,Establishment of Girls Degree College at New Saeedabad Taluka New Saeedabad District Matiari (SDG#4) (C: 89.879 + R: 8.909),5,15,Approved,09.09.21,Jan-26,98.788,91.0,,2026-2027,U/R
131,CEDCA-PP-21-0317,131,Provision of Additional / Missing Facilities of Girls Cadet College Shaheed Benazirabad (SDG#4) (C: 187.823 + R: 16.462),5,15,Approved,30.11.21,Jan-26,204.285,100.0,,2026-2027,U/R
132,CEDCA-PP-21-0319,132,Provision of Additional / Missing Facilities of Cadet College Pano Akil District Sukkur (SDG#4),5,15,Approved,09.09.21,Jan-27,98.784,100.0,,2026-2027,
133,CEDCO-PP-22-0265,133,Establishment of Degree College at Bakrani District Larkana (SDG#4) (C: 88.416 + R: 11.578),5,15,Approved,03.08.23,Jan-26,180.140,100.0,,2026-2027,
134,CEDCO-PP-22-0266,134,Establishment of Degree College at Khanpur District Shikarpur (SDG#4) (Modified on 19.03.2025),5,15,Approved,19.03.25,Jan-27,183.131,14.6,,2026-2027,
135,CEDCO-PP-22-0268,135,Rehabilitation of Existing Govt.Girls Degree College Korangi 2 1/2 and Govt.Girls Degree College Korangi No.4 Govt. College for Women Korangi No.6 District Korangi. (SDG#4),5,15,Approved,01.03.23,Jan-27,148.221,77.0,,2026-2027,
136,CEDCO-PP-22-0269,136,Rehabilitation of / Reconstruction in Existing GBDC Sector 5L New Karachi & APWAGDC for Women Karimabad District Central (SDG#4) (Revised on 19.03.25),5,15,Approved,01.03.23,Jan-27,177.355,51.0,,2026-2027,
137,CEDCO-PP-22-0270,137,Rehabilitation & Providing Missing Facilities at Sindhi Adabi Board Jamshoro(SDG#4) (C: 60.650 + R: 19.350),5,15,Approved,01.03.23,Jan-27,80.000,100.0,,2026-2027,
138,CEDCO-PP-22-0271,138,Rehabilitation of Govt. College of Education Block 15 F.B Area District Central Karachi. (SDG#4) (Revised on 19.03.25),5,15,Approved,01.03.23,Jan-27,102.740,48.0,,2026-2027,
139,CEDCO-PP-22-0272,139,Rehabilitation & Provide Missing Facilities in Existing Govt. Girls Degree College ST 8 Sector 11 Orangi Town West Karachi (SDG#4) (Revised on 19.03.25),5,15,Approved,01.03.23,Jan-26,60.407,100.0,,2026-2027,
140,CEDCO-PP-22-0273,140,Construction of Multipurpose Hall near D.J Ground for College Education Department District South Karachi (SDG#4) (Revised on 19.03.2025) (C: 106.634 + R: 10.000),5,15,Approved,01.03.23,Jan-27,116.634,100.0,,2026-2027,
141,CEDCO-PP-22-0275,141,"Construction of Shaheed Ghulam Murtza Balouch Library & Auditorium Hall of Govt. Degree college Murad Memon Goth PS-88 District Malir Karachi ( C: 101.166, R: 10.00(SDG#4) (Revised on 19.03.25)",5,15,Approved,01.03.23,Jan-26,111.166,100.0,,2026-2027,U/R
142,CEDCO-PP-23-0238,142,"Provision of Equipment / Machinery for Science / Compouter Labs in Govt. Colleges of Sindh. (C:0, R:995.106 )",5,15,Approved,14.05.24,Jan-27,995.106,26.6,,2026-2027,
143,CEDCO-PP-23-0239,143,Establishment of Govt Degree College Bandhi @ Taluka Daur (SDG#4)C:102.683R:12.43),5,15,Approved,25.04.24,Jan-27,115.113,36.5,,2026-2027,
144,CEDCO-PP-23-0240,144,Construction of building for Govt. Boys College at Chorr Old Taluka Umerkot (SDG#4) C:106.519R:8.79),5,15,Approved,22.02.24,Jan-27,156.250,100.0,,2026-2027,
145,CEDCO-PP-23-0241,145,Establishment Govt. Girls College Dhoro Naro Taluka Umerkot (SDG#4) C:107.705R:8.79),5,15,Approved,02.01.24,Jan-27,116.495,100.0,,2026-2027,
146,CEDCO-PP-23-0242,146,"Establishment of Govt. College, Shah Murad Shah Chowk Umerkot City (SDG#4) C:106.519R:8.79)",5,15,Approved,22.02.24,Jan-26,157.180,100.0,,2026-2027,
147,CEDCO-PP-23-0243,147,Establishment of Govt. Girls College Islamkot. (SDG#4)C:106.519R:8.79),5,15,Approved,22.02.24,Jan-26,115.309,100.0,,2026-2027,U/R
148,CEDCO-PP-23-0244,148,Establishment of Govt. College Tangwani District Kashmore (SDG#4) C:102.683R:12.43),5,15,Approved,02.01.24,Jan-27,115.113,33.7,,2026-2027,
149,CEDCO-PP-23-0246,149,Establishment of Govt. Girls College Mehar District Dadu (SDG#4)C:106.567R:12.43),5,15,Approved,03.11.24,Jan-27,185.230,78.3,,2026-2027,
150,CEDCO-PP-23-0247,150,Establishment of Govt. Girls College Kashmore. (SDG#4)C:102.683R:12.43),5,15,Approved,02.01.24,Jan-27,115.113,27.7,,2026-2027,
151,CEDCO-PP-23-0248,151,Establishment of Govt. Girls College Mirpur Mathelo. (SDG#4)C:102.182R:11.578),5,15,Approved,02.01.24,Jan-27,182.948,100.0,,2026-2027,
152,CEDCO-PP-23-0249,152,Establishment of Govt. College and Addition of Girls' Block at Jamshoro City (SDG#4) C:155.667R:4.899),5,15,Approved,02.01.24,Jan-27,160.566,79.4,,2026-2027,
153,CEDCO-PP-23-0250,153,Establishment of Govt. College Husri Hyderabad (SDG#4) C:114.525R:5.475),5,15,Approved,02.01.24,Jan-26,180.760,72.2,,2026-2027,
154,CEDCO-PP-23-0252,154,Construction of Girls Section / Block in Existing Govt Boys College Dokri (SDG#4)C:106.567R:12.43),5,15,Approved,03.11.24,Jan-26,118.997,62.9,,2026-2027,
155,CEDCO-PP-23-0253,155,Establishment of Govt. College Qubo Saeed khan. (SDG#4)C:102.683R:12.43),5,15,Approved,02.01.24,Jan-27,115.113,41.5,,2026-2027,
156,CEDCO-PP-23-0254,156,Establishment of Govt. Girls College Bakrani District Larkano. (SDG#4)C:102.683R:12.43),5,15,Approved,02.01.24,Jan-27,115.113,33.3,,2026-2027,
157,CEDCO-PP-23-0255,157,Establishment of Govt. Girls College Sinjhoro District Sanghar. (SDG#4)C:102.683R:12.43),5,15,Approved,01.04.24,Jan-26,115.113,82.0,,2026-2027,U/R
158,CEDCO-PP-23-0256,158,Establishment of Shahnawaz Bhutto Govt. College Larkano City. (SDG#4)C:106.567R:12.43),5,15,Approved,25.04.24,Jan-27,118.997,41.5,,2026-2027,
159,CEDCO-PP-23-0257,159,Establishment of Govt. Degree College Chondiko Taluka Nara District Khairpur (SDG#4)C:106.567R:12.43),5,15,Approved,03.11.24,Jan-27,118.997,42.0,,2026-2027,
160,CEDCO-PP-23-0258,160,Establishment of Girls Degree College New Sukkur. (SDG#4)C:102.182R:11.578),5,15,Approved,02.01.24,Jan-27,113.760,63.3,,2026-2027,
161,CEDCO-PP-23-0259,161,Establishment of Boys Degree College Korangi No. 01. SDG#4)C:111.235R:8.463),5,15,Approved,22.02.24,Jan-26,147.352,56.2,,2026-2027,
162,CEDCO-PP-23-0260,162,Addition of Girls Section / Block in Existing Govt. College Kandiaro District N.Feroze. (SDG#4)C:69.941R:10.05),5,15,Approved,02.01.24,Jan-26,79.991,87.4,,2026-2027,U/R
163,CEDCO-PP-23-0261,163,Addition of Girls Section / Block in Existing Govt. College Tando Bago District Badin (SDG#4)C:114.525R:5.475),5,15,Approved,02.01.24,Jan-26,120.000,95.4,,2026-2027,U/R
164,CEDCO-PP-23-0262,164,Construction of Building in Existing GBDC Pithoro District Umerkot (SDG#4)C:89.102R:7.733),5,15,Approved,02.01.24,Jan-26,153.450,100.0,,2026-2027,
165,CEDCO-PP-23-0263,165,Construction of additional Class Rooms & Labs in Girls College Umerkot.(SDG#4)C:89.126R:7.023),5,15,Approved,02.01.24,Jan-26,96.149,100.0,,2026-2027,U/R
166,CEDCO-PP-23-0264,166,Construction of Building of Girls College Daharki District Ghotki (SDG#4)C:96.763R:0),5,15,Approved,02.01.24,Jan-27,96.763,87.2,,2026-2027,
167,CEDCO-PP-23-0265,167,Construction of Student Hostel Block for Boys & Girls in Govt. Degree College Nagar Parkar. (SDG#4)C:68.962R:7.458),5,15,Approved,02.01.24,Jan-26,76.420,100.0,,2026-2027,U/R
168,CEDCO-PP-23-0266,168,"Reconstruction of building of Jamia Millia Govt. Degree College Malir & Construction of Labs and Five Class Rooms in Govt. Girls Degree College Sector-44, Landhi Town (SDG#4)C:149.985R:0)",5,15,Approved,22.02.24,Jan-27,149.985,53.2,,2026-2027,
169,CEDCO-PP-23-0267,169,"Rehabilitation of missing / allied facilities in existing (i) Govt. Premier Girls College North Nazimabad, (ii) Govt. Degree Science & Commerce College for Women Block-16 F.B area & (iii) Govt. Saint Lawrence college (iv) GG college Chand bibi SDG#4)C:186.051.988R:0) (revised on 19.03.2025)",5,15,Approved,22.02.24,Jan-27,186.051,35.7,,2026-2027,
170,CEDCO-PP-23-0268,170,Reconstruction of Building of Govt. Boys Degree Science & Commerce College (Banaras Chowk) Orangi Town & Reconstruction of Building of Govt. Girls Degree College F-11 New Karachi. (SDG#4) C:99.098R:0),5,15,Approved,22.02.24,Jan-27,188.137,44.9,,2026-2027,
171,CEDCO-PP-23-0269,171,Addition of Girls Section / Block in existing Govt. Boys College Johi District Dadu (SDG#4)C:106.567R:12.43),5,15,Approved,03.11.24,Jan-27,185.430,78.2,,2026-2027,
172,CEDCO-PP-23-0270,172,Rehabilitation / Reconstruction and provision of allied facilities at Govt. SSSS Boys Degree College Sanghar & GBDC Khipro District Sanghar (SDG#4)C:79.853R:0),5,15,Approved,03.11.24,Jan-26,79.853,100.0,,2026-2027,U/R
173,CEDCO-PP-23-0272,173,"Provision of Missing, Allied Facilities and uplifting of Existing Govt. Colleges of Karachi Region (SDG#4)C:199.009R:0)",5,15,Approved,25.04.24,Jan-27,199.009,76.5,,2026-2027,
174,CEDCO-PP-23-0273,174,Rehabilitation / Reconstruction and Provision of Missing / Allied Facilitiesin Existing Govt. Colleges of District Dadu (SDG#4) C:199.732R:0),5,15,Approved,03.11.24,Jan-27,199.732,100.0,,2026-2027,
175,CEDCO-PP-23-0274,175,Rehabilitation / Reconstruction and provision of missing / allied facilities in existing Govt. Boys Degree College Gambat and Govt. Girls Degree College Gambat (SDG#4)C:185.696R:14),5,15,Approved,03.11.24,Jan-27,199.696,100.0,,2026-2027,U/R
176,CEDCO-PP-23-0276,176,Rehabilitation / Reconstruction and provision of missing / allied facilities in existing Govt Colleges of Sukkur Region (SDG#4)C:198.758R:0),5,15,Approved,03.11.24,Jan-27,198.758,42.8,,2026-2027,
177,CEDCO-PP-23-0277,177,Rehabilitation of missing allied facilities of existing Govt colleges of Mirpurkhas Region (SDG#4)C:57.825R:56.5),5,15,Approved,22.02.24,Jan-27,114.325,53.2,,2026-2027,
178,CEDCO-PP-23-0278,178,Restoration of Rain Damages in Existing Degree Colleges of District SBA (SDG#4)C:191.674R:0),5,15,Approved,25.04.24,Jan-27,191.674,32.6,,2026-2027,
179,CEDCO-PP-23-0279,179,Restoration of Rain Damages in Existing Degree Colleges of District Larkano (SDG#4)C:299.964R:0),5,15,Approved,28.03.24,Jan-27,299.964,28.0,,2026-2027,
180,CEDCA-PP-23-0283,180,Renovation of Hostels / Allied Facilities / Solar System of Cadet College Steel Mill Karachi (SDG#4)(C:64.026R:15.649),5,15,Approved,24.05.24,Jan-27,79.675,100.0,,2026-2027,
181,CEDCA-PP-23-0286,181,"Restoration of rain/ flood damages and Construction of female staff Hostel, Male Staff Hostel and Horse Riding club at Bakhtawar Girls Cadet College Shaheed Benazirabad (SDG#4)C:225.947R:13.798)",5,15,Approved,03.01.24,Jan-27,239.745,50.1,,2026-2027,
182,CEDCA-PP-23-0287,182,Provision of missing facilities (Lal Shahbaz Qalandar Boys Hostel & Lower staff Family quarter) in Cadet College Sanghar (SDG#4)C:172.5R:12.5),5,15,Approved,24.05.24,Jan-27,333.189,15.4,,2026-2027,
183,CEDCA-PP-25-0001,183,Establishment of Govt. Girls College at Lyari District South Karachi (SDG#4) (C:145.620+R:4.000),5,15,Approved,29.04.26,Jun-28,149.620,13.4,,2026-2027,
184,CEDCA-PP-25-0003,184,Establishment of Govt. Girls College Diplo District Tharparkar (SDG#4) (C:141.210+R:8.79),5,15,Approved,29.10.25,Jun-28,150.000,25.8,,2026-2027,
185,CEDCA-PP-25-0004,185,Establishment of Govt Boys College Belharo Taluka Gambat District Khairpur (SDG#4) (C:145.938+R:4.000),5,15,Approved,29.06.25,Jun-28,149.938,25.8,,2026-2027,
186,CEDCA-PP-25-0005,186,Establishment of Govt. College at Taluka Chamber District Tando Allah yar (SDG#4) (C:148.070+R:1.825),5,15,Approved,29.04.26,Jan-27,149.894,10.7,,2026-2027,
187,CEDCA-PP-25-0006,187,Establishment of Govt. College at District Keamari Karachi (SDG#4) (C:145.939+R:4.000),5,15,Approved,29.04.26,Jun-28,149.939,10.7,,2026-2027,
188,CEDCA-PP-25-0007,188,Establishment of Govt. College Sann District Jamshoro (SDG#4) (C:148.180+R:1.825),5,15,Approved,29.10.25,Jun-28,150.000,23.2,,2026-2027,
189,CEDCA-PP-25-0008,189,Establishment of Govt. Government College Masu Bhurgari District Hyderabad (SDG#4) (C:148.180+R:1.825),5,15,Approved,29.10.25,Jun-28,150.000,23.2,,2026-2027,
190,CEDCA-PP-25-0009,190,Construction of Additional Block and Rehabilitation of existing Govt Girls College Qasimabad Hyderabad (SDG#4) (C:117.322+R:1.825) Addition and Rehabilitation /Missing Facilities,5,15,Approved,29.10.25,Jun-28,119.947,36.7,,2026-2027,
191,CEDCA-PP-25-0010,191,of existing Colleges of Hyderabad Region(SDG#4) (C:228.455+R:11.428) 1. Govt. College Paretabad2. Govt. Zubeda College3. Govt. Nazerat Girls Degree College4. Govt. Boys College Qasimabad5. Govt. Degree College & P.G Center Latifabad No.116. Govt. Ghazali College Latifabad No.117. Govt. Pakistan College Saeedpur Talhar8. Govt Boys College K.N Shah District Dadu,5,15,Approved,26.01.26,Jun-28,239.883,12.5,,2026-2027,
192,CEDCA-PP-25-0011,192,Addition and Rehabilitation /Missing Facilities of existing Colleges of Mirpurkhas and Shaheed Benazirabad Region (SDG#4) (C:157.620+R:5.724) 1.Govt. Girls College Mirwah Gorchani 2. Govt. Model College Mirpurkhas3. Govt Girls Degree College Moro4. Govt Girls Degree College Sanghar5. Govt Sachal Sarmast College Nawabshah,5,15,Approved,29.10.25,Jun-28,163.340,28.6,,2026-2027,
193,CEDCA-PP-25-0012,193,Addition and Rehabilitation /Missing Facilities of existing Colleges of Karachi Region (SDG#4) 1. Siraj ud Daula Govt College Liaquatabad 2. Govt. Nabi Bagh College Sadar 3. Khursheed Govt. Girls College Shah Faisal Colony 4. Govt. Girls Science Arts & Commerce College 15-C Orangi Town 5. Bibi Asifa Govt. College for women Muzaffarabad Karachi,5,15,Approved,29.10.26,Jun-28,149.435,32.6,,2026-2027,
194,CEDCA-PP-25-0013,194,Addition and Rehabilitation /Missing Facilities of existing Colleges of Karachi Region (SDG#4) 1. Adamjee Govt. Science College 2. Govt. Girls College PIB Colony 3. HRH Aga Khan Govt. Girls College PIB 4. Govt. National College Karachi 5. Dukhtar-e- Mushhriq Govt Degree Girls College,5,15,Approved,29.10.25,Jun-28,146.292,33.3,,2026-2027,
195,CEDCA-PP-25-0014,195,Addition and Rehabilitation /Missing Facilities of existing Colleges of Larkana Region (SDG#4) 1.Govt Boys College Nasirabad 2.Govt Girls Degree College Shikarpur 3.Govt Boys College Jacobabad 4.Govt Degree College Ratodero,5,15,Approved,29.10.25,Jun-28,119.954,37.5,,2026-2027,
196,CEDCA-PP-25-0015,196,Addition and Rehabilitation /Missing Facilities of existing Colleges of Sukkur Region (SDG#4) 1. Govt. Girls Degree College Sukkur 2. Govt College of Education Sukkur 3. Govt College of Phy. Education Sukkur 4. Govt Boys Degree College Pir Jo Goth 5. Govt Girls Degree College Ranipur 6. Govt Boys Degree College Ghotki,5,15,Approved,29.10.25,Jun-28,179.492,29.2,,2026-2027,
197,CEDCA-PP-25-0016,197,Strenghtening and Digitalization of College Education Department (SDG#4),5,15,Approved,01.10.25,Jan-27,119.137,100.0,,2026-2027,
198,CEDCA-PP-25-0017,198,Construction / uplifting of Auditorium Halls and other Facilities in Colleges of District Larkana (SDG#4) (C:263.730+R:30.000),5,15,Approved,01.01.26,Jun-28,293.730,13.6,,2026-2027,
199,EEDPD-PP-14-0005,199,"Strengthening / Up-gradation of Existing Rehabilitation Centers for Physically Handicapped Persons & Rehabilitation Centers for Multiple Handicapped Children Throughout Sindh (Modified) (RCPH 05 - Karachi, Hyderabad, Mirpurkhas, Khairpur, Sukkur) and RCMHC 12 [(Karachi West, Central, South, Malir), Thatta, Badin, Dadu, SBA, Sanghar, Shikarpur, Larkano & Jacobabad]",5,16,Approved,15.09.14,Jan-27,199.910,70.1,,2026-2027,
200,EEDPD-PP-20-0023,200,(C:130.994+R:68.916) (SDG#4) Establishment of Special Education & Rehabilitation Complex at Tando M. Khan (SDG#4) (Cap: 541.449 + Rev: 129.619). Revised on 03.03.2025. (Revised Date: 03-03- 2025 Capital: 541.45 Revenue: 129.62 Total Cost: 671.07),5,16,Approved,05.01.21,Jan-27,671.068,76.7,,2026-2027,
201,EEDPD-PP-21-0320,201,Sindh Disabilities Database Management Project,5,16,Approved,06.08.21,Jan-26,45.000,11.0,,2026-2027,
202,EEDPD-PP-21-0322,202,"Establishment of special Education & Rehabilitation Centre at Khuda-ki-Basti-3, Karachi (C: 185.992+R: 12.50) (SDG#4) Revised on 14.05.2025 (Revised Date: 14-05- 2025 Capital: 185.99 Revenue: 12.50 Total Cost: 198.49)",5,16,Approved,01.10.23,Jan-27,198.492,100.0,,2026-2027,
203,EEDPD-PP-21-0325,203,Establishment of Autism Rehabilitation & Training Centre at Hyderabad (C: 76.072+R: 13.44) (SDG#4),5,16,Approved,01.10.23,Jan-27,89.512,100.0,,2026-2027,
204,EEDPD-PP-21-0326,204,Establishment of Autism Rehabilitation & Training Centre at Shaheed Benazirabad (C: 146.627+ R:10.024) (SDG#4) (Revised on 29.04.24),5,16,Approved,21.10.21,Jan-26,191.686,100.0,,2026-2027,
205,EEDPD-PP-21-0327,205,Establishment of Autism Rehabilitation & Training Centre at Matiari (C: 75.811+R: 13.44) (SDG#4),5,16,Approved,01.10.23,Jan-27,89.251,100.0,,2026-2027,
206,EEDPD-PP-21-0328,206,Construction of Building of Govt. Special Education & Rehabilitation Complex at Dadu (C: 215.589+R: 30.424) (SDG#4),5,16,Approved,04.05.22,Jan-27,542.546,55.0,,2026-2027,
207,EEDPD-PP-22-0276,207,Construction / Reconstruction & Rehabilitation of Govt. Special Education Centre and Rehablitation Centre Badin. (C: 186.601+R: 9.340)(SDG#4) Revised on 14.05.2025 (Revised Date: 14-05-2025 Capital: 186.60 Revenue: 9.34 Total Cost: 195.94),5,16,Approved,01.10.23,Jan-27,195.941,61.8,,2026-2027,
208,EEDPD-PP-22-0277,208,Construction / Reconstruction & Rehabilitation of Govt. Special Education & Rehabilitation Centre Shahdadpur. (C:143.628+R:7.163) (SDG#4) Revised on 14.05.2025 (Revised Date: 14-05-2025 Capital: 143.63 Revenue: 7.16 Total Cost: 150.79),5,16,Approved,01.10.23,Jan-27,150.791,100.0,,2026-2027,
209,EEDPD-PP-22-0280,209,Construction / Reconstruction & Rehabilitation of Rehabilitation Centre for Physical Handicapped Children Sukkur. (C: 73.432+R: 11.50) (SDG#4),5,16,Approved,01.10.23,Jan-26,84.931,100.0,,2026-2027,
210,EEDPD-PP-22-0281,210,Construction / Reconstruction & Rehabilitation of Govt. Special Education & Rehabilitation Centre Jacobabad. (C:181.418+R: 16.672) (SDG#4) Revised on 14.05.2025 (Revised Date: 14-05-2025 Capital: 181.42 Revenue: 16.67 Total Cost: 198.09),5,16,Approved,01.10.23,Jan-27,198.090,100.0,,2026-2027,
211,EEDPD-PP-22-0282,211,Construction / Reconstruction & Rehabilitation of Govt. Special Education & Rehabilitation Centre Shahdadkot. (C: 182.738+R: 15.565) (SDG#4) Revised on 14.05.2025 (Revised Date: 14-05-2025 Capital: 182.74 Revenue: 15.57 Total Cost: 198.30),5,16,Approved,01.10.23,Jan-27,198.303,100.0,,2026-2027,
212,EEDPD-PP-22-0283,212,Construction / Reconstruction of Govt. Special Education & Rehabilitation Centre Khairpur Nathan Shah.(SDG#4) (C:69.608 +R: 4.670),5,16,Approved,01.10.23,Jan-27,121.928,47.0,,2026-2027,
213,EEDPD-PP-22-0284,213,Construction / Reconstruction & Rehabilitation of Govt. Special Education & Rehabilitation Centre Korangi Karachi. (C:104.253+R: 9.340) (SDG#4) Revised on 14.05.2025,5,16,Approved,01.10.23,Jan-26,113.593,100.0,,2026-2027,
214,EEDPD-PP-22-0285,214,"Construction of Govt. Special Education & Rehabilitation Centre for H.I.C, Digri.(SDG#4)( C:71.994, R:3.00)",5,16,Approved,01.10.23,Jan-27,127.414,100.0,,2026-2027,
215,EEDPD-PP-22-0286,215,Construction of Govt. Special Education & Rehabilitation Centre Umerkot. (C: 72.473+R: 12.5) (SDG#4),5,16,Approved,01.11.23,Jan-27,138.392,100.0,,2026-2027,
216,EEDPD-PP-22-0287,216,Construction of Govt. Special Education & Rehabilitation Centre Daur. (C: 75.400+R: 9.600) (SDG#4),5,16,Approved,01.11.23,Jan-26,111.353,100.0,,2026-2027,
217,EEDPD-PP-22-0288,217,Construction of Govt. Special Education & Rehabilitation Centre Moro. (C:60.832+R: 13.44) (SDG#4),5,16,Approved,01.11.23,Jan-26,90.023,100.0,,2026-2027,
218,EEDPD-PP-22-0289,218,Construction of Govt. Special Education & Rehabilitation Complex Kandhkot.(SDG#4) (C: 237.5 +R: 12.5),5,16,Approved,19.04.23,Jan-27,288.804,68.9,,2026-2027,
219,EEDPD-PP-22-0290,219,Construction of Govt. Special Education & Rehabilitation Complex Shikarpur. (C: 214.353+R: 27.340) (SDG#4),5,16,Approved,01.11.23,Jan-27,454.885,58.3,,2026-2027,
220,EEDPD-PP-22-0291,220,Construction of Govt. Special Education & Rehabilitation Centre Ratodero. (C:70.824+R:13.440) (SDG#4),5,16,Approved,01.11.23,Jan-26,171.277,100.0,,2026-2027,
221,EEDPD-PP-22-0292,221,"Construction of Autism Centre at District Malir, East and West Karachi. (SDG#4) (C:396.554, R: 67.205)",5,16,Approved,19.04.23,Jan-27,463.759,62.5,,2026-2027,
222,EEDPD-PP-22-0293,222,Construction of Govt. Special Education & Rehabilitation Centre Mehar. (C:60.832 +R: 13.440) (SDG#4),5,16,Approved,01.11.23,Jan-27,114.988,100.0,,2026-2027,
223,EEDPD-PP-22-0294,223,Construction of Govt. Special Education & Rehabilitation Centre Thatta. (C: 60.832+R: 13.440) (SDG#4),5,16,Approved,01.11.23,Jan-26,110.173,100.0,,2026-2027,
224,EEDPD-PP-22-0295,224,"Construction / Rehabilitation of Govt. Special Education & Rehabilitation Centre, Mithi. (C:154.120+R:10.242) (SDG#4) Revised on 14.05.2025 (Revised Date: 14-05-2025 Capital: 154.12 Revenue: 10.24 Total Cost: 164.36)",5,16,Approved,01.11.23,Jan-27,164.362,100.0,,2026-2027,
225,EEDPD-PP-22-0302,225,Construction of Autism Centre at Mirpurkhas. (SDG#4) (C:86.488+R:13.44),5,16,Approved,18.04.23,Jan-27,134.264,100.0,,2026-2027,
226,EEDPD-PP-22-0303,226,Strengthening & Revamping of all Centers and Offices under DEPD. (C:0.00 + R:189.734) Revised on 07.11.2024,5,16,Approved,18.04.23,Jan-27,189.734,32.1,,2026-2027,
227,EEDPD-PP-22-0304,227,"Construction of DEPD Physical Medicine Rehabilitation Autism Centre & Allied Facilities at Hyderabad, S.B.A, Sukkur & Larkano, Sindh. (C: 2059.749 + R: 1539.990)",5,16,Approved,19.04.23,Jun-29,5684.620,38.4,,2026-2027,
228,EEDPD-PP-23-0288,228,"Construction of Govt. Special Education & Rehabilitation Centre at Bin Qasim Town, Karachi. (C: 87.114 + R: 12.5)",5,16,Approved,21.04.25,Jan-27,99.614,32.6,,2026-2027,
229,EEDPD-PP-23-0289,229,"Construction of Director General, SPDPA office at Karachi. (C: 85.671 + R: 13.406)",5,16,Approved,21.04.25,Jan-27,99.077,32.8,,2026-2027,
230,EEDPD-PP-23-0294,230,"Construction of Govt. Special Education & Rehabilitation Centre at Johi, District Dadu. (C:97.223 + R: 12.50)",5,16,Approved,21.04.25,Jan-27,109.723,43.3,,2026-2027,
231,EEDPD-PP-23-0296,231,Construction of Govt. Special Education & Rehabilitation Centre at Abad Village. (C: 83.93+R: 6.08),5,16,Approved,29.04.24,Jun-27,131.265,100.0,,2026-2027,
232,EEDPD-PP-23-0297,232,Construction of Govt. Special Education & Rehabilitation Centre at Thul.(C: 76.999 + R: 12.5),5,16,Approved,21.04.25,Jan-27,89.499,53.1,,2026-2027,
233,EEDPD-PP-23-0298,233,Construction of Govt. Special Education & Rehabilitation Centre at Ghotki.(C: 76.999 + R: 12.5),5,16,Approved,21.04.25,Jan-27,89.499,58.7,,2026-2027,
234,EEDPD-PP-23-0299,234,"Construction/ Reconstruction and Rehabilitation of Govt. Special Education & Rehabilitation Complex, Mirpur Mathelo (C: 51.532 +R: 7.00 )",5,16,Approved,29.04.24,Jun-27,72.113,100.0,,2026-2027,
235,EEDPD-PP-23-0301,235,"Construction of building of Special Education & Rehabilitation Centre, Mirpurkhas. (C: 77.223 + R: 12.5)",5,16,Approved,11.07.24,Jan-27,89.723,100.0,,2026-2027,
236,EEDPD-PP-23-0303,236,"Construction of Govt. Special Education & Rehabilitation Centre at Gambat, District Khairpur. (C: 135.455 + R: 11.380)",5,16,Approved,21.04.25,Jan-27,146.835,40.0,,2026-2027,
237,EEDPD-PP-23-0304,237,"Construction of Govt. Special Education & Rehabilitation Centre at Qazi Ahmed, District Nawabshah. (C: 85.385 + R: 12.5)",5,16,Approved,11.07.24,Jan-27,97.885,100.0,,2026-2027,
238,EEDPD-PP-23-0305,238,"Construction of Govt. Special Education & Rehabilitation Centre at Daulatpur, District Nawabshah (C: 85.385+ R: 12.5)",5,16,Approved,11.07.24,Jan-27,97.885,100.0,,2026-2027,
239,EEDPD-PP-23-0306,239,"Construction of Govt. Special Education & Rehabilitation Centre at Khipro, District Sanghar. (C:85.025 + R: 12.5)",5,16,Approved,21.04.25,Jan-27,97.525,100.0,,2026-2027,
240,EEDPD-PP-23-0308,240,"Construction of Govt. Special Education & Rehabilitation Centre at Mirpur Bathoro, District Sujawal. (C: 87.174 + R: 12.5)",5,16,Approved,21.04.25,Jan-27,99.674,100.0,,2026-2027,
241,EEDPD-PP-23-0309,241,"Construction of Govt. Special Education & Rehabilitation Centre at Islamkot, District Tharparkar (C: 85.385 + R: 12.5)",5,16,Approved,11.07.24,Jan-27,97.885,100.0,,2026-2027,
242,EEDPD-PP-23-0310,242,"Construction of Audio Visual Library at Korangi, Karachi, Hyderabad, Sukkur, Larkana, Mirpurkhas & Shaheed Benazirabad",5,16,Approved,29.04.24,Jun-27,198.076,100.0,,2026-2027,
243,EEDPD-PP-23-0312,243,Construction of down syndrome and Neurodiversity rehabilitation center at Karachi. (C:118.815 + R: 30.710),5,16,Approved,21.04.25,Jan-27,149.525,25.8,,2026-2027,
244,EEDPD-PP-24-0001,244,"Execution of Building Extension Works of Block – A & C and Building Renovation Works of Block-B at Main Campus, Sindh Institute of Physical Medicine & Rehabilitation, Karachi. (C: 315.616 + R: 297.268)",5,16,Approved,23.04.25,Jun-29,612.884,61.7,,2026-2027,
245,EEDPD-PP-25-0001,245,Rehabilitation / Re-Construction Inclusive Park for Disable Children @St-14 Park Block-05 Clifton Karachi,5,16,Approved,28.08.25,Jun-27,99.171,100.0,,2026-2027,
246,EEDPD-PP-25-0002,246,Uplifting & Strengthening of the Special Education & Rehabilitation Complex Sukkur,5,16,Approved,28.08.25,Jun-27,99.901,45.5,,2026-2027,
247,EEDPD-PP-25-0003,247,Uplifting & Strengthening of the Special Education & Rehabilitation Complex Shaheed Benazirabad,5,16,Approved,28.08.25,Jun-27,99.759,47.6,,2026-2027,
248,EEDPD-PP-25-0004,248,"Construction of Additional Floor @ C-Arts Centre, Gulistan-E-Jauhar",5,16,Approved,28.08.25,Jun-27,94.319,39.8,,2026-2027,
249,EEDPD-PP-25-0005,249,"Rehabilitation / Re-Construction of Govt. Special Education and Rehabilition Center for Visually Impaired Children, Barrage Colony Sukkur alongwith Provision of Allied Equipements and Facilities",5,16,Approved,05.01.26,Jun-27,149.937,35.8,,2026-2027,
250,EEDPD-PP-25-0006,250,"Construction of Special Education & Rehabilitation Centre @ Taluka, Pano Aqil, District Sukkur",5,16,Approved,05.01.26,Jun-27,109.667,58.1,,2026-2027,
251,EEDPD-PP-25-0007,251,Establishment of Rehabilitation Centre for Special Children & Vocational Training Institute at Jahangir Road No.1 District East Karachi,5,16,Approved,05.01.26,Jun-27,147.333,26.7,,2026-2027,
252,EEDPD-PP-25-0008,252,"Construction of Physical Medicine and Neurodiversity Rehabilitation Centre @ Mosymiyat, Karachi",5,16,Approved,22.12.25,Jun-27,414.960,17.3,,2026-2027,
253,EEDPD-PP-25-0009,253,Rehabilitation of Govt. Se&R Center PD & ID Larkana,5,16,Approved,28.08.25,Jun-27,49.403,100.0,,2026-2027,
254,EEDPD-PP-25-0010,254,Uplifting and strengthening of the Special Education and Rehabilitation Complex Kotri,5,16,Approved,28.08.25,Jun-27,109.630,52.4,,2026-2027,
255,EEDPD-PP-25-0011,255,"Uplifting and Strengthening of the Special Education and Rehabilitation Complex, Mirpurkhas",5,16,Approved,05.01.26,Jun-27,99.154,42.9,,2026-2027,
256,EEDPD-PP-25-0012,256,"Construction of Additional Floor at C-ARTS Centre Korangi, Karachi",5,16,Approved,05.01.26,Jun-27,128.626,52.5,,2026-2027,
257,EEDPD-PP-25-0013,257,"Construction of Additional Floor at SE&R Complex Gulistan e Johar, Karachi",5,16,Approved,28.08.25,Jun-27,175.311,27.1,,2026-2027,
258,EEDPD-PP-25-0015,258,"Construction of Sports Facilities and Boundary wall at Pir Zakri, Sakrand",5,16,Approved,28.08.25,Jun-27,59.999,100.0,,2026-2027,
259,EEDPD-PP-23-0291,259,Construction of Govt. Special Education & Rehabilitation Centre at Sehwan,5,16,Approved,,Jun-28,100.000,10.0,,2026-2027,
260,EEDPD-PP-23-0292,260,Construction of Govt. Special Education & Rehabilitation Centre at Mirpur Sakro,5,16,Approved,,Jun-28,90.000,11.1,,2026-2027,
261,EEDPD-PP-25-0014,261,"Construction of Special Education and Rehabilitation Centre at Garhi Khero, District Jacobabad",5,16,Approved,,Jun-28,100.000,10.0,,2026-2027,
262,SEDEE-PP-07-0002,262,Up-gradation of Primary Schools to Middle Schools in Sindh (2007-08 Programme) (460 Units)(C: 1192.705 + R:109.020) (SDG#4),5,17,Approved,31.01.08,Jun-28,1301.725,80.4,,2026-2027,U/R
263,SEDEE-PP-07-0003,263,Construction of Two Rooms Shelterless Primary Schools in Sindh (2007-08 Programme) (450 Units ) (C:468.152 + R: 53.550) (SDG#4),5,17,Approved,31.01.08,Jun-28,521.702,89.0,,2026-2027,U/R
264,SEDEE-PP-07-0004,264,Introduction of Computer Education in Middle Schools in Sindh (2007-08 Programme) (230 Units)(C: 236.042 + R: 289.340) (SDG#4),5,17,Approved,31.01.08,Jun-28,525.382,37.5,,2026-2027,U/R
265,SEDEE-PP-17-0017,265,Rehabilitation/ Expansion/ Improvement of High Priority 4560 Schools (Primary / Elementary Schools) (68 Units) (SDG#4),5,17,Approved,26.01.18,Jun-27,289.383,100.0,,2026-2027,
266,SEDEE-PP-17-0031,266,Rehabilitation/ Expansion/ Improvement of High Priority 4560 Schools (Primary / Elementary Schools) (155 Units) (C:1101.709+R:168.328) (SDG#4),5,17,Approved,26.01.18,Jun-28,1270.037,86.7,,2026-2027,
267,SEDEE-PP-17-0033,267,Rehabilitation/ Expansion/ Improvement of High Priority 4560 Schools (Primary / Elementary Schools) (157 Units) (C:882.457+R:88.920) (SDG#4),5,17,Approved,26.01.18,Jun-28,971.377,90.8,,2026-2027,U/R
268,SEDEE-PP-19-0060,268,Construction of Buildings for Shelterless Primary Schools (04 Units) (C:90.252 + R:5.516) ( Revised on 22.05.2024) (SDG#4),5,17,Approved,12.02.21,Jun-28,95.768,94.2,,2026-2027,
269,SEDEE-PP-19-0065,269,Construction of Buildings for Shelterless Primary Schools (05 Units) (C:69.745 + R:6.895) (SDG#4),5,17,Approved,10.06.21,Jun-28,76.640,91.0,,2026-2027,
270,SEDEE-PP-19-0073,270,Construction of Buildings for Shelterless Primary Schools (06 Units) (C:83.795 + R: 8.274) (SDG#4),5,17,Approved,10.06.21,Jun-28,92.069,91.0,,2026-2027,
271,SEDEE-PP-19-0079,271,Rehabilitation / Reconstruction of High Enrollment Dangerous Primary / Elementary Schools and Provision of Missing Facilities (C:64.308 + R:0.686) (SDG#4) (Revised Date: 13-05-2026 Capital: 123.41 Revenue: 0.00 Total Cost: 123.41),5,17,Approved,26.08.21,Jun-27,123.407,100.0,,2026-2027,
272,SEDEE-PP-19-0086,272,Rehabilitation / Reconstruction of High Enrollment Dangerous Primary / Elementary Schools and Provision of Missing Facilities (SDG#4) (Revised Date: 22-05-2026 Capital: 125.10 Revenue: 0.00 Total Cost: 125.10),5,17,Approved,09.08.21,Jun-27,125.097,100.0,,2026-2027,
273,SEDEE-PP-19-0090,273,Rehabilitation / Reconstruction of High Enrollment Dangerous Primary / Elementary Schools and Provision of Missing Facilities (SDG#4) (Revised Date: 13-05-2026 Capital: 76.87 Revenue: 0.00 Total Cost: 76.87),5,17,Approved,17.09.21,Jun-27,76.871,100.0,,2026-2027,
274,SEDEE-PP-19-0091,274,Rehabilitation / Reconstruction of High Enrollment Dangerous Primary / Elementary Schools and Provision of Missing Facilities (SDG#4),5,17,Approved,10.06.21,Jun-27,54.445,100.0,,2026-2027,U/R
275,SEDEE-PP-19-0100,275,Up-gradation of Primary Schools to Elementary Schools (04 Units) (C:96.307 + R:13.0) (SDG#4) (Revised on 22.05.2024),5,17,Approved,17.09.21,Jun-27,109.307,100.0,,2026-2027,
276,SEDEE-PP-19-0101,276,Up-gradation of Primary Schools to Elementary Schools (04 Units) (C: 58.758 + R: 7.172) (SDG#4),5,17,Approved,10.06.21,Jun-28,65.930,89.1,,2026-2027,U/R
277,SEDEE-PP-19-0105,277,Up-gradation of Primary Schools to Elementary Schools (05 Units) (C:69.710 + R:12.660) (SDG#4),5,17,Approved,17.09.21,Jun-28,82.370,84.6,,2026-2027,
278,SEDEE-PP-19-0107,278,Up-gradation of Primary Schools to Elementary Schools (C:101.444 + R:17.727) (07 Units) (SDG#4),5,17,Approved,11.09.21,Jun-28,119.168,85.1,,2026-2027,
279,SEDEE-PP-19-0110,279,Up-gradation of Primary Schools to Elementary Schools (06 Units) (C:112.877 + R:15.192) (SDG#4) (Revised on 24.04.2025).,5,17,Approved,10.06.21,Jun-28,128.069,88.1,,2026-2027,
280,SEDEE-PP-19-0113,280,Up-gradation of Primary Schools to Elementary Schools (06 Units) (C:160.865 + R:7.100) (SDG#4) (Revised on 28.04.2025). Sindh Early Learning Enhancement Through,5,17,Approved,12.02.21,Jun-28,167.965,59.8,,2026-2027,
281,SEDEE-FP-19-0118,281,"Classroom Transformation (SELECT) (US$176.474 million) (Assisted by World Bank / IDA: Rs. 16000.000 (US$100.00) million), GPE. ESPIG: Rs.4798.00 (US$29.9875) million, GPE.MG: Rs. 3964.00 (US$24.775) million & GoS: Rs. 3473.843 (US$21.711)",5,17,Approved,08.06.21,Jun-27,3473.843,100.0,,2026-2027,
282,SEDEE-PP-19-0124,282,"million Reconstruction of Existing Primary Schools in UC-2, 5, & 13 of Jamshed Town & UC-18, 20, 23 & 30 of Gulshan-e-Iqbal Town (SDG#4)",5,17,Approved,12.09.21,Jun-28,283.500,52.1,,2026-2027,
283,SEDEE-PP-19-0125,283,"Rehabilitation / Reconstruction / Missing Facilities in Existing Primary Schools UC-1, 10, 19, & 11 of Jamshed Town & UC-19, 10 & 18 of Gulshan-e- Iqbal Town (SDG#4) (Revised on 08.05.2025).",5,17,Approved,23.11.21,Jun-28,199.033,71.9,,2026-2027,
284,SEDEE-PP-22-0034,284,Construction of Buildings for Shelterless Primary Schools (05 Units) (SDG#4),5,17,Approved,11.11.22,Jun-27,75.000,100.0,,2026-2027,
285,SEDEE-PP-22-0035,285,Construction of Buildings for Shelterless Primary Schools (06 Units) (SDG#4) (C:79.866 + R:10.060),5,17,Approved,11.11.22,Jun-28,89.926,88.8,,2026-2027,
286,SEDEE-PP-22-0036,286,Construction of Buildings for Shelterless Primary Schools 04 Units) (SDG#4) (C:51.777 + R:8.048),5,17,Approved,11.11.22,Jun-28,59.825,85.7,,2026-2027,
287,SEDEE-PP-22-0037,287,Construction of Building for Shelterless Primary Schools 1. GBPS Khalifo Agedino 2. GBPS Siddiq Jat 3. GBPS Haji Ibrahim Jat. (03 Units) (SDG #4) (C:70.230 + R:6.580). (Revised Date: 22-05-2026 Capital: 70.23 Revenue: 6.58 Total Cost: 76.81),5,17,Approved,17.01.23,Jun-28,76.808,92.1,,2026-2027,
288,SEDEE-PP-22-0038,288,"Up-gradation of Middle School to High School 1. GBHS Ber Shareef, 2. GGLSS Seelra & 3. GBLSS Jara Wahucha (03 Units) (SDG#4) (C:151.690 + R:11.973) Construction of Building for Shelterless Primary Schools 1. GBPS Sukani Paro, 2.",5,17,Approved,11.11.22,Jun-27,89.793,100.0,,2026-2027,
289,SEDEE-PP-22-0040,289,"GBPS Dost Muhammad Halepota Paro Dadlo Halepota, 3. GBPS Laloo Paro Datar Dino Thebo, 4. GBPS Main Phulrhar, 5. GBPS Tharwani Meghwar Paro Taryano, 6. GBPS Kirshan Jo Wandio, 7. GPS Sanbhu Singh Veenjo Je Dhani & 8. GBPS Soomary Samoon Paro Kunbhario (08 Units) (SDG#4), District Tharparkar (SDG#4) (C:123.598 + R:11.551) (Revised on 21.01.2026) (Revised Date: 21-01-",5,17,Approved,11.11.22,Jun-28,135.149,51.4,,2026-2027,
290,SEDEE-PP-22-0041,290,2026 Capital: 135.15 Revenue: 0.00 Total Cost: 135.15) Construction of Buildings for Shelterless Primary Schools (05 Units) (SDG#4) (C:68.048 + R:8.048),5,17,Approved,11.03.22,Jun-28,76.514,89.5,,2026-2027,
291,SEDEE-PP-22-0042,291,Construction of Buildings for Shelterless Primary Schools (06 Units) (SDG#4) (C:79.940 + R:10.060),5,17,Approved,28.12.22,Jun-28,90.000,88.8,,2026-2027,
292,SEDEE-PP-22-0043,292,Construction of Buildings for Shelterless Primary Schools (06 Units) (SDG#4) (C:82.998 + R:10.060),5,17,Approved,11.03.22,Jun-28,93.058,89.2,,2026-2027,
293,SEDEE-PP-22-0044,293,Construction of Buildings for Shelterless Primary Schools 04 Units) (SDG#4) (C:59.587 + R:0.360),5,17,Approved,28.12.22,Jun-27,59.947,100.0,,2026-2027,
294,SEDEE-PP-22-0045,294,Construction of Buildings for Shelterless Primary Schools (8 Units) (SDG#4) (C:106.274 + R: 10.200).,5,17,Approved,28.12.22,Jun-28,116.474,91.2,,2026-2027,
295,SEDEE-PP-22-0046,295,Construction of Buildings for Shelterless Primary Schools (08 Units) (SDG#4) (C:111.457 + R:14.084).,5,17,Approved,23.01.23,Jun-28,125.541,39.9,,2026-2027,
296,SEDEE-PP-22-0047,296,Construction of Buildings for Shelterless Primary Schools (05 Units) (SDG#4) (C:65.824 + R:7.520),5,17,Approved,11.03.22,Jun-28,73.344,89.7,,2026-2027,
297,SEDEE-PP-22-0048,297,Construction of Buildings for Shelterless Primary Schools (04 units) (SDG#4) (C:49.620 + R:5.640).,5,17,Approved,11.03.22,Jun-28,55.260,89.8,,2026-2027,
298,SEDEE-PP-22-0049,298,Construction of Buildings for Shelterless Primary Schools (05 Units) (SDG#4) (C:65.824 + R: 7.520),5,17,Approved,16.01.23,Jun-28,73.344,89.7,,2026-2027,
299,SEDEE-PP-22-0050,299,Construction of Buildings for Shelterless Primary Schools (06 Units) (SDG#4),5,17,Approved,03.11.22,Jun-28,89.739,62.1,,2026-2027,U/R
300,SEDEE-PP-22-0051,300,Rehabilitation / Reconstruction of High Enrollment Dangerous Primary / Elementary Schools and Provision of Additional Facilities (SDG#4),5,17,Approved,17.01.23,Jun-27,59.673,100.0,,2026-2027,U/R
301,SEDEE-PP-22-0052,301,Rehabilitation / Reconstruction of High Enrollment Dangerous Primary / Elementary Schools and Provision of Missing Facilities (SDG#4) (C:70 ).,5,17,Approved,01.02.23,Jun-27,70.000,100.0,,2026-2027,
302,SEDEE-PP-22-0053,302,Rehabilitation / Reconstruction of High Enrollment Dangerous Primary / Elementary Schools and Provision of Missing Facilities (SDG#4),5,17,Approved,11.11.22,Jun-27,69.985,100.0,,2026-2027,
303,SEDEE-PP-22-0056,303,Rehabilitation / Reconstruction of High Enrollment Dangerous Primary / Elementary Schools and Provision of Missing Facilities (SDG#4) (Revised Date: 13-05-2026 Capital: 95.56 Revenue: 0.00 Total Cost: 95.56),5,17,Approved,11.11.22,Jun-27,95.563,100.0,,2026-2027,
304,SEDEE-PP-22-0057,304,Rehabilitation / Reconstruction of High Enrollment Dangerous Primary / Elementary Schools and Provision of Missing Facilities (SDG#4) (Revised on 24.04.2025),5,17,Approved,11.11.22,Jun-27,99.113,100.0,,2026-2027,
305,SEDEE-PP-22-0066,305,Rehabilitation / Reconstruction of High Enrollment Dangerous Primary / Elementary Schools and Provision of Missing Facilities (SDG#4) (Revised on 08.05.2025).,5,17,Approved,28.12.22,Jun-27,88.534,100.0,,2026-2027,
306,SEDEE-PP-22-0068,306,Rehabilitation / Reconstruction of High Enrollment Dangerous Primary / Elementary Schools and Provision of Missing Facilities (SDG#4) (Revised Date: 22-05-2026 Capital: 81.27 Revenue: 0.00 Total Cost: 81.27),5,17,Approved,28.12.22,Jun-27,81.272,100.0,,2026-2027,
307,SEDEE-PP-22-0069,307,Rehabilitation / Reconstruction of High Enrollment Dangerous Primary / Elementary Schools and Provision of Missing Facilities (SDG#4),5,17,Approved,28.12.22,Jun-27,99.995,100.0,,2026-2027,
308,SEDEE-PP-22-0071,308,Rehabilitation / Reconstruction of High Enrollment Dangerous Primary / Elementary Schools and Provision of Missing Facilities (SDG#4) (Revised Date: 13-05-2026 Capital: 82.92 Revenue: 0.00 Total Cost: 82.92),5,17,Approved,23.01.23,Jun-27,82.921,100.0,,2026-2027,
309,SEDEE-PP-22-0075,309,Rehabilitation / Reconstruction of High Enrollment Dangerous Primary / Elementary Schools and Provision of Missing Facilities (SDG#4) (Revised on 06.05.2025).,5,17,Approved,11.09.22,Jun-28,168.266,31.5,,2026-2027,
310,SEDEE-PP-22-0077,310,Rehabilitation / Reconstruction of High Enrollment Dangerous Primary / Elementary Schools and Provision of Missing Facilities (SDG#4) (Revised on 07.05.2025). Rehabilitation / Reconstruction of High,5,17,Approved,11.09.22,Jun-28,116.590,59.4,,2026-2027,
311,SEDEE-PP-22-0078,311,Enrollment Dangerous Primary / Elementary Schools and Provision of Missing Facilities (i) GGPS Gino G. Allana (ii) GBPS Urdu Qurtaba Saddar (iii) GBPS Allama Iqbal Lyari (vi) GBPS Islamia Kalri (v) GBPS Railway Feeder No. 1 Saddar (SDG#4) (05 Units). (SDG#4),5,17,Approved,11.09.22,Jun-27,93.024,100.0,,2026-2027,
312,SEDEE-PP-22-0079,312,(Revised on 06.05.2025). Rehabilitation / Reconstruction of High Enrollment Dangerous Primary / Elementary Schools and Provision of Missing Facilities (SDG#4) (Revised on 28.04.2025). Up-gradation of Primary Schools to Elementary,5,17,Approved,11.09.22,Jun-28,135.152,43.3,,2026-2027,
313,SEDEE-PP-22-0081,313,Schools with Allied Facilities 1. GBPS Khari Muhammad Thebo 2. GBPS Golo Dhamach 3. GBPS Haji Mehrab Solangi 4. GBPS Jan Muhammad Khaskhely 5. GBPS Abdullah Panhwar 6. GGPS Tawakal Ali Mirjat. (06 Units) (SDG#4) (C:140.765 + R:19.158). (Revised Date: 22-05-2026 Capital: 166.45,5,17,Approved,23.12.22,Jun-28,185.603,48.5,,2026-2027,
314,SEDEE-PP-22-0082,314,Revenue: 19.16 Total Cost: 185.60) Up-gradation of Primary Schools to Elementary Schools with allied facilities (05 Units) (SDG#4) (C:87.212 + R:12.772),5,17,Approved,01.02.23,Jun-28,99.984,87.2,,2026-2027,
315,SEDEE-PP-22-0083,315,"Up-gradation of Primary Schools to Elementary Schools of Taluka Kotri, Sehwan, Manjhand and Thano Bola Khan, District Jamshoro with allied facilities (12 Units) (SDG#4) (C:267.513 + R:32.460).",5,17,Approved,01.11.23,Jun-27,299.973,100.0,,2026-2027,
316,SEDEE-PP-22-0084,316,Up-gradation of Primary Schools to Elementary Schools with allied facilities (08 Units) (SDG#4) (c:141.064 + r:18.935).,5,17,Approved,17.01.23,Jun-28,159.999,50.0,,2026-2027,
317,SEDEE-PP-22-0085,317,"Up-gradation of Primary Schools to Elementary Schools of Taluka Umerkot, Samaro and Pithoro, District Umerkot with allied facilities (20 Units) (SDG#4) (C:436.117 + R:63.860).",5,17,Approved,11.01.23,Jun-28,499.977,51.0,,2026-2027,U/R
318,SEDEE-PP-22-0086,318,Up-gradation of Primary Schools to Elementary Schools with allied facilities (15 Units) (SDG#4) (C:261.574 + R:38.316).,5,17,Approved,30.11.22,Jun-28,299.890,36.7,,2026-2027,
319,SEDEE-PP-22-0087,319,"Up-gradation of Primary Schools to Elementary Schools of Taluka Daur, Nawabshah, Sakrand & Qazi Ahmed, District Shaheed Benazirabad with Allied Facilities (18 Units) (SDG#4) (C:349.384 + R:45.576).",5,17,Approved,01.11.23,Jun-28,394.760,46.1,,2026-2027,
320,SEDEE-PP-22-0088,320,Up-gradation of Primary Schools to Elementary Schools with allied facilities (08 Units) (SDG#4) (C:142.876 + R:17.124),5,17,Approved,28.12.22,Jun-28,160.000,43.8,,2026-2027,
321,SEDEE-PP-22-0089,321,Up-gradation of Primary Schools to Elementary Schools with allied facilities (08 Units) (SDG#4) (C:136.170 + R: 19.158),5,17,Approved,28.12.22,Jun-28,155.328,40.6,,2026-2027,
322,SEDEE-PP-22-0090,322,Up-gradation of Primary Schools to Elementary Schools with allied facilities (15 Units) (SDG#4) (c:264.079 + R: 35.916).,5,17,Approved,30.11.22,Jun-28,299.995,42.0,,2026-2027,
323,SEDEE-PP-22-0091,323,"Up-gradation of Primary Schools to Elementary Schools of Taluka Larkano, Ratodero and Bakrani of District Larkano with allied facilities (10 Units) (SDG#4) (C:208.010 + R:31.930).",5,17,Approved,01.11.23,Jun-28,239.940,40.8,,2026-2027,
324,SEDEE-PP-22-0092,324,Up-gradation of Primary Schools to Elementary Schools with allied facilities (05 Units) (SDG#4) (C:145.161 + R:10.128) (Revised on 25.04.2025).,5,17,Approved,26.12.22,Jun-28,155.289,53.1,,2026-2027,
325,SEDEE-PP-22-0093,325,Up-gradation of Primary Schools to Elementary Schools with allied facilities (05 Units) (SDG#4) (C:163.660 + R:15.965) (Revised on 25.04.2025).,5,17,Approved,26.12.22,Jun-28,179.625,53.5,,2026-2027,
326,SEDEE-PP-22-0094,326,Up-gradation of Primary Schools to Elementary Schools with allied facilities (05 Units) (SDG#4) (C:181.738 +R:12.660) (Revised on 07.05.2025).,5,17,Approved,26.12.22,Jun-28,194.398,52.6,,2026-2027,
327,SEDEE-PP-22-0095,327,Up-gradation of Primary Schools to Elementary Schools with allied facilities (10 Units) (SDG#4) (C:174.162 + R:25.320),5,17,Approved,01.04.23,Jun-28,199.482,49.1,,2026-2027,
328,SEDEE-PP-22-0096,328,Up-gradation of Primary Schools to Elementary Schools with allied facilities (06 Units) (SDG#4) (C:89.460 + R:12.772),5,17,Approved,26.12.22,Jun-28,102.232,87.5,,2026-2027,
329,SEDEE-PP-22-0097,329,Up-gradation of Primary Schools to Elementary Schools with allied facilities (05 Units) (SDG#4) (C:188.119 + R:10.128) (Revised on 07.05.2025).,5,17,Approved,26.12.22,Jun-28,198.247,52.3,,2026-2027,
330,SEDEE-PP-22-0098,330,Construction of Early Childhood Education Class Rooms in Existing Primary Schools (SDG#4) (c:81.292 + R:8.680).,5,17,Approved,01.02.23,Jun-28,89.972,90.4,,2026-2027,
331,SEDEE-PP-22-0102,331,Construction of Early Childhood Education Class Rooms in Existing Primary Schools (SDG#4) (C:46.389 + R:12.753).,5,17,Approved,03.11.22,Jun-28,59.142,78.4,,2026-2027,U/R
332,SEDEE-PP-23-0007,332,Construction of Building for Shelterless Primary Schools i. GBPS Misri Mallah ii. GBPS Ramzan Khan Nizamani iii. GBPS Chutto Mallah iv. GBPS Mohammad Rahim Rind (v) GBPS Ajaib Junejo (05 Units) (SDG#4).,5,17,Approved,03.11.24,Jan-27,57.218,100.0,,2026-2027,
333,SEDEE-PP-23-0011,333,Construction Two Roomed Building for Shelterless Primary Schools (22 Units) 1.GBPS Nazir Mughal 2. GBPS Mir Mohammad Talpur 3. GBPS Kanji Ram Khatri 4. GBPS Rahoomabad 5. GBPS Mubarik Panhwar @ Mubarik Rahimoon 6. GGPS Anwer Din Sand 7. GBPS Ch: Khalid Majeed 8. GBPS Nazir Ahmed Bhurgari 9. GPS Partab Malhi 10. GBPS Hema Ram Colony 11. GGPS Ch: Bashir Ahmed 12. GBPS Mithu Samejo 13. GBPS Dholo Oad @ Zero Point 14. GBPS Ahmedabad 15. GGPS Nawab Abad 16. GGPS Dhalu Jo Tar 17. GGPS Muhamamd Rahim Kumbhar 18. GPS Timoon Khaskheli 19. GPS Kenhro Bheel 20. GPS Islamdin Kumbhar @,5,17,Approved,03.11.24,Jun-28,159.854,35.6,,2026-2027,
334,SEDEE-PP-23-0018,334,Menghwar Paro Jewan Colony 21. GBPS Mureed Bheel 22. GGPS Mohammad Ibrahim Ghiskori. (22 Units) (SDG#4) Construction of Building for Shelterless Primary Schools (i) GBPS Budho Khan Pathan (ii) GBPS Khuda Bux Gadani (iii) GBPS Gous Din Gurgaje (iv) GBPS Misri Faqeer (04 Units) (SDG#4). (Revised Date: 21-01-2026 Capital: 54.92 Revenue: 0.00 Total Cost: 54.92),5,17,Approved,03.08.24,Jun-27,54.919,100.0,,2026-2027,
335,SEDEE-PP-23-0021,335,Construction of Building for Shelterless Primary Schools (03 Units) (i) GBPS Haji Faiz Muhammad Brohi (ii) GBPS Arz Muhammad Jakhrani (iii) GGPS Ali Bux Sarki (03 Units) (SDG#4),5,17,Approved,26.03.24,Jun-27,34.498,100.0,,2026-2027,U/R
336,SEDEE-PP-23-0024,336,Repair / Rehabilitation of Existing Primary / Elementary Schools (Rain / Flood Damaged 2022) (SDG#4) 1. GGLSS Mori Mangar 2. GGPS Mori Mangar 3. GBPS Bachando Unar 4. GGPS Ahmed Khan Almani 5. GBPS Bangal Lashari 6. GBPS Ramzan Jamali 7. GBPS Haji Bagh Bhatti 8. GBPS Mir Nabi Bux Town 9. GGLSS Quaidabad 10. GBPS Liaquat Chotki Ghiti 11. GBPS Daraloom 12. GBPS Khair Muhammad Babar 13. GGPS Shah Bukhari 14. GBPS New Wahdat Colony 15. GBPS Hussain Bux Rind 16. GBPS Bachal Shoro (New) 17. GBLSS Zafar Campus 18.GBPS Mulla Farash. (18 Units).,5,17,Approved,04.04.25,Jun-27,85.879,100.0,,2026-2027,
337,SEDEE-PP-23-0025,337,Repair / Rehabilitation of Existing Primary / Elementary Schools (12 Units) (SDG#4) (Rain / Flood Affected 2022)”GBPS Fateh Muhammad Chandio 2. GGPS Din Muhammad Shahani. 3. GGPS Wadhio Panhwar. 4. GGPS Ibrahim Laghari. 5. GBPS Kamal Khan Lund. 6. GBMS Dost Muhammad Mari. 7. GGPS Paryal Qambrani. 8. GGPS Ladho Gadehi. 9. GPS Hussain Arian. 10. GBPS Bhawal Gorar. 11. GGPS Abdul Hameed Tunio 12. GBPS Aumb Magsi (SDG#4),5,17,Approved,04.05.24,Jun-27,76.105,100.0,,2026-2027,
338,SEDEE-PP-23-0026,338,Repair / Rehabilitation of Existing Primary / Elementary Schools (Rain / Flood Affected 2022)” I. GBPS dalil mangrio II. GBPS Wasi Baqadar Dhah III. GGPS Ferozudin Shah IV. GBLSS Noor Khan Vighio V. GBPS Ali Muhammad Nizamani VI. GBPS Malook Dhari VII. GBPS Phull Mangrio VIII. GBPS Esso Dahri IX. GBPS Amnaullah Jamali X. GBPS Bagh Ali Muhammad Kaka XI. GGPS Mian Chutto Kaka XII. GGPS Ali khan Jamali XIII. GGPS Bago Rind (13 Units) (SDG#4).,5,17,Approved,22.03.24,Jun-27,77.918,100.0,,2026-2027,
339,SEDEE-PP-23-0028,339,Repair / Rehabilitation of Existing Primary / Elementary Schools (SDG#4) (Rain / Flood Damaged 2022). 1. GBPS Tharo Khan Bahnoo 2. Misri Bheel 3. GGPS Sarang Hakro 4. GGPS Lal Faqir Behrani 5.GBPS Tahir Abad 6. GGPS Dalil Lanjwani 7. GBPS Manik Lanjwani 8. GBPS Sobho Mastoi 9. GBPS Khabar Chachar 10. GGPS Mir Abad (10 Units) (SDG#4). Repair / Rehabilitation of Existing Primary / Elementary Schools (23 Units) (Rain / Flood,5,17,Approved,27.03.24,Jun-27,63.411,100.0,,2026-2027,
340,SEDEE-PP-23-0030,340,Affected 2022)” 1. GBPS Abdul Aleem Jatt. 2. GBPS Muhammad Yaqoob Junejo 3. GGPS Yousif Soomro. 4. GBPS Haji Ghulam Jamali. 5. GBPS Khair Muhammad Panhwar. 6. GBPS Miyapota. 7. GBPS Sadiq Metlo. 8. GBPS Khamoon Junejo. 9. GBPS Hyder Bhurgari. 10. GBPS Miyoon Malook. 11. GBPS Main Talhar. 12. GBPS Abdul Ghani Unar. 13. GBPS Muhammad Khan Buledi. 14. GBPS Kazi Ibrahim Memon. 15. GBPS Ameer Bux Rustamani. 16. GGPS Nau Abad. 17. GGPS Uris Laghari. 18. GBPS Mal Piri Matli. 19. GBPS Amanabad. 20. GBPS Qutabdin Arian 21. GBPS Siddique Mangrio. 22. GGPS Rahuki 23. GBPS Ibrahim Rahimo. (SDG#4) (Revised,5,17,Approved,04.05.24,Jun-28,107.479,50.9,,2026-2027,
341,SEDEE-PP-23-0031,341,on 24.04.2025). Repair / Rehabilitation of Existing Primary / Elementary Schools (SDG#4) (Rain / Flood Damaged 2022). 1. GGPS Haroon Panhwer 2. GGPS Achar Jokhio 3. GGPS Piniladho Khaskheli 4. GGPS Ali Murad Daras 5.GGPS Shafi Muhammad Jokhio 6. GBPS Habib Khaskheli 7. GGPS Ladho Other 8. GBPS M. Hassan @ Juman Sobhani 9. GBPS Sher Muhammad Baloch 10. GBPS Haji Mehar Kapoorani 11. GBPS Wahid Bux Jalbani 12. GBPS Jumoon Hingoro . 13. GBPS Muradani 14. GBPS Dawood Bhatti (14 Units).,5,17,Approved,04.02.24,Jun-27,62.060,100.0,,2026-2027,
342,SEDEE-PP-23-0032,342,Repair / Rehabilitation of Existing Primary / Elementary Schools (SDG#4 (SDG#4) (Rain / Flood Damaged 2022). 1.GBPS Uris Hingoro 2. GBPS Natho Khan Khuwaja 3. GBPS Ghulam Muhammad 4. GBPS Arisar Hingoro 5. GBPS Jeeand Zangejo 6. GBPS Juman Sanghar 7. GBPS Haji Shafi Jatt 8. GBPS Ahmed Khan Zhur 9. GBPS Qadir Bux Jatt 10. GBPS Subhan Ghado 11. GBPS Haji Muhammad Otho Village Usman Otho 12. GBPS Siddique Mulana 13. GBPS Khalifo Ahmed 14. GGPS Servech Sujawal 15. GBPS,5,17,Approved,04.02.24,Jun-27,62.077,100.0,,2026-2027,
343,SEDEE-PP-23-0033,343,Khameso (15 Units). Repair / Rehabilitation of Existing Primary / Elementary Schools (10 Units) (SDG#4) (Rain / Flood Damaged 2022). i. GBHSS Jhuddo ii.. GBPS Muhammad Bachal Mahar (iii) GBPS Bhurgari (iv). GPS Dodo Khan Laghari v. GBPS Essa Khan Shari vi. GBPS Rustam Khan Laghari vii. GBPS Village Company viii. GBPS Digri ix. GGPS Tando Jam Muhammad x. GBPS Muhammad Ismail Ismail Bugio Repair / Rehabilitation of Existing Primary / Elementary Schools (Rain / Flood Damaged,5,17,Approved,27.03.24,Jun-27,62.660,100.0,,2026-2027,
344,SEDEE-PP-23-0034,344,2022) (SDG#4) 1. GBLS Dharmani Colony Mithi 2. GBPS Kharo Bajeer (Habib Paro) 3. GBPS Muhammad Tayab Dal 4. GES Islamkot Main 5. GBLSS Arneharo 6. GBPS Mithrau Chakar Halepota Paro 7. GGPS Jeando Dars. 8. GBLSS Lassio 9. GBLSS Sarh Juneja 10. GBPS Arokhi 11. GBPS Abrbab Abdul Khaliq 12. GGPS Khan Muhammad Lashari 13. GGLSS Kaloi 14. GBPS Uris Bajeer 15. GBPS Bherau 16. GBLSS Gori 17. GBLSS Pir Jo Tar 18. GBLSS Kankio 19. GBPS Faqir Muhammad Paro 20. GBPS Jean Ji Dhani 21. GBPS Tar Ahmed 22. GGPS Bhorilo Main 23. GBPS Lalo Wahundani 24. GGPS Sajan Jo Par (24 Units).,5,17,Approved,28.03.24,Jun-27,61.216,100.0,,2026-2027,
345,SEDEE-PP-23-0035,345,Repair / Rehabilitation of Existing Primary / Elementary Schools (Rain / Flood Damaged 2022) (SDG#4) 1. GBPS Lakhimar Oad 2. GBPS Punhoon Khaskheli 3. GBPS Soomar Shar 4. GBPS Moosa Jesar 5. GBPS Shadi Palli Station 6. GBELS Shadi Palli Old 7. GGPS Nek Mohamamd Nohri 8. GBPS Ashique Hussain Choro 9. GBPS Soofi Faqir 10. GBPS Mohammad Soomar Hingojo 11. GBLES Hiral Station 12. GBPS Ghulam Nabi Shah 13. GBPS Rohal Wah 14. GBPS Ladho Menghwar 15. GBPS Ghulam Hyder Roonjho 16. GBPS Ghulam Qadir Shar 17. GBPS Abdul Qudos Sand (17 Units).,5,17,Approved,27.03.24,Jun-27,79.431,100.0,,2026-2027,
346,SEDEE-PP-23-0037,346,Repair / Rehabilitation of Existing Primary / Elementary Schools (13) (Rain / Flood Damaged 2022) (SDG#4) (i) GBPS. Khan Muhammad Narejo. (ii) GBPS. Chak No. 7 (iii) GGPS. Kandiari (iv) GPS. Muhammad Karim Bozdar (v) GPS. Sawan Khan Mari (vi) GGPS. Rais Altaf Hussain Rind (vii) GPS. Allah Dito Brohi (viii) GGPS. Sindhi Sinjhoro (ix) GBPS. Noor Muhammad Dahri (x) GBPS. Saleh Shah (xi) GBPS. Muhammad Bux Dahri (xii) GBPS. Moosa Thaheem (xiii) GBPS. Rojo Mari,5,17,Approved,03.08.24,Jun-27,77.040,100.0,,2026-2027,
347,SEDEE-PP-23-0038,347,Repair / Rehabilitation of Existing Primary / Elementary Schools (Rain / Flood Affected 2022)” 1. GBPS Deen Muhammad Kharkhar 2. GBPS Lutuf Panhwar 3. GBPS Achar Solangi 4. GBPS Ghulam Muhammad Gondal 5. GGLSS Chanheen Suleman 6. GGLSS Machur 7. GBPS Sanjar Lashari 8. GBPS Haji Ameer Shah Darbelo 9. GBPS Talib Kalhoro 10. GBPS Muhammad Ibrahim Dehraj 11. GGPS Mukhtiarabad 12. GBPS Tando Karam Khan 13. GBPS Akbarabad 14. GBPS Budho Meerbahar 15. GBPS Saifal Mangrio 16. GBPS Ramzan Chandio 17. GBPS Latif Colony Moro 18. GBPS Miandad Khan Lund 19. GBPS Daim Kalhoro 20. GBPS Chowhan Colony Moro 21 GBPS Makrari 22. GPS Ghulam Ali Khskheli 23. GBPS Mouladad Mari 24. GBPS Meer Muhammad Tagar 25. GBPS Niaz Ali Mashori 26. GBPS Yousif Rajper 27. GBPS Muhallah Yaseenabad 28. GGPS Naushahro,5,17,Approved,25.03.24,Jun-27,92.654,100.0,,2026-2027,
348,SEDEE-PP-23-0039,348,"Feroze-II. 29. GBPS Budho Khan Lashari 30. GBPS Mureed Lakho 31. GGLSS Mirzapur, Kandiaro ANDIARO (31 Units) (SDG#4). Repair / Rehabilitation of Existing Primary / Elementary Schools (Rain / Flood Affected 2022)” 1. GGPS Model Community Shahpur 2. GGELS Farash Sukkur 3. GGPS Dreha Sukkur 4. GBPS Central Jail Colony Rohri 5. GBPS Chibhar Katohar 6. GBPS Chattriyo Khan Shambhani 7. GGPS Yousuf Mouchi Pano Akil 8. GBPS Sangi Pano Akil, (08 Units) (SDG#4).",5,17,Approved,25.03.24,Jun-27,78.133,100.0,,2026-2027,
349,SEDEE-PP-23-0040,349,Repair / Rehabilitation of Existing Primary / Elementary Schools (Rain / Flood Damaged 2022) (SDG#4) 1. GBPS Soomer Goth 2. GBPS Central Jail 3. GBPS Qazi Khooh 4. GBPS Abdul Ghafoor Janwri 5. GBPS Chachar 6.GPS Keti Mir Muhammad 7. GBPS Dost Muhammad Abro 8. GBPS Ghulam Hussain Hajano 9. GBPS Karam Ali Lashari 10. GBPS Yaar Muhammad Shanbani 11. GBPS Muhabat Khan Tanwri 12. GBPS Arbab Ali Channa 13. GBPS Muhammad Larik 14. GGPS Mehtani 15. GBPS Jaro Narejo 16. GBPS Udhal Mangnejo 17. GGELS Madd 18. GGPS Bachal Bhanbhro 19. GGPS Nawaz Ali 20. GGPS Moula Bux Behan 21. GBPS Miandad Mandan 22. GBPS Muhammad Malook 23. GGELS Ibrahim Shar 24. GBPS Moula Bux Rajper 25.,5,17,Approved,29.03.24,Jun-27,127.907,41.7,,2026-2027,
350,SEDEE-PP-23-0041,350,GGPS Jalal Din Rajper (25 Units). Repair / Rehabilitation of Existing Primary / Elementary Schools (Rain / Flood Affected 2022)” 1. GBPS YOusif Lakhan 2. GBPS Mubarak Lakhan 3. GBPS Usman Ruk 4. GBLSS Sijawal Khan Dhandhu 5. GBPS Allah Abad Dakhan 6. GBPS Jan Muhammad Society 7. GBPS Kamal Khan Leghari 8. GBELS Fatehpur 9. GGPS Islam Khan Lashari 10. GBPS Sharbat Ali Jiskani 11. GGPS Sain Dino Malik 12. GBPS Sain Dino Malik 13. GBLSS Gul Muhammad Malik 14. GBPS Ayo Dakhan 15. GBLSS Matar Kot 16. GBPS Bagra Kori 17. GBPS Jam Khan Samejo 18. GGPS Khambhra (18 Units) (SDG#4).,5,17,Approved,25.03.24,Jun-27,78.650,100.0,,2026-2027,
351,SEDEE-PP-23-0042,351,Repair / Rehabilitation of Existing Primary / Elementary Schools (Rain / Flood Damaged 2022) (SDG#4) 1.GBPS Soni Faqeerai 2. GGPS Koreja 3. GBPS Sheeranpur 4. GBPS Thango Bozdar 5. GGPS Thango Bozdar 6. GGPS Sanhra Machhi 7. GBPS Sanhra Machhi 8. GGPS Kalrai Khokhar 9. GBPS Hasan Wahan 10. GBPS Jara Wah 11. GGPS Sahib Khan Kherani 12. GBPS Malook Korai 13. GBPS Kauser Mil 14. GBPS Raza Muhammad Brohi 15. GBPS Muhammad Mithal Lund 16. GGPS Gund 17. GBMS Samtia 18. GGPS Bagi 19. GBPS Ranwat Abro 20. GBPS Moria Khan Burdi (20 Units).,5,17,Approved,04.01.24,Jun-27,74.944,100.0,,2026-2027,
352,SEDEE-PP-23-0043,352,"Repair / Rehabilitation of Existing Primary / Elementary Schools (Rain / Flood Damaged 2022) (SDG#4) 1.GBPS Sahib Khan Kalhoro, 2. GBPS Allah Dino Chandio, 3. GBPS Attur Mugheri, 4. GBPS Sajan Gadhi, 5. GBPS Rahim Dad Mugheri, 6. GBPS Ranjho Shaikh, 7. GGPS Abri 8. GBPS Gohram Lashari 9. GBPS Gabbar Kalhoro 10. GGPS Ali Ji Wandh 11.GBPS Mehrullah Brohi 12. GBPS Ali Ji Wandh 13. GBPS Loung Khan Rahuja 14. GBPS Zafarabad brohi 15. GGPS Faiz Ahmed Sodar 16. GBPS Ghulam Rasool Mugheri 17. GGPS Jukhar 18 GGPS Sher Muhammad Brohi 19.GBPS Muhammad Qasim Lashari. (19",5,17,Approved,29.03.24,Jun-27,77.771,100.0,,2026-2027,
353,SEDEE-PP-23-0044,353,"Units). Repair / Rehabilitation of Existing Primary / Elementary Schools (Rain / Flood Affected 2022)” 1. GGPS Chak–I 2.GBPS Imam Bux Jafferi, 3. GBPS Muhammad Khan Buriro, 4. GBPS Thaheem 5. GBPS Mirzapur-II, 6.GBPS Ali Khan, 7.GBLSS Thanrio, 8.GGPS Khanpur-III, 9. GBPS Allah Bux Brohi, 10. GBPS Jeo Mahar (10 Units) (SDG#4). (SDG#4)",5,17,Approved,26.03.24,Jun-27,62.565,100.0,,2026-2027,
354,SEDEE-PP-23-0045,354,"Repair / Rehabilitation of Existing Primary / Elementary Schools (Rain / Flood Damaged 2022) (27 units) (SDG#4). GBPS Ghous Bux Jagirani, GBPS Mir Hazar Khan Bijarani,GBPS Mansoor Ali Khan,GPS Piyaro Bajkani,GPS Daulat Gajani, GBPS Habibullah Bijarani, GGPS Ali Baig Noonari, GPS Rahmat Khan Bijarani, GPS Alif Khan Old,GPS Thagman Bajkani,GPS Sabhago Malik,GPS Gorgej Khan Dahani, GGPS Muhammad Masood Khan Khoso, GBPS Abdul Kareem Khoso, GBPS Tillan @ Chohar Arbani,GBPS Soomar Jagirani,GBPS Pandhi Jagirani, GBPS Abdul Rasheed Jagirani,GBPS Pahalwan Lolai,GPS Qadir Bux Kalwar,GPS Yaqoob Soomro GBPS Abdul Qadir Khoso,GPS M.Usman Khoso, GPS Noor Mohammad Mazari,GPS Dil Murad Chcachar,GBPS Mir Muhamamd Lashari, GGPS M. Saleem Jakhrani",5,17,Approved,29.03.24,Jun-27,62.095,100.0,,2026-2027,
355,SEDEE-PP-23-0046,355,"Repair / Rehabilitation of Existing Primary / Elementary Schools (Rain / Flood Affected 2022)” 1. GGPS Allah Rakhio Umrani 2. Muhammad Ibrahim Jakhrani, 3. GBPS Railway Colony, 4. GBPS Rraheem Bux Soomro, 5. GBPS Hawaldar Brohi, 6. GBPS Phool Bagh, 7. GBPS Mirza Brohi @ Loung Khan Jatoi, 8. GBPS Khan Muhammad Umrani, 9. GBPS Pandhi Khan Laghari, 10. GBPS Shafi Muhammad Brohi, 11. GBPS Dilsher Brohi, 12. GBPS Abdul Kareem Brohi, 13. GBPS Rasoolabad Lohar, 14. GBPS Ali Mardan Brohi, 15. GBPS Atta Muhammad Kanrani, 16. GBPS Abdul Haee @ Muhammad Peryal Buriro, 17. GGPS Sultan Ahmed Dayo, 18. GBPS Mubarakpur, 19. GBPS Mmuhammad Ramzan Buriro, 20. GBPS Dr. Sohrab Khan Sarki, 21. GBPS Qadir bux Mahar, 22. GBPS Kot Jangoo, 23. GBPS Jam Channo, 24. GBPS Ghunia, 25. GBPS Muhammad Ramzan Golo, 26. GBPS Abdul Ghani Khoso (26 Units) (SDG#4).",5,17,Approved,25.03.24,Jun-27,95.692,100.0,,2026-2027,
356,SEDEE-PP-23-0047,356,"Repair / Rehabilitation / Construction of Existing Primary / Elementary Schools (Rain / Flood Affected 2022)” 1. GBPS Rizwan Qayoomabad Korangi 2. GGPS No.1 Landhi No.6. 3. GGLSS No.5, K-Area Landhi 4. GBLSS Drigh Public, Shah Faisal Colony 5. GB/GPS F-Area Malir (05 Units) (Revised on 28.04.2025).",5,17,Approved,04.01.24,Jun-28,120.403,39.1,,2026-2027,
357,SEDEE-PP-23-0048,357,Repair / Rehabilitation of Existing Primary / Elementary Schools (06 units) (SDG#4) (i) GGPS Khudad Colony Jamshed Town (ii) GGPS Jutline No.1 Jamshed Town (iii) GGPS B.Y.J Urdu Jamshed Town (iv) GBPS Saleh Muhammad Goth Gulshan-e-iqbal (v) GBPS D.B Advani Gulshan-e-iqbal (vi) GBLSS Fateh Muhammad Gabol Gulshan-e-iqbal (Revised,5,17,Approved,04.03.24,Jun-28,115.493,37.7,,2026-2027,
358,SEDEE-PP-23-0049,358,on 07.05.2025). Repair / Rehabilitation of Existing Primary / Elementary Schools (i) GGPS Haji Mulla Hassan (ii) GBPS Ghousia Chowk (iii) GBPS Muhammad Hussain Brohi (SDG#4) (Revised on 07.05.2025).,5,17,Approved,27.03.24,Jun-28,116.549,36.5,,2026-2027,
359,SEDEE-PP-23-0050,359,"Repair / Rehabilitation of Existing Primary / Elementary Schools (Rain / Flood Affected 2022)” (I) GGPS 15-A, Bufferzone (II) GGPS Unit No.1 (III) GBPS J/M Quba, Block -22 F.B Area (IV) GBPS ST-11. Sohrab Goth (V) GBPS Town Committee 5/G (VI) GGPS Sector-11, Azizabad (06 Units) (SDG#4) (Revised on 07.05.2025).",5,17,Approved,22.03.24,Jun-28,123.620,43.5,,2026-2027,
360,SEDEE-PP-23-0051,360,Repair / Rehabilitation of Existing Primary / Elementary Schools (Rain / Flood Affected 2022)” (i) GBPS Marry Dail (ii) GBPS Ranchor Line (iii) GBPS Shireen Jinnah (iv) GBLSS Railway Feeder (04 Units) (SDG#4).,5,17,Approved,21.03.24,Jun-27,63.316,100.0,,2026-2027,
361,SEDEE-PP-23-0052,361,Repair / Rehabilitation of Existing Primary / Elementary Schools (06 units) (SDG#4) (i) GBPS Dawood Usman Jatt Ibrahim Hydri (ii) GGPS No. 3 Ibrahim Hydri (iii) GBPS Ibrahim Hydri Rana Liaquat (iv) GBPS Mir Khan Goundar (v) GBPS Rustam Balouch Gadap (iv) GBPS Lal Bux Kachelo (Revised on 06.05.2025).,5,17,Approved,28.03.24,Jun-28,132.066,32.3,,2026-2027,
362,SEDEE-PP-23-0053,362,Repair / Rehabilitation of Existing Primary / Elementary Schools (SDG#4) 1. GBPS Orangi No.05 2. GGPS Qasba No.1 3. GBPS Eastern Public 4. GGPS Noorani Rashidabad 5. GBPS Khyber Muslim 6. GBPS New Saeedabad 7. GBPS Sahahi No.01 8. GBPS R.B Shiva Ram 9. GBPS LERP Musharaf Colony (09 Units) (Revised on 07.05.2025).,5,17,Approved,04.01.24,Jun-28,114.647,41.1,,2026-2027,
363,SEDEE-PP-23-0055,363,Construction / Reconstruction of Existing Primary / Elementary Schools (Rain / Flood Damaged 2022) (SDG#4) 1. GBPS Buksho Laghari 2. GGPS Bhindo Sharif 3. GBPS Baghwah @ Qadi Bux Solangi 4. GBPS Moolan 5. GBPS Dilo Deh Gujjo 6. GBPS Ali Bux Gopang 7. GBPS Ali Muhammad Khaskhely 8. GBPS Abdul Noonari 9. GGPS Tando Fazal (09 Units).,5,17,Approved,28.03.24,Jun-28,77.909,100.0,,2026-2027,
364,SEDEE-PP-23-0056,364,Construction / Reconstruction of Existing Primary / Elementary Schools (SDG#4) (Rain / Flood Damaged 2022) (SDG#4) 1. GBPS Baag Ali Qureshi 2. GBPS Ahmed Khan Dawach 3. GBPS Dato Shahani 4. GBPS Chini 5. GBPS Jan Muhammad Rodnani 6. GBPS Allah Dino Khoso 7. GGPS Ladhan 8. GBPS Loolja 9. GBPS Fatehpur 10. GGPS Pateji 11. GBPS Imam Bux Janwary 12. GGMS Sobho Khan Magsi 13. GGELS Butt Sirai 14. GBPS Ghulam Janwary (14 Units).,5,17,Approved,27.03.24,Jun-27,79.037,100.0,,2026-2027,
365,SEDEE-PP-23-0057,365,Repair / Rehabilitation of Existing Primary / Elementary Schools (Rain / Flood Affected 2022)” 1. GGPS Penar Hamopota 2. GBPS Sawan Khan Hajano 3. GBPS Haji Ahmed Ali Sanjrani 4. GBPS Dodo Mangwano 5. GBPS Dabhri 6. GBPS Sandhan 7. GBPS Dural Khan Khoso 8. GGPS Mulan Sawani 9. GBPS AL- Bilawal Kaka 10. GBPS Pahar Jamali 11. GBPS Ali Khan Jamali 12. GBPS Ghulam Hussain Hajano (12 Units) (SDG#4).,5,17,Approved,21.03.24,Jun-27,78.243,100.0,,2026-2027,
366,SEDEE-PP-23-0059,366,Construction / Reconstruction of Existing Primary / Elementary Schools (SDG#4) (Rain / Flood Damaged 2022). 1. GBPS Dur Muhammad Rind 2. GBPS Hassan Abad Farm 3. GBPS Muhammad Thebo GBPS Achar Thebo 5. GBPS Zardari Colony 6. GBPS Memon Mohalla T.A Yar 7.GBPS Main Sindhi Chamber (07 Units).,5,17,Approved,28.03.24,Jun-27,62.455,100.0,,2026-2027,
367,SEDEE-PP-23-0060,367,Construction / Reconstruction of Existing Primary / Elementary Schools (SDG#4) (Rain / Flood Damaged 2022). 1. GBPS Khanpur 2. GBMS Gul Muhammad Brohi 3. GBPS Bajara 4. GBPS Syed Peeral Shah 5. GGPS BUBAK 6. GBPS Khair Muhammad Thebo 7. GGPS KALRI 8. GBPS Ramzan Khaskheli (08 Units).,5,17,Approved,04.01.24,Jun-27,78.490,100.0,,2026-2027,
368,SEDEE-PP-23-0061,368,Construction / Reconstruction of Existing Primary / Elementary Schools (SDG#4) (Rain / Flood Damaged 2022). 1. GGPS Haji Ibrahim Panhwar 2. GBPS Main Sindhi 3. GBPS Budhal Panhwar 4. GBPS Gul Mohammad Talpur 5. GGPS Karim Bux Jamali Ward No: 02 6. GBPS Chanesar Soomro Ward No: 06 7. GBPS Bohro Sahib Khan 8. GBPS Ganhwar Jamali 9. GBPS Soomar Junejo 10. GBPS Umeed Ali Shah 11. GBLSS Dr. Mohammad Hassan Mallah 12. GBPS Juman Junejo 13. GBPS Ghazi Khan Mazari 14. GBPS Chakar Khan Kaloi 15. GPS Abdullah Mandhro 16. GPS Bhai Colony 17. GBPS Achar Kamdar 18. GGPS Allah Bachayo Rahimo (18 Units).,5,17,Approved,04.01.24,Jun-28,99.098,47.9,,2026-2027,
369,SEDEE-PP-23-0062,369,(Revised on 24.04.2025). Construction / Re-Construction of Existing Primary / Elementary Schools (10 Units) (Rain / Flood Affected 2022)” 1. GGPS Babu Chutto 2. GGPS Chanchar Redhar 3. GGPS Sonda. 4. GGPS Khamiso Shoro. 5. GGLSS Abdul Qadir Lashari. 6. GBPS Usman Otho. 7. GGPS Kar Shah. 8. GBPS Haji Saleh Jat. 9. GGPS Jumoon Karmoon. 10. GMS Dhandari. (SDG#4) Construction / Reconstruction of Existing,5,17,Approved,04.05.24,Jun-27,77.106,100.0,,2026-2027,
370,SEDEE-PP-23-0063,370,Primary / Elementary Schools (14 Units) (Rain / Flood Affected 2022)” 1.GBPS Mian Usman Ja Quba 2. GBPS Haji Shafi Muhammad Jat 3. GBPS Aseelo Lodho 4. GBPS Haji Lakha Dino Jatt 5. GBPS Haji Ishaque Thateem 6. GBPS Ahmed Jat Baghi 7. GBPS Soomar Nonari 8. GBPS Pir Muhammad Banbhro 9. GBPS Muhammad Khan Majeedi 10. GBPS Ismail Khudai 11. GBPS Rahib Amro 12. GBPS Haji Saleh Merakhor 13. GBPS Murad Pur 14. GBPS Faiz Muhammad Jatt. District Sujawal. (SDG#4),5,17,Approved,04.05.24,Jun-27,62.493,100.0,,2026-2027,
371,SEDEE-PP-23-0064,371,Construction / Reconstruction of Existing Primary / Elementary Schools (11 Units) (SDG#4) (Rain / Flood Damaged 2022). I. GGPS - Lakho Shah II. GBPS - Shah Bux Lashari IIII. GBPLS - Ghulam M. Jarwar IV. GBPS - Digri Main V. GBPS - Phulladiyoon (SINDHI) VI. GBPS - Mahraj Nadi Ram VII. GBPS - Tharo Khan Leghari VIII. GGPS - Khan Muhammad Shah IX. GBPS - Yaqoob KApri IX. GBPS - Muhammad Uris Khaskhely XI. GBPS - Muhammad Siddique Siddique Lashari Construction / Reconstruction of Existing,5,17,Approved,04.01.24,Jun-27,78.062,100.0,,2026-2027,
372,SEDEE-PP-23-0065,372,Primary / Elementary Schools (Rain / Flood Damaged 2022) (SDG#4) 1.GES Usman Paro Udani 2. GBLSS - Tabho Megwar 3. GBLSS Godhiyar 4. GGPS Rais Achar Khan Colony Mithi 5. GBLSS Gulo Jo Tar 6. GGPS Veejhniari 7. GBLSS - Man Bai Jo Tar 8. GBLSS Dhori 9. GBPS Rano Paro 10. GBPS Harijan Colony Meenhal Bajeer 11. GBPS Luqmanani 12. GBPS Moosa dhani 13. GBPS Pabe Jo Par 14. GBLSS Dhabhrio Ismail 15. GBLSS - Seengalo 16. GBLSS - Arokhi 17. GBPS Haji Hussain Paro Khakhaniar . 18. GBPS Ismail Abad 19. GGPS Kaloi Main 20. GBPS Arbab Farm Dodharo 21. GBLSS Sokhru 22. GBLSS Muhammad Khan 23. GPS,5,17,Approved,28.03.24,Jun-27,76.126,100.0,,2026-2027,
373,SEDEE-PP-23-0067,373,Kolhi Colony Mithi (23 Units). Construction / Reconstruction of Existing Primary / Elementary Schools. (12 units) (Rain / Flood Damaged 2022) (SDG#4) 1.GBPS Bakhshan Khan Kaloi 2.GBPS Abdul Haque Lakhmir 3.GBPS Faiz Muhammad Bhangwar 4.GPS Mehiwal Khan Mari 5.GBMS Gul Hassan Kerio 6.GGPS Dalel Dero 7.GBPS Khawasti Brohi 8.GBPS Gul Baig Lund 9.GBPS Sattar Dahri 10.GBPS Noor Muhammad Ja Kubba 11.GBPS Bado Dahri 12. GGPS Ismail Kerio,5,17,Approved,03.08.24,Jun-27,76.195,100.0,,2026-2027,
374,SEDEE-PP-23-0068,374,Construction / Reconstruction of Existing Primary / Elementary Schools. (19 units) (Rain / Flood Damaged 2022) (SDG#4) (i) GBPS. Landhi. (ii) GGPS. Mitho Khoso (iii) GBPS. Essa Wassan (iv) GBPS. Khamiso Khan Sanjrani (v) GBPS. Sarang Dahri (vi) GBPS. Hussain Bux Jariko (vii) GBPS. Wali Bux Burdi (viii) GBPS. Kandiari (ix) GPS. Abdul Salam Buzanjo (x) GPS. Tagyo Chandio (xi) GBPS. Baka Muhammad Halepoto (xii) GPS. Muhammad Allam (xiii) GGPS. Ghazi Khan Mari (xiv) GGPS. Darya Khan Baladi (xv) GBPS. Ali Akbar Shar (xvi) GBPS. Gohram Shar (xvii) GBPS. Deh 39 Jamrao (xviii) GPS. Chuttan Sahito (xix) GPS. Nawab Fazal at M. Ibrahim Mahar,5,17,Approved,21.03.24,Jun-27,78.158,100.0,,2026-2027,
375,SEDEE-PP-23-0069,375,Construction / Reconstruction of Existing Primary / Elementary Schools. (22 units) (Rain / Flood Damaged 2022) (SDG#4) 1. GBPS Khahi Rahoo 2. GBPS Fatehpur 3. GBPS Tharushah (O.C) 4. GBELS Hareepur Tharushah 5. GBPS Sher Muhammad Mamar 6. GBPS Kamal Larau 7. GBPS Fazul Abro 8. GBPS Qasim Channa 9. GBPS Mirzanpur 10. GBPS Mukhtiarabad 11. GBPS Khuda Bux Jalbani 12. GBPS Gahi Rahoo 13. GBLSS Achar Banbhan 14. GBPS Cheeho 15. GBPS Mehmood Memon 16. GBPS Noor Muhammad Memon 17. GBPS H. Muhammad Siddiq Chhajro 18. GBPS Muhammad Hassan Bhatti 19. GBPS Dariya Khan Mari 20. GBLSS Tagar New 21. GBELSS Ubhrio 22. GBPS Jaindo Rajper M.pur (22 Units) (SDG#4).,5,17,Approved,27.03.24,Jun-27,93.164,100.0,,2026-2027,
376,SEDEE-PP-23-0070,376,Construction / Re-Construction of Existing Primary / Elementary Schools (Rain / Flood Affected 2022)” 1. GBPS Gole Takri 2. GBPS Old Sukkur Block -A 3. GBPS Nasir Abad 4. GGELS Kot Mir Yaqoob Ali Shah 5. GBPS Ali Sher Shah 6. GGPS Jumo Bhutto 7. GBPS Ilyas Indhar 8. GBPS Adam Indhar (08 Units) (SDG#4). Construction / Reconstruction of Existing Primary / Elementary Schools. (25 units) (Rain,5,17,Approved,25.03.24,Jun-27,78.063,100.0,,2026-2027,
377,SEDEE-PP-23-0071,377,/ Flood Damaged 2022) (SDG#4) 1.GGELS Osta Gahi 2.GGPS Nauraja 3.GBPS Ahmed Khan Cheema 4.GBPS Kingri 5.GBPS Sikander Abad 6.GBPS Khalifo Muhamamd Ramzan Kandhro 7.GBPS Dhup Waro 8.GBPS Wada Bhatti 9.GBPS Faqir Noor Muhammad Larik 10 GBPS Sadiq Kanbar 11.Fateh Ali Chandio 12.GBPS Darya Khan Gaho 13.GBPS Dargah Shah Rashid 14.GBPS Pathan Khan Jamro 15.GBPS Ghulam Qasim Khaskheli 16.GGPS Malheer Pata 17.GBPS Circle Chodaho 18.GBPS Menhoon Khan 19.GBPS Allah Wasayo Bhatti 20.GBELS Seri 21.GBPS Qadir Bux Jogi 22. GBPS Nandhi Thari 23. GBPS Ghulam Akbar Jogi 24. GBPS Karam,5,17,Approved,29.03.24,Jun-28,149.495,36.7,,2026-2027,
378,SEDEE-PP-23-0072,378,Khan Rajpar 25. GGPS Mori. Construction / Re-Construction of Existing Primary / Elementary Schools (Rain / Flood Affected 2022)” 1. GBPS Dari 2. GGPS Mor Dayo 3. GBPS Wali Muhammad Joyo 4. GBPS Budho Jhatyal 5. GBPS Razoo Mahar 6. GBPS Panjal Sahto 7. GBPS Yar Muhammad Bozdar 8. GBPS Almani 9. GBPS Faqeer Ghulam Nabi 10 GBPS Sanko 11. GBPS Soofi Rasoolpur 12. GBLSS Ghulam Nabi Rajar 13. GGPS Bux Chachar 14. GGPS Ibrahim Shar 15. GGLSS Retti (15 Units) (SDG#4).,5,17,Approved,25.03.24,Jun-27,78.792,100.0,,2026-2027,
379,SEDEE-PP-23-0073,379,"Construction / Reconstruction of Existing Primary / Elementary Schools (Rain / Flood Damaged 2022) (SDG#4). 1. GBPS Sanwal Gopang, 2. GBPS Pir Bux Bhutto 3. GBPS Sevo Labano 4. GBPS Gabar 5. GBPS Ali Hassan Umrani 6. GBPS Channa Muhalla Badeh 7. GBPS Dokri Main 8. GGPS Dokri Main 9. GBPS Miandad Khakhrani 10 GGPS Hasu Jatoi 11. GBPS Muhammad Peryal Korkani 12.GBPS Cattle Colony 13. GBPS Panjoodero (13 Units).",5,17,Approved,29.03.24,Jun-27,75.101,100.0,,2026-2027,
380,SEDEE-PP-23-0074,380,"Construction / Reconstruction of Existing Primary / Elementary Schools 1. GBPS Ali Khan 2. GBPS Abdul Karim Khoso 3. GBPS Noor-ul-Huda Shah 4. GBPS Muhammad Soomr 5. GBPS Muhammad Qasim Khoso 6. GGPS Jara Wahoocha 7. GBPS Memon 8. GBPS Khan Jatoi 9. GBPS Rawal Kalhoro & 10. GBPS Muradi Taluka Kamber, Qubo Saeed Khan, Mirokhan & Nasirabad (10 Units) (SDG #4) (Revised Date: 22-05-2026 Capital: 71.10",5,17,Approved,26.03.24,Jun-27,71.099,100.0,,2026-2027,
381,SEDEE-PP-23-0075,381,Revenue: 0.00 Total Cost: 71.10) Construction / Reconstruction of Existing Primary / Elementary Schools (Rain / Flood Damaged 2022) (SDG#4) 1. GBPS Sultan Kot 2. GBPS Khanpur Sindhi 3. GBPS Ali Hasan Jatoi 4. GBLSS Mari (04 Units) (SDG.4) (Revised Date: 13-03-2026 Capital: 79.42 Revenue: 0.00 Total Cost: 79.42),5,17,Approved,29.03.24,Jun-27,79.423,100.0,,2026-2027,
382,SEDEE-PP-23-0076,382,"Construction / Reconstruction of Existing Primary / Elementary Schools (21 units)(Rain / Flood Damaged 2022).(SDG#4) GPS Faiz Muhammad Dahni,GPS Molvi Siraj Din Khoso,GPS Mir Shabir Ali Khan,GPS Haibat Shaheed,GBPS Gurdo,GBPS Mir Nasrullah Khan,GBPS Haji Ghous Bux Khan Bijarani,GBPS M.Usman Khoso (Tangwani),GBPSAgan Khan Golato,GPS Ahmedan Khan Bangwar,GBPS Abdul Haque Khan Bijarani,GBPS M.Yaqoob Lolai, GBPS Sahab Khan Dadupota,GGPS Darri,GPS Abdul Ghani Khoso, GPS Allahdad,GGPS Din Mohammad Naich,GPS Wadhayo Mazari,GPS Haji Sulaiman Khoso,GPS Suleman Mazari, GBPS Mir Mohammad Lashari",5,17,Approved,29.03.24,Jun-27,62.168,100.0,,2026-2027,
383,SEDEE-PP-23-0077,383,"Construction / Reconstruction of Existing Primary / Elementary Schools (16 units)(Rain / Flood Damaged 2022) (SDG#4) GBLSS Family Line Jacobabad, GBPS Phool Bagh, GGMS Bhaledino Abad, GBPS Dilmurad Khoso @ Mir Bashir Khan Jakhrani, GGPS Garhi Khairo-II, GBPS Mitho Brohi, GBLSS Jam Khan Mirjat, GGPS Amir Abad @ Suhno Khan Lohar, GBPS Noor Hassan Jamali, GBPS Dur Muhammad Brohi, GBPS Karam Ali Lashari, GBPS Mir Hassan Daho, GBPS Khamiso Bumbal, GBPS Chandan, GBPS",5,17,Approved,25.03.24,Jun-27,79.325,100.0,,2026-2027,
384,SEDEE-PP-23-0078,384,"Muhammad Ishaq Bhatti, GBPS Muhammad Idrees Noonari, Construction / Reconstruction of Existing Primary / Elementary Schools (i) GGPS 35-C Korangi (ii) GBPS Paris Mill Landhi (iii) GGLSS Saadi Shah Faisal Colony (iv) GBPS F-1 Area Malir (4 units)(SDG#4) (Revised on 28.04.2025).",5,17,Approved,04.03.24,Jun-28,148.467,39.3,,2026-2027,
385,SEDEE-PP-23-0079,385,Construction / Reconstruction of Existing Primary / Elementary Schools. (i) GBPS Jut Line No.1 Jamshed Town (ii) GBPS Flower Line Jamshed Town (iii) GBSS Zafar Academy Ghazi Goth Gulshan-e-Iqbal Town (iv) GGPS Safoora Goth Gulshan-e-Iqbal (04 units)(SDG#4) (Revised Date: 13-05-2026 Capital: 92.16 Revenue: 0.00 Total Cost: 92.16),5,17,Approved,04.03.24,Jun-27,92.163,100.0,,2026-2027,
386,SEDEE-PP-23-0081,386,Construction / Reconstruction of Existing Primary / Elementary Schools (Rain / Flood Affected 2022)” (I) GBPS Ain-E-Noor Sector 5/G (II) GGPS Moosa Goth (02 Units) (SDG#4). (Revised on 06.05.2025).,5,17,Approved,22.03.24,Jun-28,131.161,48.8,,2026-2027,
387,SEDEE-PP-23-0082,387,Construction / Reconstruction of Existing Primary / Elementary Schools (i) GGLSS Gizri (ii) GGLSS Haji Ghulam Rasool Balouch (02 units)(SDG#4) (Revised on 06.05.2025).,5,17,Approved,21.03.24,Jun-28,140.534,40.9,,2026-2027,
388,SEDEE-PP-23-0083,388,Construction / Reconstruction of Existing Primary / Elementary Schools. (SDG#4) 1. GBLSS Huriyat Pir Sarhandi 2. GBPS Bahar-e- Madina Ibrahim Hydri 3. GGLSS Dumloti Well No.8 4.GGLSS Mulla Faiz Muhammad Bikik 5. GBLSS Wariyo Gabol (05 Units) (Revised on 28.04.2025).,5,17,Approved,04.03.24,Jun-28,151.461,31.1,,2026-2027,
389,SEDEE-PP-23-0084,389,Construction / Reconstruction of Existing Primary / Elementary Schools (03 units) GBPS Koken No.02 (II) GBPS Tikri Village (III) GBPS Chowdery (SDG#4) (Revised on 07.05.2025).,5,17,Approved,27.03.24,Jun-28,116.032,40.7,,2026-2027,
390,SEDEE-PP-23-0085,390,Reconstruction of Govt. Main Primary Girls School and Govt. Primary School Parshla Umerkot (02 Units) (SDG#4).,5,17,Approved,22.03.24,Jun-27,90.866,100.0,,2026-2027,
391,SEDEE-PP-23-0087,391,Programme for Flood Response Through Reconstruction of Education Facilities in Sindh (Assisted by JICA) (JICA Share Rs. 1424.218 + GoS Share Rs. 142.410 million).,5,17,Approved,17.05.23,Jun-27,142.410,100.0,,2026-2027,
392,SEDMI-PP-15-0006,392,Construction of Education Complex Karachi (C: 1101.058 + R: 3.391) (Revised on 11.03.16) (SDG#4),5,18,Approved,07.11.07,Jun-28,1104.449,2.0,,2026-2027,U/R
393,PNDPR-PP-20-0118,393,Establishment of Government Secondary School (Boys & Girls) in Chuhar Jamali Sujawal District (RGC) (Revised on 29.07.2025). (Revised Date: 26-07-2025 Capital: 474.07 Revenue: 22.60 Total Cost: 496.68),5,18,Approved,31.12.20,Jun-28,496.676,33.4,,2026-2027,
394,SEDMI-PP-21-0219,394,Repair / Rehabilitation/ Reconstruction of field offices of Education & Literacy (SDG#4) (Revised on 24.04.2025).,5,18,Approved,17.09.21,Jun-28,198.469,41.6,,2026-2027,
395,SEDMI-PP-21-0222,395,Rehabilitation / Repair of Existing Primary / Elementary/ Secondary Schools of District Shaheed Benazirabad (62 Units) (SDG#4),5,18,Approved,30.11.21,Jun-27,259.657,100.0,,2026-2027,U/R
396,SEDMI-PP-21-0227,396,Rehabilitation of Existing Primary / Elementary / Secondary Schools (51 Units) (SDG#4),5,18,Approved,28.01.22,Jun-28,203.297,81.0,,2026-2027,U/R
397,SEDMI-PP-21-0228,397,Remaining work of Existing Primary / Elementary / Secondary Schools (50 Units) (SDG#4),5,18,Approved,28.01.22,Jun-28,285.339,57.8,,2026-2027,
398,SEDMI-PP-21-0229,398,Remaining work of Existing Primary / Elementary / Secondary Schools (43 Units) (SDG#4),5,18,Approved,04.05.22,Jun-28,197.520,52.1,,2026-2027,
399,SEDMI-PP-21-0230,399,Rehabilitation of Existing Primary / Elementary / Secondary Schools (124 Units) (SDG#4),5,18,Approved,14.12.21,Jun-28,399.971,66.1,,2026-2027,
400,SEDMI-PP-21-0233,400,Provision of Additional & Facilities /Rehabilitation / Reconstruction at GGPS Hoat Khan Jalbani & GHS Hoat Khan Jalbani N.Feroze (02 Units) (C:128.049 + R: 3.961) (SDG#4) (Revised on 13.02.23),5,18,Approved,17.09.21,Jun-28,132.010,64.4,,2026-2027,
401,SEDMI-PP-21-0238,401,Construction of Shelterless Building for Government Primary Schools of Taluka Kashmore (13 Units) (C:47.824 + R:6.500) (SDG#4),5,18,Approved,02.12.21,Jun-28,54.324,88.0,,2026-2027,U/R
402,SEDMI-PP-21-0240,402,Construction / Re-construction of Govt. Boys High School Matli City (01 Unit) (SDG#4) (Revised on 21.09.2023),5,18,Approved,05.11.21,Jun-28,304.413,87.3,,2026-2027,U/R
403,SEDMI-PP-22-0206,403,Provision of Drinking Water / Wash Room & Compound wall in Existing Primary / Elementary / Middle / High Schools (SDG#4),5,18,Approved,23.12.22,Jun-28,59.994,100.0,,2026-2027,
404,SEDMI-PP-22-0230,404,Provision of Drinking Water / Wash Room & Compound wall in Existing Primary / Elementary / Middle / High Schools (SDG#4) (Revised on 06.05.2025).,5,18,Approved,11.10.22,Jun-27,97.712,100.0,,2026-2027,
405,SEDMI-PP-22-0237,405,Construction / Reconstruction of Building for Existing Shelterless Primary Schools (SDG#4) (C:114.836 + R:7.500),5,18,Approved,26.12.22,Jun-28,122.336,93.9,,2026-2027,
406,SEDMI-PP-22-0239,406,Rehabilitation / Construction / Reconstruction & Provision of Additional Facilities in Existing Primary / Elementary / Secondary Schools of Taluka Rohri & Saleh Pat (SDG#4),5,18,Approved,16.01.23,Jun-27,94.631,100.0,,2026-2027,
407,SEDMI-PP-22-0241,407,Establishment of Comprehensive High Schools in Sindh (10 Units) (SDG#4) (C:2575.057 + R:410.443),5,18,Approved,21.12.22,Jun-28,2985.500,67.4,,2026-2027,
408,SEDMI-FP-22-0242,408,Up-grading Primary Girls Schools into Elementary Schools in Rural Areas of Sindh (Assisted by JICA) Total Cost: 570.625 M (JICA Assistance 2287.248 M & G.O.S Share Rs. 248.273 M).,5,18,Approved,28.10.22,Jun-27,248.273,100.0,,2026-2027,
409,SEDMI-PP-22-0243,409,Rehabilitation / Reconstruction and Provision of allied facilities in Cluster / Consolidated Schools in District Shikarpur & Kandhkot Being Managed By Sindh Rural Support Organization (SRSO) (SDG#4) (C:265.615 + R:40.00).,5,18,Approved,26.04.23,Jun-28,305.615,25.1,,2026-2027,
410,SEDMI-PP-22-0244,410,"Rehabilitation / Renovation / Addition of classrooms of Secondary Heritage School (i) GGSS New Ranchore Line (ii) GBSS Kotwal Building (iii) GBSS S.M Liyari, Sadar and Liyari Town Karachi (03 Units) (SDG#4). (Revised on 06.05.2025).",5,18,Approved,11.10.22,Jun-28,172.865,47.6,,2026-2027,
411,SEDMI-PP-22-0260,411,Construction of Hostel Block at IBA Public School Sukkur (SDG#4) (Revised on 28.04.2025).,5,18,Approved,14.02.23,Jun-28,95.201,37.7,,2026-2027,
412,SEDMI-PP-23-0197,412,Establishment of Girls Community Model School at Ratodero (SDG#4) (Revised on 08.05.2025)..,5,18,Approved,03.11.24,Jun-28,175.399,30.4,,2026-2027,
413,SEDMI-PP-23-0198,413,Restoration of Historical Building of Pilot GBHSS Larkano (SDG#4) (Revised on 22.11.2024)..,5,18,Approved,29.03.24,Jun-27,94.210,100.0,,2026-2027,
414,SEDMI-PP-23-0200,414,Up-gradation of Primary / Elementary Schools (Rain / Flood Affected 2022)” (i) GBPS Jat Bhutto (ii) GBPS Pir Jan Muhammad (iii) Bhooreja Bhan (iv) GBPS Saro Burdi (04 Units) (SDG#4).,5,18,Approved,25.03.24,Jun-27,99.512,100.0,,2026-2027,
415,SEDMI-PP-23-0201,415,Up-gradation of Middle Schools to High Schools District Larkano (03 Units) (i) GBMS Moria Faqeer (ii) GBLSS Gund (iii) GBLSS Sher Muhamamd Maheri (SDG#4). (Revised Date: 09-04-2026 Capital: 184.09 Revenue: 4.80 Total Cost: 188.89),5,18,Approved,26.03.24,Jun-27,188.889,100.0,,2026-2027,
416,SEDMI-PP-23-0204,416,Construction of Shelterless School Building (i) GPS Rafique Rajper (ii) Up-gradation Primary to Elementary School at GGPS Sijawal Faqeer Lashari & (iii) Rehabilitation and Addition of 04 Class Rooms at GBHS Zafar Abad (SDG#4) (Revised Date: 22-05-2026 Capital: 56.04 Revenue: 2.61 Total Cost: 58.65),5,18,Approved,08.03.24,Jun-28,58.647,95.5,,2026-2027,
417,SEDMI-PP-23-0205,417,Construction of New Hostel Block at Quaid-e- Azam Public School Gadap Town Karachi. (SDG#4),5,18,Approved,04.03.24,Jun-28,155.608,39.3,,2026-2027,U/R
418,SEDMI-PP-23-0207,418,Construction of Govt. Girls Higher Scondary School Dhamrah Taluka Larkano (SDG#4) (Revised on 08.05.2025).,5,18,Approved,21.03.24,Jun-28,154.204,68.1,,2026-2027,
419,SEDMI-PP-23-0208,419,Construction of Building for Higher Secondary School Belharo Taluka Gambat (SDG#4) Rehabilitation / Renovation and Provision of Additional Facilities in various Schools of,5,18,Approved,21.03.24,Jun-27,69.677,100.0,,2026-2027,U/R
420,SEDMI-PP-23-0209,420,District Umerkot 1. GBHS Kharoro Syed 2. GGHS Shadi Palli 3. GGHS Pithoro 4. GBHS Nabisar Town 5. GBHS Nabisar Road 6. GBHS Bandeh Ali Rahoo 7. GGHS Samaro Town 8. GBHS Samaro Road 9. GGHS Samaro Road 10. GBHS Ghulam Nabi Shah 11. GBHS Padhrio Farm 12. GGHS Ghulam Nabi Shah 13. GGHS Soofi Faqir 14. GGHSS : Ghazali 15. GBHS No.02 16. GGHS Mahendre Jo Par 17. GBHS Vehro Kumbhar 18. GBHSS Fazal E Umar 19. GBHSS Qazi Sultan (SDG#4).,5,18,Approved,03.11.24,Jun-28,449.062,30.1,,2026-2027,
421,SEDMI-PP-23-0210,421,"Up-lifting and Provision of Essential Amenties / Allied Facilities in Various Schools of Shaheed Benazirabad 1.GBHS Niazi Khan Siyal 2.GGHS 60-Mile 3.GBHS Gupchani 4.GGHS Afzal Shah Colony Nawabshah 5.GGHS Hassan Jamali 6.GGHS Majeed Kerio 7.Govt. H.M Khoja (G.P) High School No. 2 (Willis Branch) Nawabshah 8. Lakha Abad 9.GBPS Niazi Khan Siyal 10.GGMS Himmat Ali Shah 11.GBHS Soomar Khan Korai 12.GBHS Chak-3, 13.GBMS Awami Colony Nawabshah 14. GBMS Muhammad Saleh Billoo 15.GBMS Azeem Abad 16.GBHS Bucheri 17.GBMS Dost Muhammad Hisbani 18.GBMS Bakhsho Jamali 19.GBHS Syed Khairshah 20.Govt. H.M Khoja D.C H.S-1 N.Shah 21.GBHS Muslim Nawabshah 22.GBHS Allah Rakhio Kanio 23.GBMS Baloo Ja Kubba 24.GBPS Baloo Ja Kubba 25.GBPS Habibullah Khaskheli 26.GBMS Mevo Khan Mashori 27.GGPS Baloo Ja Kubba 28.GBHS Mehar Ali Jamali 29.GBMS Gabar Dahri 30.GBMS Miskeen Mallah 31.GBPS Muhammad Siddique Rajpar 32.GBHS Daulatpur 33.GBHS Ghullam Muhammad Panjabi 34.GBPS Samandar Khan 35.GBMS Afzal Brohi 36.GBPS Chak-8 Navy 37.GGPS Chak-3 38.GBPS Mir Muhammad Mashori 39.GBPS Dur Muhammad Sethar 40.GBPS Jan Muhammad Zardar (SDG#4)",5,18,Approved,03.11.24,Jun-28,391.214,34.1,,2026-2027,
422,SEDMI-PP-23-0211,422,"Restoration of Rain Damaged Primary , Middle, High & Higher Secondary Schools and Provision of Additional Facilities Taluka Ratodero, Larkano, Dokri & Bakrani , GGPS Balani Tagar, GBPS Moria Faqeer, GBPS Pagaro Bhutto, GBLSS BhooNbhantpur, GGPS Kot Bhutto, GBPS Ganhwar Bhatti, GBPS Shahmeer Khan Lashari, GGPS Nau Goth, GBPS Pir Jeewan Shah, GBPS Sodho Jeho, GGPS Main Naudero, GBPS Khan Wah, GBPS Naudero-2, GBPS Naudero-3, GGPS Gharibabad, GBPS Mohil, GGHS(S.S) Banguldero, GBHS Lashari, GBHS Agham-II, GGMS Khairodero, GBPS Ghotia Faqeer, GBPS Nandha Bosan, GGPS Ali Baig Kodrani, GBPS Ali Baig Kodrani, GBPS Kamal Khan Chandio, GBOS Mehar Buriro, GBPS Abdul Rasheed Brohi, GGPS Mubarak Shah, GGPS Pathan, GBMS Bakher Karira, GBPS Ali Abad, GBPS Yaqoob Kalhoro @ Golo Jatoi, GBPS Samtia, GBPS Fatehpur, GGPS Ali Khan Jiskani, GBPS Qaboolo, GGMS Karani, GBPS Dahar Muhalla Karani-II, GGPS Murad Wahan, GBPS Siddique Colony, GBMS Kanga, GBHS Dhamrah, GGHS Dhamrah, GBHS Agani, GBHS Shaikh Zaid Colony, GGHS Munawarabad, GBHS Mahota (SDG#4).",5,18,Approved,03.11.24,Jun-28,445.302,26.2,,2026-2027,
423,SEDMI-PP-23-0214,423,"Construction of New School Building and Repair of Old Schools in Taluka Shahdadkot, Qubo Saeed Khan & Sijawal Junejo (SDG#4) A- Construction of school building: GBPS Village Abdul Ghafoor Magsi (Hesbani), UC Aitebar Khan Chandio, Taluka Shahdadkot – GBPS Rais Allah Dad Magsi, UC Bagho Dero, Tluka Qubo Saeed Khan - GBPS Ali Gohar Magsi, UC Bagho Dero, Tluka Qubo Saeed Khan - GBPS Village Muhammad Khan Magsi, UC 05 Seelra, Taluka Shahdadkot - GBPS Muhammad Ramzan Magsi, UC Mastoi, Tluka Sujawal B- Re-Construction Medium / Primary - GBPS Aitbar Magsi, Taluka Qubo Saeed Khan - GBPS Jan Muhammad Khoso , Taluka Qubo Saeed Khan - GBPS Sikandar Ali magsi, Taluka Qubo Saeed Khan - GBPS Dur Muhammad Magsi, Taluka Qubo Saeed Khan - GBPS Muhammad Malook Magsi, Taluka Qubo Saeed Khan - GBPS Faqir Abdul Razaq Magsi, Taluka Qubo Saeed Khan - GBPS Ghulam Hyder Jarwar, Taluka Sijawal - GBPS Mehoon Leghari, Taluka Shahdadkot - GBPS Ghulam Nabi Bhurgri, Taluka Shahdadkot -",5,18,Approved,25.03.24,Jun-27,125.130,100.0,,2026-2027,
424,SEDMI-PP-23-0220,424,"GBPS Mevo Khan Brohi, Taluka Qubo Saeed Khan - GBPS Mujahid Junejo, Taluka Sijawal - GBPS Sardar Khan Jamali, Taluka Qubo Saeed Khan (Revised Date: 22-05-2026 Capital: 125.13 Revenue: 0.00 Total Cost: 125.13) Construction / Reconstruction Existing primary / Elementary / Secondary Schools & Provision of Libraries in PS-88. 1. GBPS Maroo Goth 2. GGSS Dur Muhammad Village 3. GBPS Jogi Goth 4. GGLSS Yar Muhammad Village (04 Units) (SDG#4).",5,18,Approved,04.03.24,Jun-27,99.990,100.0,,2026-2027,U/R
425,SEDMI-PP-23-0225,425,Repair / Rehabilitation / Improvement of Various Schools of Taluka Mirpur Sakro (16 Units) 1. GBPS Gul Muhammad Samoon. 2. GBPS Karaful Khaskheli. 3. GBPS Nabu Bux Katyarr. 4. GBPS Nawaz Maheri. 5. GBPS Sajan Jokhio. 6. GBPS Soomar Hulio Hussain Mallah. 7. GGPS Badal Khaskheli @ Dadu Jokhio. 8. GGPS Ibrahim Jokhio. 9. GGPS Mitho Shaikh. 10. GGPS Sajan Kahiyo. 11. GGPS Ali Muhammad Kodan @ Saleh Muhammad Kodhan. 12. GGPS Wali Dad Hadiyo. 13. GGPS Izza Muhammad Jokhio. 14. GGPS Adam Junejo. 15. GGPS Nagena,5,18,Approved,05.04.24,Jun-27,99.370,100.0,,2026-2027,U/R
426,SEDMI-PP-23-0230,426,Colony. 16. GGPS Allah Bachayo Baloch. District Thatta (SDG#4). Rehabilitation / Renovation of No. 1 GHSS Agha Badaruddin Khan Durrani 2. GPS (Men) Agha Sadaruddin Khan Durrani Garhi Yasin. (SDG#4) (Revised Date: 13-05-2026 Capital: 49.05 Revenue: 0.00 Total Cost: 49.05),5,18,Approved,29.03.24,Jun-27,49.050,100.0,,2026-2027,
427,SEDMI-PP-23-0232,427,"Establishment / Construction of Benazir Girls School Daur.Taluka Daur, District Shaheed Benazirabad (SDG#4)",5,18,Approved,18.11.24,Jun-27,759.594,100.0,,2026-2027,
428,SEDMI-PP-23-0234,428,Rehabilitation / Reconstruction of Public School Sukkur (SDG#4) (Revised on 28.04.2025).,5,18,Approved,26.03.24,Jun-27,95.545,100.0,,2026-2027,
429,SEDMI-PP-25-0001,429,Establishment of STREAM Lab in Existing Model Schools (136 Units) (SDG#4),5,18,Approved,09.03.26,Jun-28,1499.994,6.7,,2026-2027,
430,SEDMI-PP-25-0002,430,Provision of Additional Facilities and Renovation of Existing Model High / Higher Secondary Schools (SDG#4),5,18,Approved,09.03.26,Jun-28,1199.965,15.8,,2026-2027,
431,SEDMI-PP-25-0003,431,Establishment of Centralized Financial & Development Data Management and Monitoring Hub of School education & Literacy Department.,5,18,Approved,10.10.25,Jun-28,199.000,50.3,,2026-2027,
432,SEDMI-PP-25-0005,432,"Up-lifting , restoration & provision of essential Amenities / Allied Facilities in Existing Schools of PS-10 Larkano (60 units)",5,18,Approved,22.12.25,Jun-28,499.886,14.5,,2026-2027,
433,SEDMI-PP-25-0006,433,Construction of 03 rooms Shelterless Primary Schools in PS-10 Larkano (09 Units),5,18,Approved,26.08.25,Jun-28,150.000,15.8,,2026-2027,
434,SEDMI-PP-25-0007,434,"Establishment of English Medium Community Model Schools at Village Bangul Dero, Taluka Ratodero",5,18,Approved,25.08.25,Jun-27,96.240,100.0,,2026-2027,
435,SEDMI-PP-25-0008,435,Up-Gradation of Govt Boys High Schools Akil to the level of Higher Secondary Schools PS-10 Larkano,5,18,Approved,25.08.25,Jun-27,100.000,100.0,,2026-2027,
436,SEDMI-PP-25-0009,436,Up-gradation of Primary Schools to Elementary Schools in PS-10 Larkano,5,18,Approved,26.08.25,Jun-28,98.963,17.7,,2026-2027,
437,SEDMI-PP-25-0010,437,"Construction of Additional classrooms in existing Primary / Elementary Schools in Taluka Mithi, Diplo, Chachro & Nangarparkar (SDG#4).. [Ref#37]",5,18,Approved,25.08.25,Jun-27,120.000,100.0,,2026-2027,
438,SEDMI-PP-25-0011,438,Construction of Additional classrooms in existing Primary Schools in Taluka Chachro & Nangarparkar (SDG#4). [Ref#48],5,18,Approved,25.08.25,Jun-27,49.930,100.0,,2026-2027,
439,SEDMI-PP-25-0012,439,Rehabilitation / Construction / Reconstruction of existing Primary / High Schools in Taluka Kot Ghulam Muhammad & Digri (SDG#4). [Ref#63],5,18,Approved,25.08.25,Jun-27,99.998,100.0,,2026-2027,
440,SEDMI-PP-25-0013,440,Rehabilitation of existing Primary Schools of Taluka Shahdadpur (SDG#4) District Sanghar. [Ref#169],5,18,Approved,26.08.25,Jun-27,93.588,100.0,,2026-2027,
441,SEDMI-PP-25-0014,441,Rehabilitation of existing Primary / Elementary Schools in Taluka Chachro & Dahli (SDG#4). [Ref#190],5,18,Approved,25.08.25,Jun-27,80.000,100.0,,2026-2027,
442,SEDMI-PP-25-0015,442,Provision of Drinking Water / Wash Room & Solar System in existing Girls Primary / Elementary / Middle / High Schools of District Badin (40 Units) (SDG#4) [Ref#263],5,18,Approved,26.08.25,Jun-27,74.718,100.0,,2026-2027,
443,SEDMI-PP-25-0016,443,Rehabilitation / Installation of Solar System & Provision of Furniture / Equipment in Existing Primary / Elementary / Secondary / Higher Secondary Schools (SDG#4) District Karachi South. [Ref#327],5,18,Approved,26.08.25,Jun-27,74.428,100.0,,2026-2027,
444,SEDMI-PP-25-0017,444,Rehabilitation/ Construction of Compound Wall & Lavatory Block in Existing Girls Primary School Genu Bai G. Allana Lyari SDG#4) District Karachi South. [Ref#376],5,18,Approved,26.08.25,Jun-27,99.594,100.0,,2026-2027,
445,SEDMI-PP-25-0018,445,Rehabilitation & Construction of Compound Wall in Existing Govt. Girls Secondary School Genu Bai G.Allana Lyari SDG#4) District Karachi South. [Ref#377],5,18,Approved,26.08.25,Jun-27,49.590,100.0,,2026-2027,
446,SEDMI-PP-25-0019,446,Rehabilitation of Existing Govt. Girls Secondary School Garibabad Lyari SDG#4) District Karachi South. [Ref#378],5,18,Approved,26.08.25,Jun-27,49.699,100.0,,2026-2027,
447,SEDMI-PP-25-0020,447,Rehabilitation / Construction of Compound wall in existing GBSS Mirza Adam Khan & GBPS Noor Muhammad Village Lyari Town (SDG#4) District Karachi South. [Ref#379],5,18,Approved,26.08.25,Jun-27,49.513,100.0,,2026-2027,
448,SEDMI-PP-25-0021,448,"Rehabilitation / Reconstruction and Construction of Additional Class Rooms in Existing Primary Schools of Taluka Daur, Sakrand & Qazi Ahmed District Shaheed Benazirabad (SDG#4). [Ref#453]",5,18,Approved,25.08.25,Jun-27,49.928,100.0,,2026-2027,
449,SEDMI-PP-25-0022,449,"Rehabilitation / Reconstruction GBHS, GGES and GBPS Dara Wahan Taluka Rohri, District Sukkur’. [Ref#660]",5,18,Approved,25.08.25,Jun-27,79.959,100.0,,2026-2027,
450,SEDMI-PP-25-0023,450,Provision of Additional Facilities in existing Primary Schools (i) GGPS Faqeer Colony (ii) GBPS Denyoon Hingorja & Rehabilitation / Reconstruction in existing Primary / Elementary Schools of Taluka Islamkot District Tharparkar. (SDG#4). [Ref#761],5,18,Approved,25.08.25,Jun-27,90.000,100.0,,2026-2027,
451,SEDMI-PP-25-0024,451,"Provision of Additional Facilities in existing Primary Schools of Taluka Islamkot, Chachro & Mithi. (SDG#4). [Ref#762]",5,18,Approved,25.08.25,Jun-27,99.000,100.0,,2026-2027,
452,SEDMI-PP-25-0025,452,Rehabilitation / Re-construction of existing Primary / Elementary Schools of Taluka Thana Bola Khan District Jamshoro. [Ref#805],5,18,Approved,25.08.25,Jun-27,60.000,100.0,,2026-2027,
453,SEDMI-PP-25-0026,453,Rehabilitation of existing Primary / High Schools of Taluka & District Matiari (05 Units) (SDG#4). [Ref#841],5,18,Approved,25.08.25,Jun-27,49.963,100.0,,2026-2027,
454,SEDMI-PP-25-0027,454,Construction Three Classrooms in existing Primary Schools at Taluka Salehpat (SDG#4) District Sukkur. [Ref#848],5,18,Approved,26.08.25,Jun-27,148.714,100.0,,2026-2027,
455,SEDMI-PP-25-0028,455,Construction of Classrooms in existing Primary School of Taluka Badin District Badin (SDG#4). [Ref#884],5,18,Approved,26.08.25,Jun-27,99.996,100.0,,2026-2027,
456,SEDMI-PP-25-0029,456,Rehabilitation / Reconstruction / Construction of additional classrooms in existing Primary / High Schools and Rehabilitation of Shaheed Mohtarma Benazir Bhutto Museum & Art Gallery of Taluka Nawabshah District Shaheed Benazirabad. (SDG#4). [Ref#1023],5,18,Approved,25.08.25,Jun-27,99.802,100.0,,2026-2027,
457,SEDMI-PP-25-0031,457,"Construction / Reconstruction of Existing Primary Schools i. GBPS Suhrab Rind ii. GBPS Mithal Khaskheli, iii. GBPS Mir Sangi, iv. GBPS Sono Khan Rajpar of Taluka Mehrabpur District Naushahro Feroze (SDG#4) [Ref#58] Rehabilitation / Construction / Reconstruction",5,18,Approved,23.09.25,Jun-27,40.000,100.0,,2026-2027,
458,SEDMI-PP-25-0032,458,of Existing Primary / Elementary Schools 1. GBLSS Wazirabad 2. GBPS Andal Mahar 3. GBPS Soomr Goth 4. GBPS Mahmood Shaikh 5. GBPS Nawaz Pirzado 6. GBPS Khuda Bux Deenari 7. GBPS Angan Goth 8. GBPS Nanger Sher @ Hussain Bux Rajpar of Taluka Lakhi & Garhi Yaseen (SDG#4) District Shikarpur,5,18,Approved,23.09.25,Jun-27,70.000,100.0,,2026-2027,
459,SEDMI-PP-25-0033,459,[Ref#110] Rehabilitation / Reconstruction of Existing GGHS Matli Taluka Matli (SDG#4) District Badin. [Ref#261],5,18,Approved,23.09.25,Jun-27,99.951,100.0,,2026-2027,
460,SEDMI-PP-25-0034,460,"Rehabilitation / Construction / Reconstruction of Existing Primary / Elementary / High Schools i. GBELS Urdu Darya Khan Mari, ii. GBPS Allah Jurio Malkani & iii. GBHS Moro Town of Taluka Naushshro Feroze & Moro (SDG#4) District Naushahro Feroze [Ref#290]",5,18,Approved,23.09.25,Jun-27,50.000,100.0,,2026-2027,
461,SEDMI-PP-25-0035,461,"Construction / Reconstruction & Provision of Additional Facilities in Existing Primary Schools i. GBPS Ch: Muhammad Anwar ii. GBPS Haji Mubarak Ali, iii. GBPS Abdullah Kalroo @ Guman Kalroo, iv. GBPS Jaismal Muhajir, v. GBPS Bachal Khaskhali (Campus) vi. GPS Ata Muhammad Unar VII. GBPS Jhuddo Main, viii. GBPS Daim Khan Gurgaiz ix. GBPS Rehmatullah Khaskhali, x. GBPS Alam Khan Noohani, xi. GBPS Ghulamullah Noohani, xii. GBPS Kumb Deh-161 (A), XIII. Gbps Khan Muhammad Kaloi, xix. GBPS Muhammad Halepoto, xv. GBPS Ali Shah, xvi. GBPS Mataro Mehar @ Kalroo Khan Pitafi, xvii. GBPS Mir Ali Dino Deh-140 & GBLSS Hamzo Khan Leghari of Taluka Kot Gulam",5,18,Approved,23.09.25,Jun-27,69.983,100.0,,2026-2027,
462,SEDMI-PP-25-0036,462,"Muhammad (SDG#4) District Mirpurkhas. [Ref#519] Rehabilitation / Construction / Reconstruction of Existing Primary Schools i. GBPS Qaimuddin Chachar ii. GBPS Tagio Khan Jafferi, iii. GBPS Allah Jewayo Khan, iv. GBPS Allah Wadhayo Chachar, v. GBPS Miral Jaffri of Taluka Khanpur, Shikarpur & Tangwani (SDG#4) District Shikarpur. [Ref#532]",5,18,Approved,23.09.25,Jun-27,50.000,100.0,,2026-2027,
463,SEDMI-PP-25-0037,463,"Reconstruction of Existing Primary / High Schools 1. GBPS Allah Dino Khaskheli, 2. GBPS Haji Rahoo Halepoto, 3. GBPS Bachal Halepoto, 4. GBPS Tamachi Jahejo, 5. GBPS Shahbaz Notkhani, 6. GBPS Ismail Notkhani, 7. GBPS Muhammad Khan Zour, 8. GBPS Mureed Rarhiyar, 9. GBPS Haji Muhammad Bhatti, 10. GBPS Bhoro Patel, 11. GBPS Gohram Mazari @ Siddique Mazari, 12. GBPS Mitho Wasan, 13. GBPS Bano Khoso @ Gharo Banglow, 14. GBPS Jeando Dal, 15. GBPS Ahmed Sahito @ Idrease Kharal, 16. GBPS Ahmed Junejo, 17. GBHS Phalkara, 18. GBHS Matli of Taluka Matli (SDG#4) District Badin.",5,18,Approved,23.09.25,Jun-27,199.555,100.0,,2026-2027,
464,SEDMI-PP-25-0038,464,"[Ref#598] Construction / Reconstruction of Existing Primary / Elementary Schools 1. GBPS Bux Ali Mehari, 2. GBPS Chak No.-11, 3. GBPS Chak No-54, 5. GGPS Chak No-12, 6. GBPS Ibrahim Chandio, 7. GBPS Mir Khan Lashari, 8. GBPS Ramzan Lund, 9. GBPS Shafi Muhammad Ghuman, 10. GBELS Haji Ghulam Ali Nizamani of Taluka Shaheed Fazul Rahu (SDG#4) District Badin. [Ref#746] Rehabilitation / Construction / Reconstruction",5,18,Approved,23.09.25,Jun-27,99.247,100.0,,2026-2027,
465,SEDMI-PP-25-0039,465,"of Existing Primary / High Schools 1. GPS Raheem Bux, 2. GPS Azizabad, 3. GBPS Hazoor Bux Khoso, 4. GBPS Rahmutullah Mazari, 5. GBPS Azad Khan Ghishkori, 6. GBPS Eidan Mazari, 7. GBPS Hidayatullah Khoso, 8. GBPS Ishaque Mazari, 9. GGPS Saleem Khan Khoso, 10. GGPS Pakhi Mazari, 11. GBPS Abdul Rauf Khoso, 12. GBPS Asgar Ali Khoso, 13. GPS Shafi Muhammad Khoso, 14. GHSS Mir Lashari Khan Suhriyani, 15. GBPS Haji Raza Muhammad Khoso, 16. GPS Abdul Haadi of Taluka Kashmore (SDG#4) District Kashmore. [Ref#825]",5,18,Approved,23.09.25,Jun-27,50.000,100.0,,2026-2027,
466,SEDMI-PP-25-0040,466,"Rehabilitation / Construction / Reconstruction & Provision of Furniture in Existing Primary Schools 1. GBPS Bakhir Khan Mazari, 2. GBPS Haibat Khan Golo, 3. GBPS Abdul Sattar @ Ali Muhammad Khoso, 4. GBPS Kashmir Khan, 5. GBPS Sher Muhammad, 6. GBPS Abdul Jan Balachani, 7. GBPS Imamdin Malik, 8. GBPS Haji Maso Khan, 9. GBPS Haji Nazar Muhammad @ Abdul Baqi Khoso, 10. GPS Ali Madad Bijarani, 11. GBELS Sardaro Khoso of Taluka Kashmore (SDG#4) District Kashmore (C:81.982+R:43.018) [Ref#828]",5,18,Approved,23.09.25,Jun-27,125.000,100.0,,2026-2027,
467,SEDMI-PP-25-0041,467,"Rehabilitation / Reconstruction of Existing Primary Schools i. GBPS Soomar Mirbahar, ii. GBPS Imam Bux Awan, iii. GGPS Siddique Narejo @ Suleman Narejo, iv. GBPS Ismail Mallah U/C Bello, v. GBPS Fatoo Machi, vi. GGPS Qasim Mirbahar, viii. GBPS Khuda Dino Magsi, vii. GBPS Ali Muhammad Bhambhro, ix. GBPS Umar Mancher, of Taluka Sujawal & Mirpur Bathoro (SDG#4) District Sujawal. [Ref#852]",5,18,Approved,23.09.25,Jun-27,49.993,100.0,,2026-2027,
468,SEDMI-PP-25-0042,468,"Rehabilitation / Reconstruction of Existing Primary Schools i. GBPS Lal Muhammad Dars, ii. GBPS Adam Samoon, iii. GBPS Gahi Khan, iv. GBPS Darya Khan Daheri @ Bachu Daheri v. GBPS Allah Dino Pusio @ Haji Khamiso Lothio, vi. GGPS Muhammad Ibrahim Baran, vii. GBPS Sikandar Ali Babro, viii. Sakhi Badshah, of Taluka Sujawal (SDG#4) District Sujawal. [Ref#863]",5,18,Approved,23.09.25,Jun-27,49.957,100.0,,2026-2027,
469,SEDMI-PP-25-0043,469,"Rehabilitation / Reconstruction of Existing Primary Schools i. GBPS Haji Parhiyar ii. GBPS Lal Muhammad Dars, ii. GBPS Leemon Dars iii. GBPS Muhammad Arif Chandio vi. GBPS Darya Khan Zaur V. GBPS Mir Lashari vi. GBPS Imam Bux Shoro vii. GBPS Saleh Magsi Viii. GBPS Ghulam Hussain Magsi ix. GBPS Haji Peerano Lune X. GBPS Haji Muhammad Siddique Gugo Taluka Mirpur Bathoro (SDG#4) District Sujawal. [Ref#864] Rehabilitation / Reconstruction of Existing",5,18,Approved,23.09.25,Jun-27,49.679,100.0,,2026-2027,
470,SEDMI-PP-25-0044,470,Primary Schools 1. GBPS Karo Khaskheli @ Mir Hot 2. GBPS Muhammad Bachal Mallah 3. GBPS Chanwer Mallah 4. GBPS Wali Muhammad Junejo 5. GBPS Haji Abdullah Mandhro 6. GBPS Rajab Panhwar 7. GBPS Mehrab Muradani. 8. GBPS Haji Jan Muhammad Chandio. 9. GBPS Yousif Mallah. 10. GBPS Mohib Dal @ Lakhadino Mehranpoto. 11. GBPS Wali Muhammad Nizamani. 12. GBPS Siddique Soomro. 13. GBPS Karim Dino Soomro. 14. GBPS Mallah Muhallah Badin (Feeding School of GBHS Dr. Abdul Jabbar Junejo Badin) 15. GGPS Ward,5,18,Approved,23.09.25,Jun-27,99.998,100.0,,2026-2027,
471,SEDMI-PP-25-0045,471,"No. 05 Badin, of Taluka Badin. (SDG#4) District Badin. [Ref#885] Construction of Additional Rooms in existing Primary Schools 1. GBPS Bheero Mahar 2. GBPS Rano Mahar 3. GBPS Shaheed Umeedo Faqeer Mahar 4. GBPS Sawan Mahar 5. GBPS Moula Dad Mahar of Taluka Daharki (SDG#4) District Ghotki. [Ref#269]",5,18,Approved,10.10.25,Jun-27,49.990,100.0,,2026-2027,
472,SEDMI-PP-25-0046,472,Rehabilitation / Re-Construction / Provision of Additional facilities in Existing Primary / Elementary Schools 1. GPS Bhagario Main 2. GBPS Haji Ibrahim Samon 3. GBELS Khari Passaya 4. GBPS Mehrani Began 5. GPS Talo Jam 6. GPS Wingi 7. GBPS Pata Mahram 8. GPS Winger Parha 9. GBPS Belo Ali Muhammad Notiar Main 10. GBPS Gorwari 11. GGPS Helario PIR 12. Ggels Juneja Colony Diplo 13. GGPS Campus Kallar Colony Diplo 14. GBPS Murad Lashari 15. GBPS Hassan Daris 16. GBPS Ahmed Lund 17. GBELS Bhaghliyar 18. GBPS Netaveri Amar of Taluka Diplo & Kaloi (18 Units) (SDG#4) District Tharparkar. [Ref#726],5,18,Approved,10.10.25,Jun-27,50.000,100.0,,2026-2027,
473,SEDMI-PP-25-0047,473,"Rehabilitation / Re-Construction / Provision of Additional Facilities in Existing Primary / High Schools 1. GBPS Ahmed Kharo Rahoo 2. GGPS Jeo Soomro 3. GBPS Ali Akbar Awaharani Paro Bukhrio 4. GGPS Sarh Juneja (Allah Rakhio Paro) 5. GPS Odhano 6. GPS Jurio Paro Charail 7. GBPS Chapanhar (Arbab Soomro Paro) 8. GBPS Tayab Otho 9. GBPS Jumon Khan Khaskheli 10. GPS Sarah Soomra 11. GBPS Verhijhap 12. GBPS Nohri Paro Sadharo 13. GHS Lakhmiar 14. GBPS Vesri Bah 15. GBPS Chumpani Sameja 16. GBPS Essan Chandio 17. GPS Bhagniyoon Bheel 18. GBPS Vesri Lakha 19. GBPS Baghar Pir of Taluka Diplo, Kaloi, Mithi & Chachro (19 Units) (SDG#4) District Tharparkar. [Ref#727]",5,18,Approved,10.10.25,Jun-27,50.000,100.0,,2026-2027,
474,SEDMI-PP-25-0048,474,Rehabilitation / Re-construction / Provision of additional facilities in existing Primary Schools 1. GBPS Allah Dino Khaskheli 2. GBPS Muhammad Bachal Chandio at Yaqoob Khaskheli 3. GBPS Khushi Muhammad Malik 4. GBPS Haji Azeem Kaloi at Akram Khokhar 5. GBPS Khair Muhammad Bhurgari 6. GBPS Mubarik Nohani 7. GBPS Sher Muhammad Kaloi 8. GBPS Mir Ghulam Mustafa Talpur 9. GBPS Atta Muhammad Unner 10. GBPS Mirh Muhammad Tangri 11. GBPS Jeo Rabari 12. GBPS Roshan Ali Hoat 13. GBPS Abbas Ali Shah 14. GBPS Wali Muhammad Mirraarani 15. GBPS Mir Hayat Talpur Deh:265 16. GBPS Dhabi 17. GBPS Ali Muhammad Jaat Deh:201 18. GBPS Ladho Kaloi 19. GBPS Yousaf Samoon 20. GGPS Khan Muhammad Jarwar 21. GBPS Lal Muhammad Mehar 22. GBPS Jaffar Leghari 23. GBPS Rehmatullah Khaskheli 24. GBPS Hasham Soomro 25. GBPS Abdul Jabbar Laghari 26. GBPS Bachoo Khan Tangri 27. GBPS Dost Muhammad Odho 28. GBPS Khaskheli Village 29. GBPS Hamzo,5,18,Approved,10.10.25,Jun-27,150.000,100.0,,2026-2027,
475,SEDMI-PP-25-0049,475,Leghari 30. GBPS Abdullah Bajeer 31. GBPS Abdul Majeed Abring at Mir Hayat Talpur Deh:177 32. GBPS Muhammad Halepoto-1 33. GBPS Molidino Chandio of Taluka Digri & Jhudu (SDG#4) District Mirpurkhas. [Ref#815] Rehabilitation / Re-Construction of existing Primary school 1. GBPS Sajan Khaskheli @ Karimdad Khaskheli 2. GBPS Saifal Khan Noondhani 3. GGPS Umed Ali Rind 4. GGPS Mushtaque Kaleri 5. GBPS Qasim Panhwar 6. GBPS Ahsan Machi of Taluka Rural Hyderabad (06 units) (SDG#4) District Hyderabad. [Ref#844],5,18,Approved,10.10.25,Jun-27,49.983,100.0,,2026-2027,
476,SEDMI-PP-25-0050,476,Rehabilitation / Re-construction of Existing Primary Schools 1. GBPS Dodo Hingorjo 2. GBPS Ghulam Muhammad Hingorjo @ Ghulam Muhammad Khaskheli 3. GBPS Hamzo Lodho 4. GBPS Molvi Moosa Maulana 5. GBPS Mir Muhammad Mallah 6. GBPS Abdullah Khan Khoso 7. GBPS Haji Siddique Thaheem @ Siddique Thaimoor 8. GBPS Noor Jat @ Ayoob Mallah 9. GBPS Uris Mirgal 10. GBPS Muhammad Shoro 11. GBPS Muhammad Ramzan Otho @ Hakim Ali Sanjrani of Taluka Jati & Shah Bunder,5,18,Approved,10.10.25,Jun-27,49.480,100.0,,2026-2027,
477,SEDMI-PP-25-0051,477,"(SDG#4) District Sujawal. [Ref#853] Construction of Shelterless School (03 Classrooms) in GBPS Khan Muhammad Samejo and Construction of Additional classrooms in existing Primary Schools 1. GBPS Rasool Bux Lashari, 2. GEBS Jam Mehrab Khan Samejo 3. GPS Jam Mehrab Khan Samejo of Taluka Daharki, District",5,18,Approved,21.11.25,Jun-27,49.821,100.0,,2026-2027,
478,SEDMI-PP-25-0052,478,Ghotki (SDG#4) [Ref#268] Rehabilitation & Construction of Existing GGSS Wali Muhammad Hassan Ali & GGSS Mir Ayub of Lyari Town District South Karachi. (SDG#4). [Ref#396],5,18,Approved,21.11.25,Jun-27,49.689,100.0,,2026-2027,
479,SEDMI-PP-25-0053,479,Rehabilitation / Reconstruction of GBHS (Main) Ratodero (SDG#4) District Larkana. [Ref#1070],5,18,Approved,21.11.25,Jun-27,100.000,100.0,,2026-2027,
480,SEDMI-PP-25-0062,480,Rehabilitation of Schools in various towns & villages of taluka Jam Nawaz Ali & Sinjhoro District Sanghar (SDG#4) [Ref#770],5,18,Approved,09.04.26,Jun-27,50.000,100.0,,2026-2027,
481,SEDMI-PP-25-0063,481,"Construction/Reconstruction of Missing Facilities in Existing Schools of District Naushehro Feroze (07 units) Taluka Bhiria, Naushehro Feroze & Moro (SDG#4) [Ref#780]",5,18,Approved,09.04.26,Jun-27,50.000,100.0,,2026-2027,
482,SEDMI-PP-25-0064,482,"Rehabilitation/Construction of Additional Classrooms and Provision of Missing Facilities in Existing Primary/Elementary & Higher Secondary Schools (06 units) in Taluka Mithi, Islamkot & Diplo District Tharparkar (SDG#4) [Ref#812] Rehabilitation /Re-construction/ Provision of additional facilities in Existing Primary /",5,18,Approved,09.04.26,Jun-27,80.000,100.0,,2026-2027,
483,SEDMI-PP-25-0065,483,Elementary Schools 1. GBLSS PANAT 2. GGPS Samoon Rind 3. GBPS Samoon Rind Ahmed Paro 4. GBPS Gul Sher Rahimoon Jese Jo Par 5. GBPS Ramlani 6. GBPS Rariaro 7. GBPS Suthar Colony 8. GBPS Pandhi Paro Noorani 9. GBPS Ranchi Jo Tar IO. GBPS Katho Ayoub I l. GBPS Alamsar 12. GBPS Saleem Mangrio 13. GBPS Meghwar Paro Kheme Jo Par 14. GBPS Karoo Jo Par 15. GGPS Qasim Paro Rarakar of Taluka Dahli &,5,18,Approved,22.05.26,Jun-27,70.000,100.0,,2026-2027,
484,SEDMI-PP-25-0066,484,"Chachro (15-Units) (C:68.812+R1.188) [Ref#188] Providing Installing of Solar Panels, District Shikarpur (SDG#4) [Ref#363]",5,18,Approved,13.05.26,Jun-27,50.000,100.0,,2026-2027,
485,SEDSE-PP-07-0005,485,Up-gradation of Middle Schools to High Schools (230 Units) & High Schools to Higher Secondary Schools (115 Units) in Sindh (2007- 08 Progamme) (C: 3081.519+ R: 1298.825) (SDG#4),5,19,Approved,31.01.08,Jun-28,4380.344,43.6,,2026-2027,U/R
486,SEDSE-PP-07-0006,486,"Addition of Class Rooms, Construction of Labs and Library in Existing Secondary & Higher Secondary Schools in Sindh (2007-08 Programme) (230 Units) (C: 885.951 + R: 339.620) (SDG#4)",5,19,Approved,31.01.08,Jun-28,1225.571,67.0,,2026-2027,U/R
487,SEDSE-PP-08-0001,487,Up-gradation of Middle Schools to High Schools in Sindh (2008-09 Programme) (115 Units) (C: 1582.359 + R: 424.005) (SDG#4),5,19,Approved,21.08.08,Jun-28,2006.364,76.5,,2026-2027,U/R
488,SEDSE-PP-08-0002,488,Establishment of Single Section High Schools in Sindh (2008-09 Programme) (53 Units) (C: 1092.792 + R: 200.34) (SDG#4),5,19,Approved,21.08.08,Jun-28,1293.132,78.8,,2026-2027,U/R
489,SEDSE-PP-09-0002,489,Establishment of Public Schools in Sindh (05 Units) (C:2034.195+ R:138.843) (Re-revised on 15.07.21) (SDG#4),5,19,Approved,27.02.07,Jun-28,2169.038,65.7,,2026-2027,
490,SEDSE-PP-11-0002,490,"Immediate Needs for Public School Gadap Town, Karachi (C: 231.328 + R: 59.364) (SDG#4)",5,19,Approved,02.09.12,Jun-28,290.692,79.6,,2026-2027,
491,SEDSE-PP-15-0004,491,Establishment of Public School at Kamber- Shahdadkot (C:544.779 + R:52.245) (Revised on 18.05.16) (SDG#4),5,19,Approved,21.04.11,Jun-28,597.024,82.4,,2026-2027,
492,SEDSE-PP-15-0005,492,Miscellaneous Immediate Works of Public School Hyderabad (C:554.871 +R:51.189) (SDG#4),5,19,Approved,12.11.15,Jun-28,606.060,22.6,,2026-2027,U/R
493,SEDSE-PP-17-0035,493,Establishment of Public School Thul (C:254.133+R:9.890) (Revised on 18.08.17) (SDG#4),5,19,Approved,14.10.16,Jun-28,264.024,95.6,,2026-2027,
494,SEDSE-PP-19-0067,494,Provision of Missing / Additional Facilities and Renovation of Existing High Schools along with Feeder Primary School at distance of 1.5 K.M Radius (01 Unit) (C: Rs. 39.782 + R: 3.134) (SDG#4),5,19,Approved,22.11.19,Jun-28,42.916,92.3,,2026-2027,U/R
495,SEDSE-PP-19-0083,495,Provision of Missing / Additional Facilities and Renovation of Existing High Schools along with Feeder Primary School at distance of 1.5 K.M Radius (01 Unit) (C: Rs. 45.450 + R: 2.767) (SDG#4),5,19,Approved,22.11.19,Jun-28,48.217,94.3,,2026-2027,
496,SEDSE-PP-19-0085,496,Provision of Missing / Additional Facilities and Renovation of Existing High Schools along with Feeder Primary School at distance of 1.5 K.M Radius (01 Unit) (C: Rs. 39.685 + R: 1.940) (Re-revised on 22.11.2024). (SDG#4),5,19,Approved,22.11.19,Jun-28,194.190,73.4,,2026-2027,
497,SEDSE-PP-19-0094,497,"Construction of Girls Hostel in Public School Gadap, Karachi (C: 150.227 + 10.509) (SDG#4)",5,19,Approved,28.11.19,Jun-28,160.736,93.5,,2026-2027,U/R
498,SEDSE-FP-19-0095,498,Sindh Secondary Education Improvement Project (SSEIP) (ADB Assisted) (Estimated Cost Rs.13103.475 M (ADB Share US $ 75 M & GoS Share US $ 7.5 M),5,19,Approved,28.11.19,Jun-28,1191.225,55.9,,2026-2027,
499,SEDSE-PP-20-0019,499,Construction of Hostel Block @ Government Boys / Girls Higher Secondary School N.J.V Karachi at M.S Advani School Saddar (C: 462.232 +R: 18.424) (Revised on 11.01.2024) (SDG#4),5,19,Approved,11.10.20,Jun-28,480.656,34.5,,2026-2027,
500,SEDSE-PP-21-0159,500,Up-gradation of Middle Schools to High Schools (02 Units) (C:117.517 +R:8.182) (Revised on 24.05.2024)(SDG#4),5,19,Approved,10.06.21,Jun-28,125.699,93.5,,2026-2027,
501,SEDSE-PP-21-0166,501,Provision of Missing / Additional Facilities and Renovation of Existing High / Higher Secondary Schools (04 Units) (SDG#4) (Revised Date: 22-05-2026 Capital: 102.90 Revenue: 0.00 Total Cost: 102.90),5,19,Approved,26.08.21,Jun-27,102.899,100.0,,2026-2027,
502,SEDSE-PP-21-0169,502,Provision of Missing / Additional Facilities and Renovation of Existing High / Higher Secondary Schools (08 Units) (SDG#4),5,19,Approved,17.09.21,Jun-27,54.480,100.0,,2026-2027,U/R
503,SEDSE-PP-21-0170,503,Provision of Missing / Additional Facilities and Renovation of Existing High / Higher Secondary Schools (05 Units) (SDG#4) (Revised Date: 13-05-2026 Capital: 156.13 Revenue: 0.00 Total Cost: 156.13),5,19,Approved,26.08.21,Jun-27,156.130,100.0,,2026-2027,
504,SEDSE-PP-21-0171,504,Provision of Missing / Additional Facilities and Renovation of Existing High / Higher Secondary Schools (05 Units) (C:81.483 + R:0.690) (SDG#4) (Revised Date: 08-04-2026 Capital: 121.22 Revenue: 1.07 Total Cost: 122.29),5,19,Approved,09.08.21,Jun-28,122.292,57.6,,2026-2027,
505,SEDSE-PP-21-0174,505,Provision of Missing / Additional Facilities and Renovation of Existing High / Higher Secondary Schools (04 Units) (Revised on 22.05.2024) (SDG#4),5,19,Approved,17.09.21,Jun-27,145.154,100.0,,2026-2027,
506,SEDSE-PP-21-0177,506,Provision of Missing / Additional Facilities and Renovation of Existing High / Higher Secondary Schools (10 Units) (SDG#4) (Revised Date: 13-05-2026 Capital: 140.65 Revenue: 0.00 Total Cost: 140.65),5,19,Approved,17.09.21,Jun-28,140.649,73.9,,2026-2027,
507,SEDSE-PP-21-0181,507,Provision of Missing / Additional Facilities and Renovation of Existing High / Higher Secondary Schools (08 Units) (SDG#4) (Revised Date: 13-05-2026 Capital: 74.70 Revenue: 0.00 Total Cost: 74.70),5,19,Approved,08.09.21,Jun-27,74.701,100.0,,2026-2027,
508,SEDSE-PP-21-0184,508,Provision of Missing / Additional Facilities and Renovation of Existing High / Higher Secondary Schools (05 Units) (SDG#4) (Revised on 25.04.2025).,5,19,Approved,09.08.21,Jun-28,169.090,53.9,,2026-2027,
509,SEDSE-PP-21-0193,509,"Up-gradation of Government Girls Lower Secondary School to Secondary School at Punhal Khan Chandio (01 Unit) ( Revised on 19.05.2023) (C: 146.909, R: 6.506) (SDG#4)",5,19,Approved,26.08.21,Jun-28,153.415,95.8,,2026-2027,
510,SEDSE-PP-21-0198,510,Establishment of Public School at Ratodero (C: 135.784 + R: 13.397) (SDG#4),5,19,Approved,28.01.22,Jun-28,149.181,38.8,,2026-2027,
511,SEDSE-PP-21-0199,511,"Establishment of Community Model Schools at Sangrar, Bhiro & Thikratho Taluka Rohri (03 Units) (SDG#4) (C:148.365 + R:14.685)",5,19,Approved,27.04.22,Jun-28,163.050,50.7,,2026-2027,
512,SEDSE-PP-21-0200,512,Establishment of IBA Community Model Schools (02 Units) (C:182.757 + R:13.960) (SDG#4) (Revised on 08.05.2025).,5,19,Approved,10.06.21,Jun-28,196.717,48.9,,2026-2027,
513,SEDSE-PP-21-0203,513,Re-construction of Govt. Girls Secondary School & Construction of Multipurpose Hall Tharushah (01 Unit) (C: 50.844 + R: 1.955) (SDG#4).,5,19,Approved,02.12.21,Jun-28,52.799,95.5,,2026-2027,U/R
514,SEDSE-PP-22-0103,514,Up-gradation of Middle School to High School (02 Units) (SDG#4) (C:105.337 + R:9.110) (Revised on 22.11.2024).,5,19,Approved,23.12.22,Jun-28,114.447,92.0,,2026-2027,
515,SEDSE-PP-22-0104,515,Up-gradation of Middle School to High School (06 Units) (SDG#4) (C:179.106 +R:22.775).,5,19,Approved,23.12.22,Jun-27,197.881,100.0,,2026-2027,
516,SEDSE-PP-22-0105,516,Up-gradation of Middle School to High School (04 Units) (SDG#4) (C:117.634 + R:13.665).,5,19,Approved,17.01.23,Jun-28,131.299,56.6,,2026-2027,
517,SEDSE-PP-22-0106,517,"Up-gradation of Middle School to High School in Taluka Daur, Nawabshah, Sakrand and Qazi Ahmed of District Shaheed Benazirabad with allied facilities (10 Units) (SDG#4) (C:226.114 + R: 23.946).",5,19,Approved,01.11.23,Jun-28,250.060,50.4,,2026-2027,
518,SEDSE-PP-22-0107,518,Up-gradation of Middle School to High School (03 Units) (SDG#4) (C:87.027 + R:11.973),5,19,Approved,16.01.23,Jun-28,99.000,87.9,,2026-2027,
519,SEDSE-PP-22-0108,519,Up-gradation of Middle School to High School (03 Units) (SDG#4) (C:76.556 + R: 7.986).,5,19,Approved,11.03.22,Jun-28,84.542,90.6,,2026-2027,
520,SEDSE-PP-22-0109,520,Up-gradation of Middle School to High School (06 Units) (SDG#4) (C:178.494 + R:14.885),5,19,Approved,28.12.22,Jun-28,193.379,42.8,,2026-2027,
521,SEDSE-PP-22-0110,521,Up-gradation of Middle School to High School (04 Units) (SDG#4) (C:109.855 + 11.973),5,19,Approved,03.11.22,Jun-28,121.828,70.1,,2026-2027,U/R
522,SEDSE-PP-22-0111,522,Up-gradation of Middle School to High School (06 Units) (SDG#4) (C:177.894 + R::19.955).,5,19,Approved,28.12.22,Jun-28,197.849,50.3,,2026-2027,
523,SEDSE-PP-22-0112,523,Up-gradation of Middle School to High School (04 Units) (SDG#4) (C:106.555 + R:11.973). (Revised Date: 25-01-2026 Capital: 163.66 Revenue: 0.00 Total Cost: 163.66),5,19,Approved,11.03.22,Jun-28,163.663,51.9,,2026-2027,
524,SEDSE-PP-22-0113,524,Up-gradation of Middle School to High School (03 Units) (SDG#4) (C:73.085 + R:7.982).,5,19,Approved,11.03.22,Jun-28,81.067,90.2,,2026-2027,
525,SEDSE-PP-22-0114,525,Up-gradation of Middle School to High School (03 Units) (SDG#4) (C:73.061 + R: 7.982),5,19,Approved,11.03.22,Jun-28,81.043,90.2,,2026-2027,
526,SEDSE-PP-22-0115,526,Up-gradation of Middle School to High School (03 Units) (SDG#4) (C:71.402 + R:11.973),5,19,Approved,23.01.23,Jun-28,83.375,60.0,,2026-2027,U/R
527,SEDSE-PP-22-0116,527,Up-gradation of Middle School to High School (i) GBLSS Shirin Jinnah Colony (ii) GGLSS Mission Road (02 Units) (SDG#4)(C:172.724+ R:9.110) (Revised on 07.05.2025).,5,19,Approved,11.09.22,Jun-28,181.834,43.2,,2026-2027,
528,SEDSE-PP-22-0117,528,Up-gradation of Middle School to High School (03 Units) (SDG#4) (C:133.028 + R:9.102) (Revised on 25.04.2025).,5,19,Approved,16.01.23,Jun-28,142.130,56.8,,2026-2027,
529,SEDSE-PP-22-0118,529,Up-gradation of Middle School to High School (03 Units) (SDG#4) (C:150.061 + R:13.665) (Revised on 24.04.2025).,5,19,Approved,26.12.22,Jun-28,163.726,54.6,,2026-2027,
530,SEDSE-PP-22-0119,530,Up-gradation of Middle School to High School (03 Units) (SDG#4) (C:139.935 + R:11.388) (Revised on 25.04.2025).,5,19,Approved,26.12.22,Jun-28,151.323,54.9,,2026-2027,
531,SEDSE-PP-22-0120,531,Up-gradation of Middle School to High School (03 Units) (SDG#4) (C:151.169+R:12.273) (Revised on 25.04.2025).,5,19,Approved,01.04.23,Jun-28,163.440,50.9,,2026-2027,
532,SEDSE-PP-22-0121,532,Up-gradation of Middle School to High School (03 Units) (SDG#4) (C:89.884 + R:9.102),5,19,Approved,11.10.22,Jun-28,98.986,90.8,,2026-2027,
533,SEDSE-PP-22-0122,533,Up-gradation of Middle School to High School (03 Units) (SDG#4) (C:187.915 + R:10.210) (Revised on 07.05.2025).,5,19,Approved,26.12.22,Jun-28,198.125,41.4,,2026-2027,
534,SEDSE-PP-22-0123,534,Up-gradation of High School to the Level of Higher Secondary Schools (01 Units) (SDG#4) (C:105.857 + R:8.198)(Revised on ),5,19,Approved,23.12.22,Jun-27,114.055,100.0,,2026-2027,
535,SEDSE-PP-22-0124,535,Up-gradation of High School to the Level of Higher Secondary Schools (01 Unit) (SDG#4) (C:89.564 + R:8.198).,5,19,Approved,01.05.23,Jun-28,97.762,42.2,,2026-2027,
536,SEDSE-PP-22-0125,536,Up-gradation of High School to the Level of Higher Secondary Schools (01 Unit) (SDG#4) (C:124.646 + R:8.198) (Revised on 24.04.2025).,5,19,Approved,01.02.23,Jun-28,132.844,48.0,,2026-2027,
537,SEDSE-PP-22-0126,537,Up-gradation of High School to the Level of Higher Secondary Schools (01 Unit) (SDG#4) (C:102.578 + R:8.198).,5,19,Approved,01.02.23,Jun-28,110.776,41.2,,2026-2027,
538,SEDSE-PP-22-0127,538,Up-gradation of High School to the Level of Higher Secondary Schools (01 Unit) (SDG#4) (C:108.696 + R:8.198).,5,19,Approved,26.12.22,Jun-28,116.894,93.0,,2026-2027,
539,SEDSE-PP-22-0128,539,Up-gradation of High School to the Level of Higher Secondary Schools (01 Unit) (SDG#4) (C:79.950 + 10.000),5,19,Approved,28.12.22,Jun-28,89.950,88.9,,2026-2027,
540,SEDSE-PP-22-0129,540,Up-gradation of High School to the Level of Higher Secondary Schools (01 Unit) (SDG#4) (C:150.852 + R:8.256) (Revised on 25.04.2025). (Revised on 25.04.2025)..,5,19,Approved,23.12.22,Jun-28,159.108,37.7,,2026-2027,
541,SEDSE-PP-22-0130,541,Up-gradation of High School to the Level of Higher Secondary Schools (01 Unit) (SDG#4) (C:102.823 + R:8.598).,5,19,Approved,01.05.23,Jun-28,111.421,92.3,,2026-2027,
542,SEDSE-PP-22-0131,542,Up-gradation of High School to the Level of Higher Secondary Schools (01 Unit) (SDG#4) (C:103.381 + R:8.198).,5,19,Approved,17.01.23,Jun-28,111.579,92.7,,2026-2027,
543,SEDSE-PP-22-0132,543,Up-gradation of High School to the Level of Higher Secondary Schools (01 Unit) (SDG#4) (C:94.897 + R:10.000).,5,19,Approved,28.12.22,Jun-28,104.897,51.2,,2026-2027,U/R
544,SEDSE-PP-22-0133,544,Up-gradation of High School to the Level of Higher Secondary Schools (01 Unit) (SDG#4) (C:188.223 + R:8.278) (Revised on 27.05.25),5,19,Approved,01.02.23,Jun-28,196.501,50.4,,2026-2027,
545,SEDSE-PP-22-0134,545,Up-gradation of High School to the Level of Higher Secondary Schools (01 Unit) (SDG#4) (C:94.897 + R:10.000).,5,19,Approved,03.11.22,Jun-28,104.897,65.8,,2026-2027,U/R
546,SEDSE-PP-22-0135,546,Up-gradation of High School to the Level of Higher Secondary Schools (01 Unit) (SDG#4) (C:95.072 + R:10.000),5,19,Approved,26.12.22,Jun-28,105.072,90.5,,2026-2027,
547,SEDSE-PP-22-0136,547,Up-gradation of High School to the Level of Higher Secondary Schools (01 Unit) (SDG#4) (C:94.897 + R:10.000).,5,19,Approved,17.01.23,Jun-28,104.897,90.5,,2026-2027,
548,SEDSE-PP-22-0137,548,Up-gradation of High School to the Level of Higher Secondary Schools (01 Unit) (SDG#4) (C:94.332 + R:10.000),5,19,Approved,26.12.22,Jun-28,104.332,90.4,,2026-2027,
549,SEDSE-PP-22-0138,549,Up-gradation of High School to the Level of Higher Secondary Schools (01 Unit) (SDG#4) (C:94.897 + R:10.000).,5,19,Approved,11.03.22,Jun-28,104.897,90.5,,2026-2027,
550,SEDSE-PP-22-0139,550,Up-gradation of High School to the Level of Higher Secondary Schools (01 Unit) (SDG#4) (C:93.420 + R:10.000).,5,19,Approved,11.03.22,Jun-28,103.420,90.3,,2026-2027,
551,SEDSE-PP-22-0140,551,Up-gradation of High School to the Level of Higher Secondary Schools (01 Unit) (SDG#4) (C:94.896 + R:8.097).,5,19,Approved,16.01.23,Jun-28,102.993,24.3,,2026-2027,
552,SEDSE-PP-22-0141,552,Up-gradation of High School to the Level of Higher Secondary Schools (01 Unit) (SDG#4) (C:80.000 + R: 10.000).,5,19,Approved,26.12.22,Jun-28,90.000,88.9,,2026-2027,
553,SEDSE-PP-22-0142,553,Up-gradation of High School to the Level of Higher Secondary Schools (01 Unit) (SDG#4) (C:95.630 + R:10.000).,5,19,Approved,26.12.22,Jun-28,105.630,90.5,,2026-2027,
554,SEDSE-PP-22-0143,554,Up-gradation of High School to the Level of Higher Secondary Schools (01 Unit) (SDG#4) (C:94.897 + R:10.000).,5,19,Approved,26.12.22,Jun-28,104.897,57.2,,2026-2027,U/R
555,SEDSE-PP-22-0144,555,Up-gradation of High School to the Level of Higher Secondary Schools (01 Unit) (SDG#4) (C:97.775 + R:8.198),5,19,Approved,11.09.22,Jun-28,105.973,48.6,,2026-2027,
556,SEDSE-PP-22-0145,556,Up-gradation of High School to the Level of Higher Secondary Schools (01 Unit) (SDG#4) (C:105.979 + R:8.198) (Revised on 24.04.2025).,5,19,Approved,01.04.23,Jun-28,114.157,92.8,,2026-2027,
557,SEDSE-PP-22-0146,557,Up-gradation of High School to the Level of Higher Secondary Schools (01 Unit) (SDG#4) (C:139.223+ R: 8.256) (Revised on 24.04.2025).,5,19,Approved,11.10.22,Jun-28,147.479,46.6,,2026-2027,
558,SEDSE-PP-22-0147,558,Up-gradation of High School to the Level of Higher Secondary Schools (01 Unit) (SDG#4) (C:144.124 + R: 8.256) (Revised on 28.04.2025).,5,19,Approved,11.10.22,Jun-28,152.380,48.4,,2026-2027,
559,SEDSE-PP-22-0148,559,Up-gradation of High School Mulla Essa Goth UC-38 to the Level of Higher Secondary Schools (01 Unit) (SDG#4) (C: 108.019 + R:8.198) (Revised on 06.05.2025).,5,19,Approved,26.12.22,Jun-28,116.217,92.9,,2026-2027,
560,SEDSE-PP-22-0149,560,Up-gradation of High School to the Level of Higher Secondary Schools (01 Unit) (SDG#4) (C:114.268 + R:8.198) (Revised on 06.05.2025).,5,19,Approved,26.12.22,Jun-28,122.352,93.3,,2026-2027,
561,SEDSE-PP-22-0150,561,Up-gradation of High School to the Level of Higher Secondary Schools (01 Unit) (SDG#4) (C:103.381 + R:8.198).,5,19,Approved,17.01.23,Jun-28,111.579,92.7,,2026-2027,
562,SEDSE-PP-22-0151,562,Up-gradation of High School to the Level of Higher Secondary Schools (01 Unit) (SDG#4) (C:108.726 + R:8.198).,5,19,Approved,26.12.22,Jun-28,116.924,93.0,,2026-2027,
563,SEDSE-PP-22-0153,563,Up-gradation of High School to the Level of Higher Secondary Schools (01 Unit) (SDG#4) (C:103.139 + R:8.198).,5,19,Approved,01.02.23,Jun-28,111.337,92.6,,2026-2027,
564,SEDSE-PP-22-0154,564,Up-gradation of High School to the Level of Higher Secondary Schools (01 Unit) (SDG#4) (189.236 + R:8.278) (Revised on 27.5.25),5,19,Approved,01.02.23,Jun-28,197.514,41.3,,2026-2027,
565,SEDSE-PP-22-0155,565,Up-gradation of High School to the Level of Higher Secondary Schools (01 Unit) (SDG#4) (C:95.630 + R:10.000).,5,19,Approved,26.12.22,Jun-28,105.630,90.5,,2026-2027,
566,SEDSE-PP-22-0156,566,Up-gradation of High School to the Level of Higher Secondary Schools (01 Unit) (SDG#4) (C:93.420 + R:10.000).,5,19,Approved,11.03.22,Jun-28,103.420,90.3,,2026-2027,
567,SEDSE-PP-22-0157,567,Up-gradation of High School to the Level of Higher Secondary Schools (01 Unit) (SDG#4) (C:80.000 + R: 10.000).,5,19,Approved,26.12.22,Jun-28,90.000,88.9,,2026-2027,
568,SEDSE-PP-22-0158,568,Up-gradation of High School to the Level of Higher Secondary Schools (01 Unit) (SDG#4) (79.950 + R:10.000),5,19,Approved,26.12.22,Jun-28,89.950,88.9,,2026-2027,
569,SEDSE-PP-22-0159,569,Up-gradation of High School to the Level of Higher Secondary Schools (01 Unit) (SDG#4) (C:95.072 + R:10.000),5,19,Approved,26.12.22,Jun-28,105.072,90.5,,2026-2027,
570,SEDSE-PP-22-0161,570,Up-gradation of High School to the Level of Higher Secondary Schools (01 Unit) (SDG#4) (C:132.611 + R:10.000) (Revised on 27.5.25),5,19,Approved,26.12.22,Jun-28,142.611,93.0,,2026-2027,
571,SEDSE-PP-22-0168,571,Provision of Missing / Additional Facilities and Renovation of Existing High / Higher Secondary Schools (SDG#4) (Revised on 24.04.2025).,5,19,Approved,01.05.23,Jun-28,152.848,36.0,,2026-2027,
572,SEDSE-PP-22-0175,572,Provision of Missing / Additional Facilities and Renovation of Existing High / Higher Secondary Schools (SDG#4) (C:73.669 +R:10.000) (Revised on 24.04.2025)..,5,19,Approved,26.12.22,Jun-28,83.669,88.0,,2026-2027,
573,SEDSE-PP-22-0178,573,Provision of Missing / Additional Facilities and Renovation of Existing High / Higher Secondary Schools (SDG#4) (Revised on 28.04.2025).,5,19,Approved,26.12.22,Jun-27,95.076,100.0,,2026-2027,
574,SEDSE-PP-22-0180,574,Provision of Missing / Additional Facilities and Renovation of Existing High / Higher Secondary Schools (SDG#4),5,19,Approved,16.01.23,Jun-27,94.915,100.0,,2026-2027,
575,SEDSE-PP-22-0182,575,Provision of Missing / Additional Facilities and Renovation of Existing High / Higher Secondary Schools (SDG#4) (Revised Date: 13-05-2026 Capital: 55.40 Revenue: 0.00 Total Cost: 55.40),5,19,Approved,16.01.23,Jun-27,55.397,100.0,,2026-2027,
576,SEDSE-PP-22-0192,576,Establishment of Science Centre at Divisional Headquarter (SDG#4) (C:144.791 + R:5.209) (Revised Date: 19-01-2026 Capital: 168.94 Revenue: 20.91 Total Cost: 189.86),5,19,Approved,13.02.23,Jun-28,189.855,16.3,,2026-2027,
577,SEDSE-PP-22-0193,577,Establishment of Science Centre at Divisional Headquarter (SDG#4) (C:170.367 + R:20.913) (Revised Date: 21-01-2026 Capital: 170.37 Revenue: 20.91 Total Cost: 191.28),5,19,Approved,13.02.23,Jun-28,191.279,14.1,,2026-2027,
578,SEDSE-PP-22-0194,578,Establishment of Science Centre at Divisional Headquarter (SDG#4) (C:169.463 + R:20.913) (Revised on 22.11.2024).,5,19,Approved,13.02.23,Jun-28,190.376,34.7,,2026-2027,
579,SEDSE-PP-22-0195,579,Establishment of Science Centre at Divisional Headquarter (SDG#4) (C:169.463 + R:20.913) (Revised on 22.11.2024).,5,19,Approved,13.02.23,Jun-28,190.376,29.8,,2026-2027,
580,SEDSE-PP-22-0196,580,Establishment of Science Centre at Divisional Headquarter (SDG#4) (C:169.463 + R:20.913) (Revised on 22.11.2024).,5,19,Approved,13.02.23,Jun-28,190.376,27.5,,2026-2027,
581,SEDSE-PP-22-0198,581,Construction of High School Building @ GBHS Amin Pato Taluka Faiz Ganj (SDG#4) (C:41.904 + R:4.001) (Revised on 28.04.2025).,5,19,Approved,24.04.22,Jun-28,45.905,91.3,,2026-2027,
582,SEDSE-PP-22-0200,582,Up-gradation of High Enrolment Middle School to High Schools (SDG#4) (C:173.619 + R:22.775).,5,19,Approved,23.12.22,Jun-28,196.394,88.4,,2026-2027,
583,SEDSE-PP-22-0203,583,Construction of Building for Government Boys Higher Secondary School Saeed Khan Laghari (SDG#4) (C:188.855 + R:8.278)(Revised on 27.5.25) Repair / Rehabilitation of Existing High /,5,19,Approved,01.02.23,Jun-28,197.133,65.3,,2026-2027,
584,SEDSE-PP-23-0088,584,Higher Secondary Schools (09 Units) (SDG#4) (Rain / Flood Damaged 2022). I. GBHS No.2 Tano Jam II. GBHHS Shaikh Hafiz Mori Mangar III. GGHS Khalid Memorial IV. GGHS S.K Rahim V. GBHs S.K Rahim VI. GGHS Phuleli VII GGHS Qasimabad VIII. GGHS Mehran IX. GBHS Allam Iqbal Unit,5,19,Approved,22.03.24,Jun-28,85.886,41.6,,2026-2027,
585,SEDSE-PP-23-0089,585,No.2 Repair / Rehabilitation of High / Higher Secondary Schools (Rain / Flood Affected 2022)” 1. GBHS Piaro Goth 2. GBHS No. 1 Mehar (02 Units) (SDG#4).,5,19,Approved,04.05.24,Jun-27,76.450,100.0,,2026-2027,
586,SEDSE-PP-23-0090,586,Repair / Rehabilitation of Existing High / Higher Secondary Schools I. GBHS Odero Lal VillageII. GBHS TajpurIII. GBHS Mansoorah D/U (03 Units) (SDG#4) (Rain / Flood Damaged 2022).,5,19,Approved,22.03.24,Jun-27,77.891,100.0,,2026-2027,
587,SEDSE-PP-23-0091,587,Repair / Rehabilitation of Existing High / Higher Secondary Schools I. GBHS LakhatII. GBHS Baqar N+D880izamaniIII. GBHS Jhang KatiarIV. GBHS Abdul Rahim KatiarV. GBHS Jamaluden LashariVI. GGHS Tando Ghulam Hyder (06 Units) (SDG#4) (Rain / Flood Damaged 2022) (SDG#4).,5,19,Approved,24.11.23,Jun-27,58.472,100.0,,2026-2027,
588,SEDSE-PP-23-0092,588,Repair / Rehabilitation of Existing High / Higher Secondary Schools (SDG#4) (Rain / Flood Damaged 2022). 1. GGHS Sultan Abad-I 2. GGHS Sultan Abad (Primary Portion) 3. GGHS Nasarpur (Campus) 4. GBHS Mubarak Jarwar 5. GBHS Ali Sher Muhajir (05 Units).,5,19,Approved,28.03.24,Jun-27,62.961,69.7,,2026-2027,U/R
589,SEDSE-PP-23-0093,589,Repair / Rehabilitation of Existing High / Higher Secondary Schools (SDG#4) (Rain / Flood Damaged 2022). I. GBHS Sindh University Society 2. GBHS Manzoorabad 3.GGHS Sehwan (Block-B) 4. GBHS Arazi (04 Units).,5,19,Approved,27.03.24,Jun-27,78.184,100.0,,2026-2027,
590,SEDSE-PP-23-0094,590,Repair / Rehabilitation of Existing High / Higher Secondary Schools (07 Units) (SDG#4) (Rain / Flood Damaged 2022). I. GBHS Luari SharifII. GBHS Peeru LashariIII. GGHSS TalharIV. GGHSS Campus Tando BagoV. GBHS PhulkaraVI. GBHS MallhanVII. GBHS Khorwah VIII. GBHS Wali Mohammad Malkani (Revised on 24.04.2025).,5,19,Approved,28.03.24,Jun-28,118.360,40.1,,2026-2027,
591,SEDSE-PP-23-0095,591,Repair / Rehabilitation of Existing High / Higher Secondary Schools (SDG#4) (Rain / Flood Damaged 2022). 1.GBHS Gul Manda 2. GGHS Ghulamullah (Campus) 3. GGHS Pump House Dhabeji. (03 Units),5,19,Approved,04.02.24,Jun-27,61.838,100.0,,2026-2027,
592,SEDSE-PP-23-0096,592,Repair / Rehabilitation of Existing High / Higher Secondary Schools I. GBLS Raj Malik II. GGLS Lakha III. GBHS Goongani IV. GBHS Sujawal (04 Units) (SDG#4) (Rain / Flood Damaged 2022).,5,19,Approved,04.02.24,Jun-27,62.383,100.0,,2026-2027,
593,SEDSE-PP-23-0097,593,Repair / Rehabilitation of Existing High / Higher Secondary Schools (08Units) (SDG#4 (Rain / Flood Damaged 2022). I. GGHS - Bhansiabad (Campus) II. GBHS - Noukot III. GBHS - M.H.K Tando Jan Muhammad IV. GBHS - Shujaabad V. GBHS - Kot Mirs VI. GGELS - Girhore Sharif VII. GBHSS -Din Muhammad Narejo VIII. GGHSS - Shaheed Mohtarma Benazir Bhutto,5,19,Approved,04.01.24,Jun-27,78.442,100.0,,2026-2027,
594,SEDSE-PP-23-0098,594,Repair / Rehabilitation of Existing High / Higher Secondary Schools (18 units) (Rain / Flood Damaged 2022) (SDG#4) (i) GBHS - Aklyon (ii) GHS Sakrio (iii) GHS Edani (iv) GHS Mehran Vero (v) GBHS - Layakhro (vi) GBHS - Diplo (vii) GBLSS - Sedio (viii) GBHS - Shah Abdul Latif Bhittai (ix) GHS Dabhri (x) GGHS - Islamkot (xi) GBHS - Gurrabah (xii) GBHS - Kaloi (xiii) GBHS - Bhukrio xiv) GBHS - Kerti (xv) GBHS - Mithi Man (xvi) GBHS - Kasbo (xvii) GHS Soonder,5,19,Approved,27.03.24,Jun-27,77.335,100.0,,2026-2027,
595,SEDSE-PP-23-0100,595,(xviii) GBHS Gogasar Ladhani Repair / Rehabilitation of Existing High / Higher Secondary Schools (Rain / Flood Damaged 2022) (SDG#4) 1. GGHSS Fatima Jinnah 2. GBHS Hassan Ali Shah 3. GBHS Haji Bashir 4.GBHS Taj Colony Nawabshah 5.GGHS Bandhi 6.GBHS Jam sahib (06 Units) (SDG#4). (Revised Date: 22-05-2026 Capital: 145.48 Revenue: 0.00 Total Cost: 145.48),5,19,Approved,26.03.24,Jun-27,145.479,100.0,,2026-2027,
596,SEDSE-PP-23-0101,596,Repair / Rehabilitation of Existing High / Higher Secondary Schools (i) GBHS. 18 Mile (ii) GGHS. Chak No. 3 (iii) GBHS. Baka Muhammad Halepoto (iv) GBHS. Khipro (v) GGHS. Jaffar Khan Laghari (05 units) (Rain / Flood Damaged 2022) (SDG#4),5,19,Approved,03.08.24,Jun-27,78.335,100.0,,2026-2027,
597,SEDSE-PP-23-0102,597,Repair / Rehabilitation of Existing High / Higher Secondary Schools (08 units). (Rain / Flood Damaged 2022) (SDG#4). (i) GBHS Tharu Shah (ii) GBHS Ghulam Muhammad Panhwar (iii) GBHS Fazul Sahto (iv) GBHS Soomar Channar (v) GBHS Tameer-e-Millat Mehrabpur (vi) GGHS Dastageer Colony Moro (vii) GBHS Cheeho (viii) GBHS Dhani Bux,5,19,Approved,25.03.24,Jun-28,170.289,27.7,,2026-2027,
598,SEDSE-PP-23-0103,598,Panhwar (Revised on 08.05.2025). Repair / Rehabilitation of Existing High / Higher Secondary Schools (Rain / Flood Damaged 2022) (SDG#4) 1. GBHS New Pind 2. GGHS New Pind 3. GGHS Kandhra 4. GGHS Dadloi (04 Units) (SDG$4). Repair / Rehabilitation of Existing High /,5,19,Approved,26.03.24,Jun-27,78.199,100.0,,2026-2027,
599,SEDSE-PP-23-0104,599,Higher Secondary Schools (13units) (Rain / Flood Damaged 2022) (SDG#4). 1.GGHS Nizamani 2.GBHS - GHS.Saint Theresas 3.GGHS - Machyon 4.GGHS Pir Jo Goth 5.GBHSS Choondiko 6.GBHSS Shah Inayat 7.GBHS Mahtani 8.GBHS Shahan Khan Shar 9.GBHS Khuda Bux Hisbani 10. GBHS Gadeji (10 Units) (SDG#4).,5,19,Approved,26.03.24,Jun-28,128.506,42.1,,2026-2027,
600,SEDSE-PP-23-0105,600,Repair / Rehabilitation of Existing Primary / Elementary Schools (Rain / Flood Affected 2022)” 1. Govt. (B) High School N DAV Ghotki 2. GGHSS Ghotki 3. GBHS Khanpur Mahar 4. GGHSS M.Mathelo 5. GBHS Bazar Lund 6. Govt. (P) High School Daharki 7. GBHS Kamoo Shaheed 8. GBHS Retti (08 Units) (SDG#4).,5,19,Approved,25.03.24,Jun-27,79.880,100.0,,2026-2027,
601,SEDSE-PP-23-0106,601,Repair / Rehabilitation of Existing High / Higher Secondary Schools (Rain / Flood Damaged 2022) (SDG#4) 1. GBHS (EM) Naudero-II 2. GGHS Panjudero 3. GBHS Khairodero 4. GBHS Waris Dino Machhi 5. GBHS Haji Lal Bux Shaikh 6. GBHS Usman Kalhoro 7. GBHS Dara 8. GGHS Jail Colony 9. GGHS Larkano 10. GGHS Shaikh Zaid Colony 11. GBHS Rehmatpur (11 Units).,5,19,Approved,04.01.24,Jun-27,78.498,100.0,,2026-2027,
602,SEDSE-PP-23-0107,602,"Repair / Rehabilitation of Existing High / Higher Secondary Schools(08 units) (Rain / Flood Damaged 2022) (SDG#4) GGLSS Chajjra,GGHS Kamber,GBHS Ghogharo,GBHS Khairpur Joso,GBHS Qubo Saeed Khan,GBHS Nasirabad, GBHS Shahdadkot & GBHS Haitam sohu",5,19,Approved,29.03.24,Jun-27,74.589,100.0,,2026-2027,
603,SEDSE-PP-23-0108,603,"Repair / Rehabilitation of Existing High / Higher Secondary Schools (Rain / Flood Damaged 2022) (SDG#4) 1.GGHS New Foujdari, 2. GGHS Bukeja Muhalla, 3. GBHS Garhi Syed, 4. GBHS Madeji (04 Units) (SDG#4).",5,19,Approved,26.03.24,Jun-27,57.287,100.0,,2026-2027,
604,SEDSE-PP-23-0109,604,"Repair / Rehabilitation of Existing High / Higher Secondary Schools (Rain / Flood Damaged 2022) (08 units) (SDG#4) GBLSS Bashir Ahmed Khoso,GBHSS Karampur,GBLS Sobho Ogahi,GBHS Miyani Suhrab,GGHSS Kandhkot, GGHS Darri,GBHSS Kashmore, GBHS Badani.",5,19,Approved,04.02.24,Jun-27,61.002,100.0,,2026-2027,
605,SEDSE-PP-23-0110,605,"Repair / Rehabilitation of Existing High / Higher Secondary Schools (08 units) (Rain / Flood Damaged 2022) (SDG#4) GGHS Qadirdad Noonari, GBHS Abdul Qadir Shah, GBHS Dr. Sohrab Khan Sarki, GBHS Khuda Bux Noonari, GBHS Jacobabad, GBHS Garhi Khairo, GGHS Garhi Khairo, GGHS (S.S) Jacobabad",5,19,Approved,25.03.24,Jun-27,79.707,100.0,,2026-2027,
606,SEDSE-PP-23-0111,606,Repair / Rehabilitation of Existing High / Higher Secondary Schools (06 units) (SDG#4). (i) GGHSS Chanaser Goth Jamshed Town (ii) GGHSS S.D Abro Jamshed Town (iii) GGHSS Nishter Road Pakistan Quarter Jamshed Town (iv) GB/GHSS Leemo Gabol Goth Gulshan-e- iqbal (v) GGHSSS Gulshan Block 6 Gulshan-e- Iqbal (iv) GGSS Jut Line No.II (Revised Date: 12-05-2026 Capital: 118.57 Revenue: 0.00,5,19,Approved,03.04.24,Jun-28,118.573,45.3,,2026-2027,
607,SEDSE-PP-23-0112,607,Total Cost: 118.57) Repair / Rehabilitation of Existing High / Higher Secondary Schools (i) GGHSS Baba Wilayat Ali Shah 11-1/2 (ii) GBSS Shams Mominabad (iii) GBSS Manghopir Campus (03 units)(SDG#4) (Revised on 07.05.2025).,5,19,Approved,27.03.24,Jun-28,161.082,34.9,,2026-2027,
608,SEDSE-PP-23-0113,608,Repair / Rehabilitation of Existing Primary / Elementary Schools” I. (I) GBSS P&T Colony (II) GBSS Pakistan National Muhammadi Ground (III) GBSS Lyari. 1 (03 Units) (SDG#4) (Revised on 25.04.2025)..,5,19,Approved,21.03.24,Jun-28,153.729,32.5,,2026-2027,
609,SEDSE-PP-23-0114,609,Repair / Rehabilitation of Existing Primary / Elementary Schools (Rain / Flood Affected 2022)” (I) GGHSS Comprehensive Block-M (II) GBSS Liaquatabad No. 9 (III) GGSS Ibrahim Ali Bhai Block-6 (IV) GGSS SECTOR 11/E (Little Angle) (04 Units) (SDG#4) (Revised on 07.05.2025).,5,19,Approved,21.03.24,Jun-28,155.608,37.8,,2026-2027,
610,SEDSE-PP-23-0115,610,"Repair / Rehabilitation of Existing High / Higher Secondary Schools (06 units) (SDG#4) (i) GBSS KTS NO.1, D-Area Korangi (ii) GBHSS Asif 36-B, Landhi (iii) GGSS 36-B Landhi (iv) GGSS Block-V, (Block-B) Shah Faisal Colony (v) GB/GHSSF Asif Kala Board Malir (iv) GBHS Jamia Millia (Revised on 08.05.2025).",5,19,Approved,04.03.24,Jun-28,196.391,26.0,,2026-2027,
611,SEDSE-PP-23-0116,611,Repair / Rehabilitation of Existing High / Higher Secondary Schools (i) GBHSS Wali Muhammad Goth (ii) GBHS Kamal Khan Jokhio (iii) GBSS Bheero Village (iv) GHS Allah Bux Himayati Goth (04 units) (SDG#4) (Revised on 28.04.2025).,5,19,Approved,04.03.24,Jun-28,140.207,30.9,,2026-2027,
612,SEDSE-PP-23-0117,612,Repair / Rehabilitation of Existing High / Higher Secondary Schools (SDG#4) 1. GBSS Jahangir No.04 2. GBSS Lassi Para 3. GBSS Maripur 4. GBSS Hawksbay 5. GGSS K.B Contractor 6. GBSS Band-e-Ali Mukhi (06 Units) (Revised on 06.05.2025).,5,19,Approved,27.03.24,Jun-28,194.137,26.9,,2026-2027,
613,SEDSE-PP-23-0118,613,Construction of High School Building in Gambat City and Re-construction / uplifting of Govt. Murad High School (SDG#4) (Revised on 08.05.2025).,5,19,Approved,29.03.24,Jun-28,199.878,35.7,,2026-2027,
614,SEDSE-PP-23-0119,614,"Provision of Additional Facilities and Remaining / Left Over work of GBHS But Sirai, GBHS Thariri Mohbat & GMS Sojhoro Mirani (SDG#4)",5,19,Approved,27.03.24,Jun-27,78.780,100.0,,2026-2027,
615,SEDSE-PP-23-0120,615,Construction / Reconstruction of Existing High / Higher Secondary Schools (i) GBHS No. 1 Tando Jam (ii) GGHS Main Hirabad (iii) GGHS Madarsat-ul-Banat (iv) GBHS Khalid Memorial (v) GBHS Sachal Sarmast (Rain / Flood Damaged 2022) (05 units) (SDG#4),5,19,Approved,22.03.24,Jun-27,77.247,100.0,,2026-2027,
616,SEDSE-PP-23-0121,616,Construction / Reconstruction of Existing High / Higher Secondary Schools (04 Units) (Rain / Flood Affected 2022)” 1. Govt. Boys Permanand Hardas Pilot High School. 2. GBHS Johi. 3. GBHS Dhani Bux Bughio. 4. GBHS Betto. (SDG#4),5,19,Approved,05.04.24,Jun-28,78.585,68.2,,2026-2027,U/R
617,SEDSE-PP-23-0122,617,Construction / Reconstruction of Existing High / Higher Secondary Schools I. GHS Shahmir RahuII. GBHS Mahar Shah (02 Units) (SDG#4) (Rain / Flood Damaged 2022).,5,19,Approved,22.03.24,Jun-27,78.540,100.0,,2026-2027,
618,SEDSE-PP-23-0123,618,Construction / Reconstruction of Existing High / Higher Secondary Schools I. GGHS Khadija KowajaII. GGHS Mulaktiar III. GBHS Ahmed Shah Matli - II (03 Units) (SDG#4) (Rain / Flood Damaged 2022).,5,19,Approved,24.11.23,Jun-27,58.734,100.0,,2026-2027,U/R
619,SEDSE-PP-23-0124,619,Construction / Reconstruction of Existing High / Higher Secondary Schools 1. GGHSS Tando Allahyar 2. GBHSS Muhammad Sadiq Memon 3. GBHSS Bahar Khan Mirjat 4. GBHSS Sajnar Chang (04 units) (SDG#4). (Rain / Flood Damaged 2022).,5,19,Approved,04.02.24,Jun-27,63.681,100.0,,2026-2027,
620,SEDSE-PP-23-0125,620,Construction / Reconstruction of Existing High / Higher Secondary Schools 1. GBHS Behar Colony 2.. GBHS Jamshoro Colony 3. GGHS Sann (03 Units) (SDG#4) (Rain / Flood Damaged 2022).,5,19,Approved,27.03.24,Jun-27,75.040,100.0,,2026-2027,
621,SEDSE-PP-23-0126,621,Construction / Reconstruction of Existing High / Higher Secondary Schools (07 Units) (SDG#4) (Rain / Flood Damaged 2022). I. GBHS Usman RahimoonII. GBHS KhadhroIII. GGHS KhoskiIV. GBHS Signal Chak @ Shadi LargeV. GBHS Dost Mohammad PanhwarVI. GBHS Kapri MoriVII. GBHS Golarchi (Block- B (Revised on 24.04.2025).,5,19,Approved,28.03.24,Jun-28,105.082,45.2,,2026-2027,
622,SEDSE-PP-23-0127,622,Repair / Rehabilitation of Existing Primary / Elementary Schools (Rain / Flood Affected 2022)” (I) GBHS Agheemani Portion (II) GBHS Akhud Baradai (III) GBHS Kar Shah (03 Units) (SDG#4).,5,19,Approved,22.03.24,Jun-27,63.109,100.0,,2026-2027,
623,SEDSE-PP-23-0128,623,Construction / Reconstruction of Existing High / Higher Secondary Schools I. GBHSS Jati II. GBHS Bachal Gugo III. GBHS Mureed Jarhjo IV. GBHS Banoo (04 Units) (SDG#4) (Rain / Flood Damaged 2022).,5,19,Approved,04.02.24,Jun-27,62.826,100.0,,2026-2027,
624,SEDSE-PP-23-0129,624,Construction / Reconstruction of Existing High / Higher Secondary Schools (10 Units) (SDG#4) (Rain / Flood Damaged 2022). I. GGHSS - Bhansiabad Block -C II. GBHS - Mirpur Old III. GBHS - Khan Sahib Din Muhammad Junejo IV. GBHS - Pir Bux Jarwar V. GBHS - Juhulari VI. GBHS - Shaheed Zulfqar Ali Bhutto VII. GBELS - Waghregi VIII. GBHS - Faqir Faiz Muhammad Bilalani (Campus) IX. GGHS - Deh - 170 (A) X. GGHS - Digri,5,19,Approved,28.03.24,Jun-27,78.647,100.0,,2026-2027,
625,SEDSE-PP-23-0130,625,Construction / Re-Construction of Existing High / Higher Secondary Schools (13 Units) (Rain / Flood Affected 2022)” 1. GBHS Phulrah Bah 2. GHS Charnore 3. GGHS Chachro (Block-B) 4. GBHS Kheensar 5. GHS Verhar 6. GGHS Nangarparkar 7. GBHSS Kaloi 8. GBHS Khetlari 9. GBHS Bhorilo 10. AJM GHS N/C Miithi 11. GHS Chibhriyal 12. GHS - Rooplo Kohli Verawah 13. GHS Saleh,5,19,Approved,04.05.24,Jun-27,78.801,100.0,,2026-2027,
626,SEDSE-PP-23-0131,626,Janjhi. (SDG#4) Construction / Reconstruction of Existing High / Higher Secondary Schools (02 units) 1. GBHS Bachaband 2. GBHS Saleh Bhambhro (Rain / Flood Damaged 2022) (SDG#4),5,19,Approved,21.03.24,Jun-28,79.816,67.6,,2026-2027,U/R
627,SEDSE-PP-23-0132,627,Repair / Rehabilitation of Existing Primary / Elementary Schools (Rain / Flood Affected 2022)” (I) GBHSS Muncipal Nawabshah (II) GBHSS Bandhi (III) GBHS Sarang Dahri.,5,19,Approved,03.08.24,Jun-27,76.763,100.0,,2026-2027,
628,SEDSE-PP-23-0133,628,Construction / Reconstruction of Existing High / Higher Secondary Schools (i) GBHSS. Shahpur Chaker (Campus) (ii) GBHS. Deh 22 Jamrao (iii) GGHS. Jhole (Rain / Flood Damaged 2022) (03 units) (SDG#4).,5,19,Approved,26.03.24,Jun-27,78.645,100.0,,2026-2027,
629,SEDSE-PP-23-0134,629,Construction / Reconstruction of Existing High / Higher Secondary Schools (i) GBHSS Bhiria City (ii) GBHS Mehrabpur (Block-B) (iii) GBHS Moro Town (iv) GBHS Khair Muhammad Bohio. (Rain / Flood Damaged 2022)(04 units) (SDG#4) (Revised on 08.05.2025).,5,19,Approved,26.03.24,Jun-28,180.575,26.3,,2026-2027,
630,SEDSE-PP-23-0135,630,Construction / Reconstruction of Existing High / Higher Secondary Schools 1. GBHSS Comprehensive 2. GBHS Ghumra 3. GBHS Kandri Rohal Fakir (Rain / Flood Damaged 2022) (03 units) (SDG#4).,5,19,Approved,04.02.24,Jun-27,78.069,100.0,,2026-2027,
631,SEDSE-PP-23-0136,631,Construction / Reconstruction of Existing High / Higher Secondary Schools (Rain / Flood Damaged 2022) (SDG#4) 1.GBHS - Dargah Loung Fakir 2.GBHS - Ahmed Pur 3.GBHSS - Bhangu Behan 4.GBHS - Basero 5.GBHS - Altaf Hussain Pathan 6. Lakha Wada 7. GBHS Babar Wada (07 Units).,5,19,Approved,26.03.24,Jun-28,128.128,45.6,,2026-2027,
632,SEDSE-PP-23-0137,632,Repair / Rehabilitation of Existing Primary / Elementary Schools (Rain / Flood Affected 2022)” (03 UNITS) (i) GBHS Mathelo (ii) GBHS Jarwar (iii) GGHS Daharki.,5,19,Approved,03.08.24,Jun-28,78.848,68.0,,2026-2027,U/R
633,SEDSE-PP-23-0138,633,Construction / Reconstruction of Existing High / Higher Secondary Schools (Rain / Flood Damaged 2022) (SDG#4) 1. GBHS Masoodero 2. GBHS-DC Larkano 3. GBHSS Municipal Larkano 4. GGHSS Lahori Muhalla Larkano 5.GBHS Bakrani 6. GGHS Bakrani (06 Units).,5,19,Approved,04.02.24,Jun-27,75.908,100.0,,2026-2027,
634,SEDSE-PP-23-0139,634,"Construction / Reconstruction of Existing High / Higher Secondary Schools (06 units) (Rain / Flood Damaged 2022) (SDG#4) GBHSS Beer Sharif,GBHSS Kot Lal Bux Mahesar,GBHSS Arzi Bhutto , GGHSS Warah, GBHS datu tivino & GBHS khandu (Revised Date: 22-05- 2026 Capital: 118.33 Revenue: 0.00 Total Cost: 118.33)",5,19,Approved,26.03.24,Jun-28,118.327,45.0,,2026-2027,
635,SEDSE-PP-23-0140,635,Construction / Reconstruction of Existing High / Higher Secondary Schools (Rain / Flood Damaged 2022) (SDG#4) 1. GBHS Islamia 2. GGHS Rustam 3. GGHS Mirzapur (03 Units) (Revised on 28.04.2025).,5,19,Approved,29.03.24,Jun-28,160.034,26.5,,2026-2027,
636,SEDSE-PP-23-0141,636,"Construction / Reconstruction of Existing High / Higher Secondary Schools (09 units) (Rain / Flood Damaged 2022) (SDG#4) GGHS Tangwani,GBHS Mir Mehran Mushtaque Khan Bijarani, GBHS Mir Mehran Khan Bijarani,GBHSS Darri, GGHSS Ghouspur, GBHSS Guddu, GBHS Balach Dahani,GBHS Machi Bundo, GBHS Sohbat Golo",5,19,Approved,29.03.24,Jun-27,61.882,100.0,,2026-2027,
637,SEDSE-PP-23-0142,637,"Construction / Reconstruction of Existing High / Higher Secondary Schools (Rain / Flood Damaged 2022) (05 units) (SDG#4) (i)GGHSS K.G Jacobabad, (2) GBHS Punhoon Bhatti, (3) GBHS Ahmed Mian Soomro, (4) GBHSS A.M.K.K.S SIS Thul, (5) GGHSS Thul",5,19,Approved,25.03.24,Jun-27,79.800,100.0,,2026-2027,
638,SEDSE-PP-23-0143,638,Construction / Reconstruction of Existing High / Higher Secondary Schools. (03 Units) (i) GBHSS Juful Hurst No.2 Jamshed Town (ii) GGHSS University Campus Gulshan-e-Iqbal (iii) GGSS P.I.B Colony Gulshan-e-iqbal (SDG#4) (Revised on 25.04.2025).,5,19,Approved,04.03.24,Jun-28,116.972,45.3,,2026-2027,
639,SEDSE-PP-23-0144,639,Construction / Reconstruction of Existing High / Higher Secondary Schools (02 units) (i) GGLSS Mulla Hussain Goth (ii) GGHSS No. 14 Baloch Goth (SDG#4) (Revised on 07.05.2025).,5,19,Approved,28.03.24,Jun-28,122.465,33.5,,2026-2027,
640,SEDSE-PP-23-0145,640,Construction / Reconstruction of Existing High / Higher Secondary Schools (02 units) (i) GBHS ST. Xavier (ii) GBSS D.C.T.O Lyari (SDG#4) (Revised on 07.05.2025).,5,19,Approved,22.03.24,Jun-28,162.017,28.5,,2026-2027,
641,SEDSE-PP-23-0146,641,"Repair / Rehabilitation of Existing Primary / Elementary Schools (Rain / Flood Affected 2022)” (I) GBHSS New Method Block-15, F.B Area (II) GBHSS Mumtaz Firdous Colony (02 Units) (SDG#4).",5,19,Approved,21.03.24,Jun-27,78.450,100.0,,2026-2027,
642,SEDSE-PP-23-0147,642,Construction / Reconstruction of Existing High / Higher Secondary Schools. (04 units) (i) GBSS Bilal Colony Korangi (ii) GGSS Baldia C-1 Landhi (iii) GGSS Jamia Millia (Block-B) Shah Faisal Colony (iv) GGHSS Faryal Model Block-B Malir (SDG#4) (Revised on 28.04.2025).,5,19,Approved,28.03.24,Jun-28,166.499,29.2,,2026-2027,
643,SEDSE-PP-23-0148,643,Construction / Reconstruction of Existing High / Higher Secondary Schools. (03 units) (i) GGHS Nooruddin Bagh (ii) GBHS Pipri Usman Goth (iii) GBSS Konkar (SDG#4) (Revised on 28.04.2025).,5,19,Approved,04.03.24,Jun-28,137.440,31.3,,2026-2027,
644,SEDSE-PP-23-0149,644,Construction / Reconstruction of Existing High / Higher Secondary Schools. (02 units) (i) GBSS Anjam Colony (ii) GBSS Sualehabad (SDG#4) (Revised on 06.05.2025).,5,19,Approved,28.03.24,Jun-28,118.280,41.0,,2026-2027,
645,SEDSE-PP-23-0150,645,Up-lifting / Provision of Essential amenties in Existing Govt High School (Campus School) Thatta (SDG#4).,5,19,Approved,04.05.24,Jun-28,117.132,46.8,,2026-2027,
646,SEDSE-PP-23-0151,646,"Up-gradation of GGLSS Barachani to Secondary Schools Taluka Bulri Shah Karim (SDG#4) (Revised on 25.04.2025).(C:68.792, R:6.409)",5,19,Approved,04.01.24,Jun-28,75.201,91.5,,2026-2027,
647,SEDSE-PP-23-0152,647,"Up-gradation of GBS Barachani to the Level of Higher Secondary School Taluka Bulri Shah Karim (SDG#4) (Revised on 25.04.2025). (C:148.105, R:7.425)",5,19,Approved,04.01.24,Jun-28,155.530,33.0,,2026-2027,
648,SEDSE-PP-23-0154,648,"Construction of Higher Secondary School Saleh Mahar, Taluka Ghotki (SDG#4) (Revised on 08.05.2025).",5,19,Approved,03.08.24,Jun-28,161.751,33.3,,2026-2027,
649,SEDSE-PP-23-0155,649,"Reconstruction and Up-gradation of GBLSS to Secondary School, Shabuddin Katohar, Shadi Shaheed, Taluka Khairpur. (SDG#4).",5,19,Approved,03.11.24,Jun-27,84.317,100.0,,2026-2027,
650,SEDSE-PP-23-0156,650,Up-gradation of Govt. Girls High School to the Level of Higher Secondary School Umerkot (SDG#4).,5,19,Approved,22.03.24,Jun-27,79.678,100.0,,2026-2027,
651,SEDSE-PP-23-0157,651,Establishment of Single Section Boys & Girls High Schools Umerkot City (02 Units) (SDG#4). (Revised Date: 22-05-2026 Capital: 165.28 Revenue: 9.10 Total Cost: 174.38),5,19,Approved,11.03.24,Jun-28,174.383,41.6,,2026-2027,
652,SEDSE-PP-23-0158,652,Reconstruction of High Enrollment GBHSS No.1 Umerkot (SDG#4). (Revised Date: 22-05- 2026 Capital: 163.03 Revenue: 11.19 Total Cost: 174.22),5,19,Approved,22.03.24,Jun-28,174.222,32.0,,2026-2027,
653,SEDSE-PP-23-0159,653,"Reconstruction and Additional facilities at Govt. High School Ahori Farm, Taluka Umerkot (SDG#4)",5,19,Approved,22.03.24,Jun-27,79.682,100.0,,2026-2027,
654,SEDSE-PP-23-0160,654,Up-gradation of High School Shadi Pali to the Level of Higher Secondary School Tauka Pithoro (SDG#4),5,19,Approved,21.03.24,Jun-28,95.815,50.9,,2026-2027,U/R
655,SEDSE-FP-24-0001,655,Sindh School Rehabilitation Project under Flood Restoration Program (ADB-Emergency Assisted) (Cost Rs. 86080.50 million (US $ 302.50 million) (ADB Share Rs. 78518.00 million (US $ 275.00) + (GoS Share Rs. 7562.50 million (US $ 27.50 million).,5,19,Approved,12.11.23,Jun-28,7562.500,46.2,,2026-2027,
656,SEDSF-PP-17-0042,656,Establishment of Sindh Education Foundation Office Complex (Revised on 03.05.23) (C:530.734+R:74.292) (SDG#4),5,20,Approved,14.07.17,Jun-28,605.026,32.4,,2026-2027,
657,SEDSF-PP-17-0043,657,SEF Regional Office / Professional Development Center / Student Learning Center (Revised on 03.05.23) (C:253.724+R:95.310) (SDG#4),5,20,Approved,11.07.17,Jun-28,349.034,32.9,,2026-2027,
658,SEDSF-PP-17-0044,658,SEF Regional Office / Professional Development Center / Student Learning Center (Revised on 03.05.23) (C:195.085+R:62.604) (SDG#4),5,20,Approved,11.07.17,Jun-28,257.689,30.1,,2026-2027,
659,SEDSF-PP-18-0005,659,Youth Education Employment & Empowerment Program (YEEEP) (Estimated Cost Rs.600 M UNDP Grant Rs.300 M & GOS Share Rs.300 M),5,20,Approved,31.05.19,Jun-28,300.000,53.3,,2026-2027,U/R
660,SEDTE-PP-23-0161,660,Repair / Rehabilitation of Elementary Colleges 1.Elementary Colleges for Women Larkano 2. Elementary College for Men Larkano 3. Elementary College Shikarpur 4. Elementary College Jacobabad 5. Elementary College Kandhkot (05 Units) (SDG#4).,5,21,Approved,04.02.24,Jun-28,110.581,36.2,,2026-2027,
661,SEDTE-PP-23-0162,661,Repair / Rehabilitation / Construction of Elementary Colleges. 1.Govt. Elementary College of Education Women Sukkur 2. Government Elementary College for Women Khairpur 3. Govt. Elementary College of Education Men Khairpur (03 Units) (SDG#4).,5,21,Approved,04.02.24,Jun-28,115.418,34.7,,2026-2027,
662,SEDTE-PP-23-0163,662,Repair / Rehabilitation of Elementary College of Education. 1. Provincial Institue of Teacher Education (PITE) Nawabshah 2. Govt. Elementary College of Education (Male) Mithiani 3. Govt. Elementary College of Education (Male Sanghar (03 Units) (SDG#4).,5,21,Approved,04.02.24,Jun-27,78.565,100.0,,2026-2027,
663,SEDTE-PP-23-0164,663,"Repair / Rehabilitation of Elementary College of Education (03 Units) (i) Elementary College of EducationMirpurkhas, (ii) Elementary College of Education Mithi (iii)Paracting School (SDG#4)",5,21,Approved,04.05.24,Jun-27,77.253,100.0,,2026-2027,
664,SEDTE-PP-23-0165,664,"Repair / Rehabilitation of Elementary Colleges of Education. (05 units) (i) GECE (W&M) Hyderabad, (ii) GECE (W&M)Thatta, (iii) GECE (W&M) Dadu, (iv) Agro Tec Institute Hyderabad (v) Paracting Schools (SDG#4)",5,21,Approved,04.01.24,Jun-28,141.740,30.0,,2026-2027,
665,SEDTE-PP-23-0166,665,Repair / Rehabilitation of Elementary College of Education. ( 4 units) (i) GECE Men Qasimabad (ii) GECE Men Lyari (iii) GECE Women Shah Faisal Colony (iv) & Paracting School / DETRC (SDG#4),5,21,Approved,28.03.24,Jun-28,156.856,27.1,,2026-2027,
666,SEDSA-PP-13-0003,666,"Rehabilitation / Renovation and Re- construction of TEVT Institutes in Sindh Phase-I (Khairpur, Hyderabad, Thatta, Karachi, Qamber, Jamshoro & N.Feroze) (C: 417.420 + R: 123.391)",5,22,Approved,17.01.14,Jun-27,540.811,100.0,,2026-2027,U/R
667,SEDSA-PP-14-0006,667,"Establishment of Vocational Training Centre at Kashmore (C:74.434 + R:35.911) (Revised 06.02.15) (SDG # 1,4,9) Umbrella PC-I for Incomplete Schemes",5,22,Approved,03.01.06,Jun-27,110.345,100.0,,2026-2027,U/R
668,SEDSA-PP-15-0010,668,"Transferred from Education and Labour Departments to STEVTA [Karachi (21 Units), Khairpur, N'Feroze, Badin, Tharparkar (2 Units each), Jacobabad, Umerkot, Tando Allahyar, Hyderabad, Sujawal, Kashmore and Sanghar (1 Unit each)] (Revised on 21.10.2015) (C: 3472.100+R: 1967.900)",5,22,Approved,03.03.11,Jun-27,5440.000,41.3,,2026-2027,U/R
669,SEDSA-PP-15-0011,669,"Modernization of Government College of Technology, SITE Karachi & Mirpurkhas (Phase-I) (C: 87.057 + R: 10.904) (Revised Date: 02-09-2025 Capital: 154.68 Revenue: 14.08 Total Cost: 168.76)",5,22,Approved,01.08.16,Jun-27,168.763,100.0,,2026-2027,
670,SEDSA-PP-15-0012,670,"Establishment of Government Vocational Centres for Girls (09 Units) in Sindh (Larkana, Khairpur & Naushehro Feroze (2 Units each) and Mirpurkhas, Umerkot & Tharparkar (1 Unit each) (C: 218.696 + 35.075) (SDG # 1,4,9) (Revised Date: 20-05-2026 Capital: 218.70 Revenue: 35.08 Total Cost: 253.77)",5,22,Approved,17.12.15,Jun-27,253.771,100.0,,2026-2027,U/R
671,SEDSA-PP-16-0025,671,"Rehabilitation / Renovation and Re- construction of TEVT Institutes in Sindh Phase-II (Karachi, Sukkur, S.B.A, Kashmore, Larkano & Umerkot) (C:129.926 + R:20.074) (SDG # 1,4,9)",5,22,Approved,18.08.16,Jun-27,150.000,100.0,,2026-2027,U/R
672,SEDSA-PP-16-0026,672,"Construction / reconstruction and raising of boundary walls along with fixing of barbed wire / grills, main gates, construction guard rooms at STEVTA Intitutions (C: 199.645+ R: Nil) Kar, Larkano, Khairpur Mirs, Kamber, N.Feroze, Umerkot, Ghotki, Thar, Sanghar)",5,22,Approved,08.10.16,Jun-27,199.645,97.0,,2026-2027,U/R
673,SEDSA-PP-16-0027,673,Construction of B-Tech Depatt: at GCT Hyderabad (Revised Date: N/A Capital: 140.57 Revenue: 0.00 Total Cost: 140.57),5,22,Approved,26.10.16,Jun-27,140.569,100.0,,2026-2027,U/R
674,SEDSA-PP-16-0028,674,Rehabilitation / Renovation and Re- construction of TEVT Institutes in Sindh Phase-III (04 Units) (C:111.014 + R: 7.008) (Revised Date: 02-09-2025 Capital: 186.82 Revenue: 12.26 Total Cost: 199.08),5,22,Approved,25.11.16,Jun-27,199.082,100.0,,2026-2027,
675,SEDSA-PP-16-0029,675,"Establishment of Government Vocational Centres for Girls (04 Units) in Sindh(C:59.928 + R: 14.422) (SDG # 1,4,9) (Revised Date: N/A Capital: 59.93 Revenue: 14.42 Total Cost: 74.35)",5,22,Approved,27.09.16,Jun-27,74.350,97.6,,2026-2027,U/R
676,SEDSA-PP-16-0030,676,"Up-gradation of Government Vocational Centres for Girls at Naushehro Feroze (C:21.571 + R:7.795) (SDG # 1,4,9) Establishment of Government Vocational",5,22,Approved,27.09.16,Jun-27,29.365,100.0,,2026-2027,U/R
677,SEDSA-PP-17-0051,677,"Centres for Girls (04 Units) at Village Punhal Khan Chandio Tluka Sakrand, District S.B.A, (ii) Drib Pir Mehar Ali Shah Taluka Kingri Distt: Khairpur (iii) Village Noorabad Taluka Warah Distt: Qamber and (iv) Shahdadkot, Village Dassor Taluka Jhando Mari Distt: Tando Allahyar (C:135.164 +R:22.172) (SDG # 1,4,9) Revised on 26.12.2024",5,22,Approved,10.10.17,Jun-27,157.336,100.0,,2026-2027,
678,SEDSA-PP-17-0052,678,"Up-gradation of Govt. Polytechnic Institute, Mithi to the level of Govt. College of Technology (C:82.125 R:82.095) (SDG # 1,4,9)",5,22,Approved,27.11.17,Jun-27,164.220,66.0,,2026-2027,U/R
679,SEDSA-PP-17-0053,679,"Establishment of Skill Development Center for women with disabilities in Karachi (C:39.985 + R:19.404) (SDG # 1,4,9) (Revised Date: 02-09- 2025 Capital: 86.78 Revenue: 19.40 Total Cost: 106.18)",5,22,Approved,02.08.18,Jun-27,106.179,100.0,,2026-2027,
680,SEDSA-PP-17-0055,680,"Strengthening the TEVT institutes in Sindh (SDG # 1,4,9) (C:141.253+R:6.299)",5,22,Approved,27.11.17,Jun-27,147.552,95.7,,2026-2027,U/R
681,SEDSA-PP-17-0056,681,Establishment of Syed Qutab Ali Shah Govt. Polytechnic Institute at Shujjabad (C:57.313 + R:42.687) (Revised Date: 02-09-2025 Capital: 110.10 Revenue: 64.03 Total Cost: 174.13),5,22,Approved,10.10.17,Jun-27,174.125,63.2,,2026-2027,
682,SEDSA-PP-17-0057,682,"Construction of B-Tech Section at Govt: College of Technology (GCT) (C:141.510 + R:129.198) (SDG # 1,4,9)",5,22,Approved,19.02.18,Jun-27,270.708,41.5,,2026-2027,U/R
683,SEDSA-PP-19-0122,683,Establishment of Govt. Vocational Center Girls at Kamal Dero Taluka Gambat (C:22.347 + R:7.935) (Revised Date: 01-09-2025 Capital: 101.01 Revenue: 25.00 Total Cost: 126.01),5,22,Approved,21.05.20,Jun-27,126.012,25.4,,2026-2027,
684,SEDSA-PP-21-0330,684,"Establishment of Shaheed Fazil Rahu Govt. Vocational School (G), (Golarchi) District Badin (SDG # 1,4,9) (C;28.893, R: 4.082) (Revised Date: 12-10-2025 Capital: 50.60 Revenue: 4.64 Total Cost: 55.24)",5,22,Approved,30.03.22,Jun-27,55.240,100.0,,2026-2027,
685,SEDSA-PP-21-0331,685,"Construction of building of GVS (G) Juhi (Dadu) (SDG # 1,4,9) (C;26.793, R: 0.545) (Revised Date: 11-10-2025 Capital: 45.07 Revenue: 3.08 Total Cost: 48.15)",5,22,Approved,30.03.22,Jun-27,48.146,100.0,,2026-2027,
686,SEDSA-PP-21-0332,686,"Rehabilitation of Technical Training Center Sherpao Colony, Landhi Karachi (SDG # 1,4,9) (Revised Date: 12-10-2025 Capital: 37.56 Revenue: 0.00 Total Cost: 37.56)",5,22,Approved,30.03.22,Jun-27,37.559,100.0,,2026-2027,
687,SEDSA-PP-21-0333,687,"Establishment of GVTC at Islamkot District Tharparkar (SDG # 1,4,9) (Revised Date: 12- 10-2025 Capital: 53.73 Revenue: 0.00 Total Cost: 53.73)",5,22,Approved,30.03.22,Jun-27,53.732,100.0,,2026-2027,
688,SEDSA-PP-22-0305,688,Establishment of GVTC at UC No. 09 Jahanabad TMC Moriro Mir Bahar District Keamari (C:52.384+ R:13.892) (Revised Date: 21-01-2025 Capital: 53.38 Revenue: 13.89 Total Cost: 67.28),5,22,Approved,22.01.25,Jun-27,67.276,100.0,,2026-2027,
689,SEDSA-PP-22-0306,689,"Inclusion of Three Technologies i.e. mechanical Chemical and Electrical at Government Polytechnic Institute, Matiari (Revised Date: 12-10-2025 Capital: 82.79 Revenue: 97.74 Total Cost: 180.53)",5,22,Approved,21.05.24,Jun-28,180.525,22.2,,2026-2027,
690,SEDSA-PP-22-0307,690,"Establishment of GVS (G) at Manghan Wari Taluka Kingri District Khairpur (C:38.347 + R:11.480) (SDG # 1,4,9) (Revised Date: 12-10- 2025 Capital: 57.08 Revenue: 15.11 Total Cost: 72.19)",5,22,Approved,16.05.23,Jun-27,72.185,100.0,,2026-2027,
691,SEDSA-PP-22-0308,691,"Establishment of GVTC (G) at Daur District Nawabshah Shaheed Benazirabad (C:50.00+ R:0.00) (SDG # 1,4,9) (Revised Date: 09-10- 2025 Capital: 55.35 Revenue: 13.67 Total Cost: 69.02)",5,22,Approved,16.05.23,Jun-27,69.022,100.0,,2026-2027,
692,SEDSA-PP-22-0309,692,"Estabishment of GVS (G) Mitho Narejo District Khairpur (C: 28.218, R:6.783) (Revised Date: 12-10-2025 Capital: 39.35 Revenue: 4.58 Total Cost: 43.93)",5,22,Approved,16.05.23,Jun-27,43.927,99.9,,2026-2027,
693,SEDSA-PP-22-0310,693,"Upgradation / Rehabilitation / Construction of GMI, Sehwan to the level of GPI Sehwan. (C:100.00 + R:0.00) (Revised Date: 12-10-2025 Capital: 99.59 Revenue: 52.35 Total Cost: 151.94)",5,22,Approved,21.05.24,Jun-28,151.935,29.5,,2026-2027,
694,SEDSA-PP-22-0311,694,Establishment of VTC (B) at Nooriabad District Jamshoro (C:54.878+ R:47.349) (revised on 22.01.2025) (Revised Date: 12-10- 2025 Capital: 54.88 Revenue: 47.35 Total Cost: 102.23),5,22,Approved,22.01.25,Jun-28,102.227,39.1,,2026-2027,
695,SEDSA-PP-22-0312,695,"Rehabilitation / Repair & Renovation of GPI Jacobabad (SDG # 1,4,9) (Revised Date: N/A Capital: 95.92 Revenue: 0.00 Total Cost: 95.92)",5,22,Approved,16.05.23,Jun-28,95.924,32.8,,2026-2027,
696,SEDSA-PP-22-0314,696,"Establishment of GVS (G) at village Amanullah Daheri Taluka Shahdadpur District Sanghar. (C;25.660, R: 4.340) (Revised Date: 11-10-2025 Capital: 40.10 Revenue: 4.34 Total Cost: 44.44)",5,22,Approved,16.05.23,Jun-27,44.439,100.0,,2026-2027,
697,SEDSA-PP-22-0315,697,Repair & Rehabilitation of GMI Baldia Town Karachi (C:45.915 + R:4.085) (Revised Date: 12-10-2025 Capital: 92.27 Revenue: 0.00 Total Cost: 92.27),5,22,Approved,16.05.23,Jun-27,92.265,100.0,,2026-2027,
698,SEDSA-PP-22-0316,698,Repair & Rehabilitation of GMI Tando Jam (Revised Date: 11-10-2025 Capital: 68.69 Revenue: 0.00 Total Cost: 68.69),5,22,Approved,16.05.23,Jun-27,68.685,100.0,,2026-2027,
699,SEDSA-PP-22-0317,699,Repair & Rehabilitation of GVS(G) Hala and Qasimabad (Revised Date: 12-10-2025 Capital: 51.33 Revenue: 0.00 Total Cost: 51.33),5,22,Approved,16.05.23,Jun-27,51.326,100.0,,2026-2027,
700,SEDSA-PP-22-0318,700,"Construction of Additional block at GMI Shahdadkot (C: 34.750, R: 15.250) (Revised Date: 11-10-2025 Capital: 54.46 Revenue: 15.25 Total Cost: 69.71)",5,22,Approved,22.01.25,Jun-27,69.709,100.0,,2026-2027,
701,SEDSA-PP-22-0319,701,Establishment of GMI at Moro District Naushehro Feroze (Revised Date: 12-10-2025 Capital: 126.05 Revenue: 0.00 Total Cost: 126.05),5,22,Approved,16.05.23,Jun-28,126.046,43.6,,2026-2027,
702,SEDSA-PP-22-0320,702,Rehabilitation of VTC Badin (C: 63.631 + R: 0.00) Construction / Re-Construction and Raising of,5,22,Approved,22.01.25,Jun-27,63.631,100.0,,2026-2027,U/R
703,SEDSA-PP-22-0321,703,"Boundary Walls along-with Fixing of Barbed Wires / Grills & Main Gates and Construction of Guard Rooms at TEVTA Institutions (7 Units) (SDG # 1,4,9) (Revised Date: 02-09- 2025 Capital: 193.43 Revenue: 0.00 Total Cost: 193.43)",5,22,Approved,21.05.24,Jan-28,193.433,21.2,,2026-2027,
704,SEDSA-PP-22-0322,704,"Upgradation and Merging of GVS (G) and VTC Mall Road, Khairpur (Construction of multi storey building) (Revised Date: N/A Capital: 89.15 Revenue: 17.33 Total Cost: 106.48)",5,22,Approved,21.05.24,Jun-28,106.479,28.9,,2026-2027,
705,SEDSA-PP-22-0323,705,Repair / Rehabilitation of VTC Ratodero District Larkana (Revised Date: 02-09-2025 Capital: 43.22 Revenue: 0.00 Total Cost: 43.22),5,22,Approved,16.05.23,Jun-27,43.218,100.0,,2026-2027,
706,SEDSA-PP-22-0324,706,Repair / Rehabilitation of VTC Naudero District Larkana (Revised Date: 30-08-2025 Capital: 53.56 Revenue: 0.00 Total Cost: 53.56),5,22,Approved,21.05.24,Jun-28,53.562,53.7,,2026-2027,
707,SEDSA-PP-23-0313,707,Establishment of GVTC (G) at Ahmedpur District Khairpur (C:53.392 + R:14.338) (Revised Date: 22-01-2025 Capital: 53.39 Revenue: 14.34 Total Cost: 67.73),5,22,Approved,22.01.25,Jun-27,67.730,100.0,,2026-2027,
708,SEDSA-PP-23-0314,708,Establishment of GVTC (G) at Taluka Kandiaro District Naushehro Feroze (C:54.432+ R:14.338) (Revised Date: 22-01- 2025 Capital: 54.43 Revenue: 14.34 Total Cost: 68.77),5,22,Approved,22.01.25,Jun-27,68.770,100.0,,2026-2027,
709,UEDUB-PP-10-0003,709,"Establishment of Quaid-e-Awam University of Engineering Science & Technology, Constituent College / Campus at Larkano (C:1131.925 + R:1504.983) (SDG#4)",5,23,Approved,13.01.11,Jan-27,2636.908,56.2,,2026-2027,U/R
710,UEDUB-PP-10-0004,710,"Construction of Shaheed Benazir Bhutto Hostel Blocks, Security Arrangements (Electronic Equipment), Sewerage Treatment Facilities, Beautification & Improvement of QUEST at Shaheed Benazirabad (C:121.602 + R:31.862) (SDG#4)",5,23,Approved,28.10.10,Jan-26,153.464,99.6,,2026-2027,U/R
711,UEDUB-PP-11-0003,711,"Stengthening of Institute of Physcial Medicine and Rehabilitation of Disable at Dow University of Health Sciences, Karachi (C:61.250 + R:183.704)",5,23,Approved,22.12.11,Jan-27,244.376,50.3,,2026-2027,U/R
712,UEDUB-PP-11-0005,712,Immediate Needs of QUEST at Nawabshah (C:176.182 R:17.880) (Revised Date: N/A Capital: 176.18 Revenue: 17.88 Total Cost: 194.06),5,23,Approved,11.02.11,Jan-26,194.062,95.2,,2026-2027,U/R
713,UEDUB-PP-12-0007,713,Establishment of Shaheed Mohtarma Benazir Bhutto Chair & Convention Centre at Karachi University (Revised 28.04.25) (C:345.005 + R:97.036) (SDG#4) (Revised Date: 05-05-2025 Capital: 2124.92 Revenue: 140.00 Total Cost: 2264.92),5,23,Approved,15.03.13,Jan-26,2264.920,21.8,,2026-2027,
714,UEDUB-PP-12-0008,714,Establishment of Shaikh Ayaz University Shikarpur (C:740.791 + R:247.693) (SDG#4) (Revised Date: 05-05-2025 Capital: 1765.24 Revenue: 484.62 Total Cost: 2249.86),5,23,Approved,20.12.12,Jan-27,2249.861,15.6,,2026-2027,
715,UEDUB-PP-12-0009,715,Establishment of Women University at Sukkur (Revised 18.11.2024) (C:2932.490 + R:992.672) (SDG#4),5,23,Approved,22.01.13,Jan-27,3925.162,28.4,,2026-2027,
716,UEDUB-PP-12-0010,716,Extension of Educational Allied Facilities at Sukkur IBA and IBA Community College Khairpur (C: 861.716 + R: 438.284) (SDG#4),5,23,Approved,27.09.12,Jan-27,1300.000,60.4,,2026-2027,U/R
717,UEDUB-PP-12-0011,717,"Establishment of Aror University of Art, Architecture, Design and Heritage Sindh at Sukkur (Revised 10.11.23) (C:1896.157 + R: 329.764)",5,23,Approved,11.10.23,Jan-27,2225.921,100.0,,2026-2027,
718,UEDUB-PP-12-0012,718,Establishment of Bilawal Bhutto Engineering College Lyari (C:1301.609 + R:541.980) (SDG#4),5,23,Approved,02.12.13,Jan-27,1843.589,0.0,,2026-2027,
719,UEDUB-PP-12-0014,719,"Establishment of Shaheed Zulfiqar Ali Bhutto Engineering College in Memon Goth, Gadap Town, Karachi (C:1099.509 + R:455.315) (SDG#4) (Revised Date: 30-03-2025 Capital: 2376.99 Revenue: 1134.40 Total Cost: 3511.39)",5,23,Approved,01.03.13,Jan-27,3511.393,32.5,,2026-2027,
720,UEDUB-PP-12-0015,720,Establishment of Sindh University Laar Campus at Badin (SDG#4),5,23,Approved,15.03.13,Jan-27,943.932,7.4,,2026-2027,U/R
721,UEDUB-PP-13-0005,721,Establishment of Shaheed Zulfiqar Ali Bhutto University of Law at Karachi (C:1038.122 + R:107.056) (SDG#4) (Revised Date: 11-03- 2025 Capital: 1418.20 Revenue: 312.67 Total Cost: 1730.87),5,23,Approved,27.09.13,Jan-26,1730.869,69.8,,2026-2027,
722,UEDUB-PP-14-0007,722,"Strengthening / Up-gradation of Jinnah Sindh Medical University, Karachi (C:567.010 + R:224.136) (Revised Date: 24-08-2025 Capital: 2486.93 Revenue: 378.10 Total Cost: 2865.03)",5,23,Approved,29.05.15,Jan-27,2865.027,10.1,,2026-2027,
723,UEDUB-PP-15-0013,723,Establishment of Shaheed Benazir Bhutto University of Veterinary and Animal Sciences Sakrand (C:852.257 + R:326.615),5,23,Approved,12.04.15,Jan-26,1178.872,98.6,,2026-2027,U/R
724,UEDUB-PP-15-0014,724,Establishment of Khairpur College of Agriculture and Management Sciences Khairpur Mir’s Constituent College of Sindh Agriculture University Tandojam (Revised on 31.12.15) (C:853.866 + R:538.647) (SDG#4),5,23,Approved,11.08.12,Jan-27,1392.513,62.5,,2026-2027,U/R
725,UEDUB-PP-17-0058,725,"Upgradation of Government College of Technology, Khairpur into the Benazir Bhutto Shaheed University of Technology & Skill Development Khairpur Mirs Total Cost Rs.1909.620 M {GoP Share: Rs:1017.733 M (C:691.500 +R: 326.233) & GoS Share: Rs:891.887 M (C:379.770 +R:512.117)",5,23,Approved,12.04.17,Jan-27,891.887,24.0,,2026-2027,U/R
726,UEDUB-PP-17-0059,726,(SDG#4) Strengthening of Infrastructure Phase-I (Replacement of Water & Sewerage Networks) at University of Karachi (C:493.980 + R:8.130) (SDG#4),5,23,Approved,08.11.17,Jan-27,502.110,6.0,,2026-2027,
727,UEDUB-PP-17-0060,727,"Establishment of Sindh Innovation, Education and Research Network (SIREN) University of Karachi (SDG#4)",5,23,Approved,23.02.18,Jan-26,191.900,50.6,,2026-2027,U/R
728,UEDUB-PP-17-0061,728,"Establishment of Latif Ebrahim Jamal Nanotechnology Center, ICCBS, University of Karachi Total: Rs.633.989 million GoS Share: Rs:533.468 million (C:80.853 + R:447.276) HEJ Share: Rs.100.521 million (C:100.521)",5,23,Approved,25.04.18,Jun-27,533.468,25.9,,2026-2027,U/R
729,UEDUB-PP-19-0123,729,Establishment of Benazir Bhutto Shaheed Institute of Management Science Dadu (C:789.648 + R:402.331) (Revised 19.12.19) (SDG#4),5,23,Approved,19.12.19,Jan-27,1191.979,69.0,,2026-2027,U/R
730,UEDUB-PP-19-0124,730,Establishment of Sufism and Modern Sciences University at Bhit Shah (C:696.508 + R:346.268) (SDG#4) (Revised Date: 13-05- 2025 Capital: 1485.33 Revenue: 386.16 Total Cost: 1871.48),5,23,Approved,20.02.20,Jan-27,1871.484,46.1,,2026-2027,
731,UEDUB-PP-19-0126,731,"Establishment of Thar Institute of Engineering, Sciences & Technology (TIEST), at Islamkot, Tharparkar (Constituent College of NED University) (Revised 26.08.2024) (C:2252.977 + R:888.606) (SDG#4)",5,23,Approved,29.05.20,Jan-27,3141.583,77.5,,2026-2027,
732,UEDUB-PP-19-0127,732,Construction of Central/Digital Library at Chandka Medical College of SMBBMU Larkano (C:375.189 + R:101.340) (SDG#4),5,23,Approved,29.05.20,Jan-26,476.529,75.4,,2026-2027,
733,UEDUB-PP-20-0025,733,Immediate Needs & Development of Dawood University of Engineering and Technology Karachi (SDG#4),5,23,Approved,03.11.21,Jan-27,437.497,24.7,,2026-2027,U/R
734,UEDUB-PP-21-0334,734,Construction of Residential Units at New Campus of Peoples University of Medical and Health Sciences for Women Nawabshah (SBA) (Revised 26.02.2025) (SDG # 4),5,23,Approved,06.06.22,Jan-27,1028.246,24.8,,2026-2027,
735,UEDUB-PP-21-0337,735,"Establishment of Institute of Pharmacy Liaquat University of Health Sciences (LUMHS), Jamshoro (C:324.474 + R:67.860) (SDG # 4) (Revised Date: 05-05-2025 Capital: 618.58 Revenue: 120.99 Total Cost: 739.57)",5,23,Approved,21.04.22,Jan-26,739.571,100.0,,2026-2027,
736,UEDUB-PP-21-0340,736,"Constructions of Hostels (Boys & Girls), Residence for Faculty and Development of Sports Facilities (Squash Courts with Spectators Gallery) at MUET, Jamshoro (SDG # 4) (Revised Date: 09-02-2026 Capital: 729.71 Revenue: 75.85 Total Cost: 805.56)",5,23,Approved,15.03.22,Jan-27,805.556,45.8,,2026-2027,
737,UEDUB-PP-21-0344,737,"Construction of Academic Block for Institute of Arts and Design at Sindh University, Dadu Campus (SDG#4) (Revised Date: 25-06-2025 Capital: 95.83 Revenue: 23.71 Total Cost: 119.54)",5,23,Approved,18.04.24,Jan-26,119.540,37.7,,2026-2027,
738,UEDUB-PP-21-0348,738,"Solarization of Sindh University Campus, Jamshoro. (SDG # 4) GoS Share: Rs.400.000 million Univ. of Sindh Share: Rs.126.624 million",5,23,Approved,22.02.23,Jan-27,400.000,68.8,,2026-2027,
739,UEDUB-PP-21-0349,739,"Construction of Academic Block of Sindh University, Dadu Campus (SDG#4) (Revised Date: 25-06-2025 Capital: 138.63 Revenue: 46.12 Total Cost: 184.75)",5,23,Approved,04.11.22,Jan-27,184.745,100.0,,2026-2027,
740,UEDUB-PP-21-0350,740,Strengthening of Academic and Research Facilities at Sindh Agriculture University Tandojam (SDG#4) (Revised Date: N/A Capital: 201.32 Revenue: 198.68 Total Cost: 400.00),5,23,Approved,16.11.22,Jan-27,400.000,30.0,,2026-2027,U/R
741,UEDUB-PP-22-0325,741,"Construction of Security Boundary Wall at New land of Government College University Hyderabad (C:172.017 R:28.663) (SDG#4,6)",5,23,Approved,14.12.22,Jan-26,200.680,100.0,,2026-2027,
742,UEDUB-PP-22-0327,742,Construction of Department of Information Technology @ Sindh University Campus Dadu. (Revised Date: 25-06-2025 Capital: 117.80 Revenue: 23.71 Total Cost: 141.50),5,23,Approved,18.04.24,Jan-27,141.504,100.0,,2026-2027,
743,UEDUB-PP-22-0328,743,"Establishment of Centre for incubation & Enterprise at the BBSU of Technology & Skills Development, Khairpur (C:73.772 R:0.00) (Revised Date: 22-01-2025 Capital: 73.77 Revenue: 0.00 Total Cost: 73.77)",5,23,Approved,22.01.25,Jan-26,73.772,100.0,,2026-2027,
744,UEDUB-PP-23-0315,744,"Immediate Needs of Benazir Bhutto Shaheed University, Lyari, Karachi (C:540.976 R:174.494)",5,23,Approved,20.01.25,Jan-27,715.470,44.6,,2026-2027,
745,UEDUB-PP-23-0316,745,"Establishment of 08 Basic Science Labs. Complex, SMBB Medical University, Larkano (Phase-I).",5,23,Approved,13.10.25,Jan-27,1291.155,10.3,,2026-2027,
746,UEDUB-PP-23-0318,746,Up-gradation and Uplifting of Existing Facilities of Latif Ebrahim Jamal National Scinece Information Center and Foreingners Scholars Lodge of ICCBS (C:0.00 R:111.620),5,23,Approved,18.04.24,Jan-26,111.620,100.0,,2026-2027,
747,UEDUB-PP-26-0009,747,"Establshment of Thar Instituite of Engineering, Sciences & Technology-TIEST Tharparkar Phase-II (C;5073.472 + R: 605.355)",5,23,Approved,18.05.26,Jun-28,5678.826,1.9,,2026-2027,
748,UEDUB-PP-26-0010,748,"Construction of Second Floor at Girls Hostel, NED University of Engineering & Technology, Karachi (C:145.569 + R: 12.030).",5,23,Approved,19.05.26,Jun-27,157.599,25.4,,2026-2027,
749,UEDUB-PP-26-0011,749,Rehabilitation of Students Facilities & Other Infrastructure of University of Sindh Jamshoro (C:215.602 + R:9.371),5,23,Approved,04.06.26,Jun-27,224.973,22.2,,2026-2027,
750,ENDEN-PP-22-0333,750,Pilot project for installation of Wind and Solar potential measuring masts at 13 different locations in Sindh,6,24,Approved,05.12.22,Jun-28,129.999,90.2,,2026-2027,
751,ENDEN-PP-22-0339,751,"Electrification of Schools through Solar PV Technology, District Tharparkar",6,24,Approved,22.02.23,Jun-27,250.000,100.0,,2026-2027,
752,ENDEN-PP-22-0340,752,"Electrification of Schools through Solar PV Technology, District Umerkot.",6,24,Approved,01.02.23,Jun-28,249.916,71.7,,2026-2027,
753,ENDEN-PP-22-0344,753,"Electrification of Schools through Solar PV Technology, District Sujawal",6,24,Approved,22.02.23,Jun-28,245.500,79.5,,2026-2027,
754,ENDEN-PP-23-0001,754,Village Electrifiction Proramme in Sindh (Phase-IX),6,24,Approved,27.11.24,Jun-28,1000.000,51.7,,2026-2027,
755,ENDEN-PP-23-0002,755,Electrification of Goths (Villages) in Karachi (Phase-VII),6,24,Approved,27.11.24,Jun-28,500.000,52.5,,2026-2027,
756,ENDEN-PP-24-0001,756,Solar Home System (SHS) for poor families (Off-Grid) in Sindh under Special Initiative. Revised on 27.04.2026,6,24,Approved,07.04.25,Jun-27,8748.484,100.0,,2026-2027,
757,ENDEN-PP-24-0002,757,Solar Home System (SHS) for poor families (ON-Grid) in Sindh under Special Initiative. Revised 27.04.2026,6,24,Approved,07.04.25,Jun-27,9457.691,100.0,,2026-2027,
758,ENDEN-PP-25-0001,758,Energy Reconciliation System - Sindh with DISCOs (ERS-Sindh),6,24,Approved,04.09.25,Jun-28,200.000,10.0,,2026-2027,
759,ENDEN-PP-25-0005,759,Supply & Instullation of Transformer of Various Capicity at Various Location of PS-I Jacobabad [Ref#115],6,24,Approved,17.12.25,Jun-27,100.000,100.0,,2026-2027,
760,ENDEN-PP-25-0006,760,Solarizing Schools & Hospitals: Converting different govt schools to on-grid solar systems [Ref#282],6,24,Approved,06.05.26,Jun-27,80.000,100.0,,2026-2027,
761,ENDEN-PP-25-0008,761,Providing Fixing Solar System at Various UC'S Taluka khipro [Ref#176],6,24,Approved,21.05.26,Jun-27,150.000,100.0,,2026-2027,
762,ENDEN-PP-25-0009,762,Providing Fixing Solar System at Various UC'S Taluka Sanghar [Ref#177],6,24,Approved,21.05.26,Jun-27,100.000,100.0,,2026-2027,
763,ENDEN-PP-25-0010,763,"Installation of PMT Lyari UC4,UC5 & UC13 Saddar UCI TO UC7 in NA -240 & Solarization of Govt. Boys Higher Secondary School CMS Church Road Karachi [Ref#326]",6,24,Approved,21.05.26,Jun-27,50.000,100.0,,2026-2027,
764,ENDEN-PP-25-0007,764,Solarization of Government Colleges in Sindh,6,24,Approved,27.04.26,Jun-28,1540.072,48.7,,2026-2027,
765,ENDEN-PP-25-0002,765,Carbon Credit Generation and Marketing Project,6,24,Approved,,Jun-28,200.000,15.0,,2026-2027,
766,ENDEN-PP-25-0004,766,Solar Development Schemes for Minorities in Sindh,6,24,Approved,,Jun-28,300.000,7.9,,2026-2027,
767,ECDCL-PP-21-0369,767,"Improvement of Coastal Roads From Ibrahim Hyderi to Lath Basti 12.5 KMs. (SDG # 6, 9 & 14)",7,25,Approved,07.12.22,Jun-27,425.875,56.9,,2026-2027,
768,ECDCL-PP-21-0370,768,"Communication Access and Allied Facilities in the Coastal Areas ofKarachi & Thatta. (C:736.792+R:4.372) (SDG # 6, 9, 14 & 15) (Revised on 26-02-2025)",7,25,Approved,13.05.22,Jun-27,741.164,55.8,,2026-2027,
769,ECDCL-PP-25-0001,769,"Rehabilitation / Upgradation of Four Floating Jetties in the Coastal Areas of Thatta & Sujawal Districts (C:159.0+R:1.0) (SDG # 6, 9 & 14)",7,25,Approved,24.10.25,Jun-27,152.563,100.0,,2026-2027,
770,ECDEV-PP-11-0007,770,"Study of Environment & Health Impacts of Pesticides & Chemical Fertilizer in Sindh (Larkano, Mirpurkhas, Jacobabad, Kashmore, Ghotki, Sukkur, SBA, T.A.Yar, Thatta & Badin) (SDG # 13)",7,26,Approved,15.05.12,Jun-27,33.000,66.8,,2026-2027,
771,ECDEV-PP-13-0008,771,Strengthening of Environmental Monitoring System in EPA Sindh (SDG # 13),7,26,Approved,29.10.13,Jun-27,140.000,51.1,,2026-2027,U/R
772,ECDEV-PP-13-0009,772,Environmental Awareness and Education for Protection and Conservation of Natural Resources in Sindh (SDG #13),7,26,Approved,29.10.13,Jun-27,115.000,42.4,,2026-2027,U/R
773,ECDEV-PP-21-0358,773,Renovation & Rehabilitation of Building of Environment Complex (SDG # 13),7,26,Approved,08.01.25,Jun-27,107.886,100.0,,2026-2027,U/R
774,ECDEV-PP-21-0360,774,"Construction of Additional Floor, Renovation and Rehabilitation of EPA Buildings at Hyderabad (SDG # 13)",7,26,Approved,22.03.22,Jun-27,44.914,100.0,,2026-2027,U/R
775,ECDEV-PP-21-0361,775,"Construction of Additional Block, Renovation and Rehabilitation of EPA Buildings at Sukkur (SDG # 13)",7,26,Approved,22.03.22,Jun-27,54.621,100.0,,2026-2027,U/R
776,ECDEV-PP-25-0001,776,"Automation of Industrial Environmental Monitoring, Inspection and Assessment.",7,26,Approved,24.10.25,Jun-27,149.970,100.0,,2026-2027,
777,ETDBD-PP-09-0004,777,Construction of Offices of Excise & Taxation in New Districts (5 units) (C: 189.589+R: 5.684) (SDG # 9) (Revised on 01.01.25),8,27,Approved,11.05.09,Jun-28,195.273,63.2,,2026-2027,
778,ETDBD-PP-21-0373,778,"Renovation of Excise & Taxation Office, Sanghar (C: 43.297+R: 1.956) (SDG # 9) (Revised on 01.01.25)",8,27,Approved,15.09.21,Jun-27,45.253,100.0,,2026-2027,
779,ETDBD-PP-21-0378,779,Renovation of Excise and Taxation Office Dadu (C: 40.724+R: 5.028) (SDG # 9) (Revised on 01.01.25),8,27,Approved,15.09.21,Jun-27,45.752,100.0,,2026-2027,
780,ETDBR-PP-22-0365,780,"Renovation of Excise & Taxation Office, Mirpurkhas (C:31.659+R:4.670) (SDG # 9)",8,27,Approved,01.01.25,Jun-27,36.329,100.0,,2026-2027,
781,ETDBR-PP-22-0366,781,"Strengthening of Excise, Taxation & Narcotics Control Department (Secretariat & Field Offices) (SDG # 9)",8,28,Approved,05.04.23,Jun-28,247.673,38.1,,2026-2027,
782,FNDBD-PP-20-0026,782,Construction of Treasury Office at Khairpur,9,29,Approved,17.03.23,Jun-27,125.444,99.8,,2026-2027,U/R
783,FNDBD-PP-21-0380,783,Reconstruction of District Accounts Office Naushero Feroze,9,29,Approved,09.06.21,Jun-27,98.911,74.5,,2026-2027,U/R
784,FNDBD-PP-21-0381,784,Rehabilitation of Treasury Office (Old Block) Hyderabad (2022-23),9,29,Approved,09.06.21,Jun-27,79.753,98.8,,2026-2027,U/R
785,FNDBD-PP-21-0382,785,Construction of 1st Floor and Ancilary facilities District Accounts Officer Kamber (2023-24),9,29,Approved,26.08.21,Jun-27,30.000,100.0,,2026-2027,U/R
786,FNDBD-PP-21-0379,786,Construction of Treasury Office / District Accounts Office South,9,29,Approved,,Jun-27,100.000,0.0,,2026-2027,
787,FNDBD-PP-21-0383,787,"Capacity Building of District Accounts Officers, Monitoring Evaluation and Surveillance Cell in Finance Department",9,30,Approved,26.08.21,Jun-28,50.000,0.0,,2026-2027,U/R
788,FNDBR-PP-22-0367,788,Establishment of Record Management Cell at Finance Department (Revised Date: 24-11- 2024 Capital: 0.00 Revenue: 199.93 Total Cost: 199.93),9,30,Approved,24.11.24,Jun-28,199.934,80.0,,2026-2027,
789,FNDIT-FP-26-0001,789,Sindh Public Resources for Inclusive Development (SPRID) PU FD Component Estimated Cost Rs.3681.30 million (US$ 13.00 million) 100% World Bank.,9,30,Approved,,Jun-30,0.000,0.0,,2026-2027,
790,FNDEP-FP-17-0064,790,Enhancing Public Private Partnership in Sindh - Pakistan (Total Cost Rs.19289.459 M) ADBUSD 100 M (PKR 10476M) DFID USD 19.23 M (PKR 2014.535 M) GOSUSD 64.900 M (PKR 6798.470 M) (SDG 1 to 17)(Revised on 25.03.25),9,31,Approved,07.10.17,Jun-27,7005.620,53.0,,2026-2027,
791,FODFS-PP-16-0037,791,Construction of Open Platforms/ Plinth for Grain Storage in Sindh (Capital : Rs. 634.843 M) (SDG # 2),10,32,Approved,08.02.17,Jun-28,634.843,69.8,,2026-2027,
792,FODFS-PP-16-0038,792,"Construction of District Food Controller (DFC) Offices, Residences and construction of Security Towers & Compound Walls at various locations of Hyderabad and Mirpurkhas Division (Capital : Rs. 417.808 M) (SDG # 2)",10,32,Approved,18.01.17,Jun-28,417.808,36.0,,2026-2027,
793,FODFS-PP-21-0385,793,Construction of new covered goodowns and allied facilities at Karachi Division (Capital : Rs. 185.458 M) (SDG # 2),10,32,Approved,27.04.22,Jun-27,185.458,94.6,,2026-2027,U/R
794,FWDFT-PP-23-0001,794,"Afforestation & Reforestation of Degraded Forest Ecosystems for Enhancing Carbon Sequestration to Secure Carbon Financing (C:397.135+R:3121.989) (SDG # 13, 14 & 15) (Revised Date: 13-10-2025 Capital: 397.14 Revenue: 3121.99 Total Cost: 3519.12)",11,33,Approved,15.04.24,Jun-28,3519.124,62.7,,2026-2027,
795,FWDFT-PP-25-0001,795,Pilot Project of Plantation of Indigenous Flora along Shahrah-e-Shaheed Zulfikar Ali Bhutto / Malir Expressway (SDG 15),11,33,Approved,22.12.25,Jun-27,385.000,47.9,,2026-2027,
796,FWDFT-PP-25-0002,796,Transforming Cities With Greenery and Shade Through Strategic Urban Planting (SDG 15),11,33,Approved,13.08.25,Jun-27,187.960,100.0,,2026-2027,
797,FWDFT-PP-25-0003,797,Institutional Strengthening for Sustainable Forest Management in Sindh. (SDG 15),11,33,Approved,07.11.25,Jun-27,181.467,33.8,,2026-2027,
798,FWDFT-PP-25-0004,798,Green Landscape Development & Management to Reduce Heat Wave Risk in District Shaheed Benazirabad [Ref#1026],11,33,Approved,09.10.25,Jun-27,50.000,100.0,,2026-2027,
799,FWDFT-MD-26-0001,799,"Sindh Coastal Resilience Project (Forest Component)- Total Cost Rs: 6771.78 Million ( GCF Loan US$ 20 Million & Grant US$ 5.00 million, Rs 6094.61 Million, and GoS Share Rs. 677.18 million )",11,33,Approved,30.12.25,Jun-32,677.180,7.4,,2026-2027,
800,FWDFL-PP-25-0001,800,Rehabilitation of Lungh Lake Wildlife Sanctuary & Renovation of Historical Rest House & Staff Quarters (SDG 15),11,34,Approved,,Jun-27,100.000,50.0,,2026-2027,
801,GVSBD-PP-21-0386,801,"Constt. of Multi-storied Flats Phase-II at Sindh Governor's House, Karachi (48 Nos.) including MT-shade (Revised on 25.05.24)",12,35,Approved,28.01.22,Jun-27,573.599,100.0,,2026-2027,
802,HLDFA-FP-21-0461,802,"Sindh Human Capital Investment: 1000 Days- Integrated Health & Population Project (GoS 8,399.085 + FPA 69,067.021 = Total 77,466.106) (WB: 55,078.530 + IsDB: 13,988.491) (SDG #3,4,6) (Revised Date: 21- 05-2026 Capital: 0.00 Revenue: 8399.09 Total Cost: 8399.09)",13,36,Approved,04.01.23,Jun-28,8399.085,42.8,,2026-2027,
803,HLDFA-FP-22-0458,803,"Sindh Health Support Program (GoS 166.458 + FPA/WB: 2,100.539 = Total 2,266.997) (SDG #3,4,6) (Revised Date: 07-04-2026 Capital: 0.00 Revenue: 166.46 Total Cost: 166.46)",13,36,Approved,11.04.23,Jun-27,166.458,100.0,,2026-2027,
804,HLDME-PP-11-0016,804,Establishment of Medical College at Karachi (C: 741.164 + R: 400.036)(SDG #3 & 4.3),13,37,Approved,15.03.12,Jun-28,1141.200,62.4,,2026-2027,U/R
805,HLDME-PP-12-0026,805,Establishment of Medical College at Mirpurkhas. (C: 1499.024 + R: 550.806) (SDG #3 & 4.3) Renovation & rehabilitation of Chandka,13,37,Approved,17.12.12,Jun-28,2049.830,57.1,,2026-2027,U/R
806,HLDME-PP-14-0011,806,"Medical College and Construction of New Noori Girls Hostel of Shaheed Mohtarma Benazir Bhutto Medical University, Larkana (SDG #3 & 4.3) (Revised Date: 08-02-2022 Capital: 1244.03 Revenue: 42.02 Total Cost: 1286.05)",13,37,Approved,03.03.15,Jun-27,1286.046,100.0,,2026-2027,
807,HLDME-PP-15-0022,807,Khairpur Medical College at Khairpur (SDG #3 & 4.3) (Revised Date: 25-11-2015 Capital: 518.68 Revenue: 1057.31 Total Cost: 1575.99),13,37,Approved,08.11.12,Jun-28,1575.992,61.3,,2026-2027,U/R
808,HLDME-PP-17-0101,808,"Establishment of Ghulam Muhammad Mahar Medical College, Sukkur (SDG #3 & 4.3) (Revised Date: 12-01-2018 Capital: 4123.05 Revenue: 643.73 Total Cost: 4766.78)",13,37,Approved,24.02.11,Jun-28,4766.778,73.7,,2026-2027,
809,HLDOH-PP-22-0452,809,Establishment of Medical College at Hyderabad (C: 984.973 + R: 409.494) (SDG #3 & 4.3) Establishment of Simulation Centers at,13,37,Approved,15.03.12,Jun-28,1394.467,69.7,,2026-2027,U/R
810,HLDME-PP-22-0455,810,"Shaheed Mohtarma Benazir Bhutto Medical University Larkana, Liaquat University of Medical & Health Sciences Jamshoro, Peoples University of Medical & Health Sciences for Women Shaheed Benazirabad, & Ghulam Muhammad Mahar Medical College Sukkur (R:",13,37,Approved,27.04.26,Jun-27,999.206,100.0,,2026-2027,
811,HLDME-PP-22-0456,811,"999.206) Establishment & Up gradation of Skill labs at Paramedical Schools in Sindh (R:315.490) (SDG #3,4,6)",13,37,Approved,18.04.23,Jun-27,315.490,100.0,,2026-2027,
812,HLDME-PP-22-0457,812,"Establishment & Up gradation of Skill labs at Public Health Schools in Sindh (R:187.211) (SDG #3,4,6)",13,37,Approved,18.04.23,Jun-27,187.211,100.0,,2026-2027,
813,HLDOH-PP-10-0007,813,"Construction of Accident & Emergency Centre at Daulatpur, Taluka Kazi Ahmed, District Shaheed Benazirabad (SDG#3) (Revised Date: 20-02-2023 Capital: 122.22 Revenue: 49.30 Total Cost: 171.52)",13,38,Approved,10.02.11,Jun-27,171.524,100.0,,2026-2027,
814,HLDOH-PP-11-0013,814,"Renovation and Rehabilitation of Paramedical Institute, Larkana (C: 47.948 + R: 19.785) (SDG #3)",13,38,Approved,23.01.12,Jun-27,67.733,66.6,,2026-2027,U/R
815,HLDOH-PP-11-0014,815,"Up gradation of THQ Hospitals at Shahdadkot, Qubo Saeed Khan, Nasirabad, Sajawal and Miro Khan (C: 340.163 + R: 70.373) (SDG #3)",13,38,Approved,20.02.12,Jun-27,410.536,89.0,,2026-2027,U/R
816,HLDOH-PP-11-0015,816,Up gradation & Revamping of THQ Hospitals (39 Nos.) & Construction of Emergency Cum Trauma Centres in THQ Hospitals (41 Nos.) (C: 1415.876 + R: 1918.285) (SDG #3),13,38,Approved,17.04.12,Jun-27,3334.161,62.5,,2026-2027,U/R
817,HLDOH-PP-12-0020,817,"Establishment of Medical Complex at National Highway, near Razaqabad, Bin Qasim Town, Karachi (SDG #3) (Revised Date: 23-04-2025 Capital: 3268.21 Revenue: 1377.06 Total Cost: 4645.27)",13,38,Approved,17.12.12,Jun-28,4645.270,76.8,,2026-2027,
818,HLDOH-PP-12-0022,818,"Establishment of 100 bedded Hospital at Gulshan-e-Zia, Orangi Town, Karachi (C: 324.053 + R: 126.526) (SDG #3)",13,38,Approved,20.02.13,Jun-28,450.579,57.0,,2026-2027,U/R
819,HLDOH-PP-12-0023,819,"Up gradation of Gazdarabad General Hospital to the level of 200 bedded Hospital, Nishtar Road, Saddar Town, Karachi.(C: 208.838+R: 156.467) (SDG#3)",13,38,Approved,20.12.12,Jun-27,365.305,61.6,,2026-2027,U/R
820,HLDOH-PP-13-0011,820,"Sindh Infectious Diseases Hospital and Research Centre at NIPA, Gulshan-e-Iqbal, Karachi (SDG #3.6) (Revised Date: 15-05-2014 Capital: 1076.26 Revenue: 660.10 Total Cost: 1736.36)",13,38,Approved,21.05.09,Jun-28,1736.359,37.1,,2026-2027,U/R
821,HLDOH-PP-15-0017,821,Up gradation of existing Rural Health Centre to Taluka Headquarter Hospital at Garhi Khairo (C: 170.178 + R: 25.000) (SDG #3),13,38,Approved,12.02.16,Jun-27,195.178,87.2,,2026-2027,U/R
822,HLDOH-PP-15-0019,822,"Expansion & Improvement of DHQ Hospitals (03 Nos) at Khairpur, Badin & Shikarpur (SDG #3) (Revised Date: 08-03-2023 Capital: 2823.10 Revenue: 944.30 Total Cost: 3767.40)",13,38,Approved,14.05.09,Jun-27,3767.396,100.0,,2026-2027,
823,HLDOH-PP-15-0020,823,"Up gradation of THQ Hospitals to the level of DHQ Hospitals (03 Nos) at Matiari, Kamber & Umerkot (SDG #3) (Revised Date: 29-03-2023 Capital: 2147.83 Revenue: 802.48 Total Cost: 2950.31)",13,38,Approved,20.02.12,Jun-27,2950.313,100.0,,2026-2027,
824,HLDOH-PP-15-0021,824,Up gradation of THQ Hospital to the level of DHQ Hospital in newly created District Sindh at Kashmore at Kandhkot (SDG #3) (Revised Date: 06-04-2026 Capital: 1172.08 Revenue: 582.42 Total Cost: 1754.50),13,38,Approved,20.02.12,Jun-28,1754.501,45.0,,2026-2027,
825,HLDOH-PP-16-0042,825,"Construction of 200 bedded Hospital at Mominabad, Metroville Site Town, Karachi (SDG #3) (Revised Date: 09-03-2017 Capital: 533.98 Revenue: 217.12 Total Cost: 751.10)",13,38,Approved,10.02.11,Jun-28,751.095,63.4,,2026-2027,U/R
826,HLDOH-PP-16-0044,826,"Up gradation of RHC Pir Jo Goth to the level of THQ Hospital at Kingri, Taluka Kingri, District Khairpur (C: 179.968 + R: 45.582) (SDG #3)",13,38,Approved,22.09.16,Jun-27,225.550,97.0,,2026-2027,U/R
827,HLDOH-PP-16-0046,827,"Construction of Diagnostic Centre with OPD/Referral services at Village Tariq Shah, UC Dubbo, Taluka Mirpur Sakro, District Thatta (C:16.433 + R:1.564) (SDG #3)",13,38,Approved,30.09.16,Jun-27,17.997,91.3,,2026-2027,U/R
828,HLDOH-PP-16-0047,828,"Construction of Rural Health Centre, Taluka Shujabad (SDG #3) (Revised Date: 11-02-2025 Capital: 148.81 Revenue: 45.01 Total Cost: 193.81)",13,38,Approved,27.09.16,Jun-27,193.810,100.0,,2026-2027,
829,HLDOH-PP-16-0048,829,"Up gradation of Rural Health Centre to the level of Taluka Headquarter Hospital, Jhuddo, District Mirpurkhas.(C: 250.219 + R: 41.918) (SDG #3)",13,38,Approved,22.09.16,Jun-27,292.137,95.9,,2026-2027,U/R
830,HLDOH-PP-16-0051,830,Expansion & Improvement of DHQ Hospital at Mithi (SDG #3) (Revised Date: 30-11-2016 Capital: 1195.48 Revenue: 446.34 Total Cost: 1641.82),13,38,Approved,30.04.09,Jun-28,1641.821,72.7,,2026-2027,U/R
831,HLDOH-PP-16-0052,831,"Up gradation of THQ Hospitals to the level of DHQ Hospitals (03 Nos) at Tando Muhammad Khan, Tando Allahyar & Jamshoro (SDG #3) (Revised Date: 02-01-2024 Capital: 1082.21 Revenue: 763.67 Total Cost: 1845.88)",13,38,Approved,14.05.09,Jun-27,1845.876,100.0,,2026-2027,
832,HLDOH-PP-17-0067,832,Construction of Divisional Warehouse at Karachi. (C:88.930+R:5.312)(SDG #3),13,38,Approved,27.09.17,Jun-27,94.242,95.1,,2026-2027,U/R
833,HLDOH-PP-17-0070,833,Up gradation of Maternity home into 50 bedded hospital at Kamal Khan Goth (Revised Date: 31-05-2023 Capital: 429.35 Revenue: 128.49 Total Cost: 557.84),13,38,Approved,09.02.18,Jun-27,557.840,100.0,,2026-2027,
834,HLDOH-PP-17-0074,834,Construction of Divisional Warehouse at Sukkur. (C:88.930 + R:5.312) (SDG#3),13,38,Approved,27.09.17,Jun-27,94.242,94.4,,2026-2027,U/R
835,HLDOH-PP-17-0077,835,"Construction of RHC in Village Dau Jahanpur, Taluka Garhi Khairo (SDG #3) (Revised Date: 25-08-2021 Capital: 57.79 Revenue: 32.11 Total Cost: 89.89)",13,38,Approved,27.09.17,Jun-27,89.891,100.0,,2026-2027,
836,HLDOH-PP-17-0078,836,"Rehabilitation / Renovation of Nawab Jam Anwar Ali Khan 50 bedded Hospital, Taluka Jam Nawaz Ali, District Sanghar. (C: 119.526 + R: 39.746)(SDG#3)",13,38,Approved,09.02.18,Jun-27,159.272,31.2,,2026-2027,U/R
837,HLDOH-PP-17-0079,837,Construction of Divisional Warehouse at Larkana (C: 88.930 + R: 5.312) (SDG#3),13,38,Approved,27.09.17,Jun-27,94.242,100.0,,2026-2027,
838,HLDOH-PP-17-0080,838,"Establishment of Thalassemia Day Care Centre at Dargah Jaral Shah, Larkana. (C: 13.224+R: 8.762)(SDG #3)",13,38,Approved,27.09.17,Jun-27,21.986,100.0,,2026-2027,
839,HLDOH-PP-17-0082,839,"Up gradation of BHU to RHC Bhirya Road, Taluka Bhirya (SDG#3) (Revised Date: 12-05- 2025 Capital: 74.67 Revenue: 43.85 Total Cost: 118.53)",13,38,Approved,27.02.18,Jun-27,118.526,100.0,,2026-2027,
840,HLDOH-PP-17-0083,840,Up gradation of B-type RHC to the level of A- type RHC at Mithiani (SDG#3) (Revised Date: 16-09-2021 Capital: 53.66 Revenue: 38.65 Total Cost: 92.30),13,38,Approved,27.02.18,Jun-27,92.304,100.0,,2026-2027,
841,HLDOH-PP-17-0084,841,Up gradation of BHU to RHC at Gher Gaju (SDG#3) (Revised Date: 12-05-2025 Capital: 76.87 Revenue: 43.85 Total Cost: 120.73),13,38,Approved,27.02.18,Jun-27,120.726,100.0,,2026-2027,
842,HLDOH-PP-17-0089,842,"Up gradation of BHU to RHC at Wahi Pandhi, Taluka Johi (C: 44.972 + R: 19.958) (SDG#3)",13,38,Approved,27.09.17,Jun-27,64.930,84.6,,2026-2027,U/R
843,HLDOH-PP-17-0090,843,"Up gradation of BHU to RHC Village Bhawalpur, Taluka Johi (C: 44.972 + R: 19.958) (SDG#3)",13,38,Approved,27.09.17,Jun-27,64.930,82.8,,2026-2027,U/R
844,HLDOH-PP-17-0091,844,"Up gradation of BHU to RHC Village Faridabad, Taluka Mehar (C: 44.972 + R: 19.958)(SDG#3)",13,38,Approved,27.09.17,Jun-27,64.930,84.6,,2026-2027,U/R
845,HLDOH-PP-17-0095,845,"Establishment of 10 bedded hospital at New Chore, Taluka Umerkot (SDG#3) (Revised Date: 19-12-2022 Capital: 75.75 Revenue: 35.77 Total Cost: 111.52)",13,38,Approved,27.02.18,Jun-27,111.517,100.0,,2026-2027,
846,HLDOH-PP-17-0096,846,"Up gradation of BHU to RHC Dari, Taluka Kandhkot (C: 41.989 + R: 19.958) (SDG# 3)",13,38,Approved,27.11.17,Jun-27,61.947,54.0,,2026-2027,U/R
847,HLDOH-PP-17-0097,847,"Up gradation of BHU to RHC Diyani, UC Karampur, Taluka Tangwani (C: 41.989 + R: 19.958) (SDG# 3)",13,38,Approved,27.11.17,Jun-27,61.947,55.5,,2026-2027,U/R
848,HLDOH-PP-17-0098,848,"Up gradation of BHU to RHC Sher Muhammad Bijarani, UC Saifal, Taluka Tangwani (C: 41.989 + R: 19.958)(SDG# 3)",13,38,Approved,27.11.17,Jun-27,61.947,67.8,,2026-2027,U/R
849,HLDOH-PP-17-0099,849,"Up gradation of Health facility at Village Ber Sharif, Taluka Kamber (C: 10.679 + R: 2.816)(SDG #3)",13,38,Approved,27.09.17,Jun-27,13.495,79.1,,2026-2027,U/R
850,HLDOH-PP-17-0100,850,"Expansion & Improvement of DHQ Hospitals (06 Nos) at Thatta, Dadu,N. Feroze, Mirpurkhas, Sanghar & Mirpur Mathelo at Ghotki (SDG #3) (Revised Date: 07-11-2017 Capital: 2749.89 Revenue: 2114.02 Total Cost: 4863.91)",13,38,Approved,30.03.12,Jun-27,4863.906,69.4,,2026-2027,U/R
851,HLDOH-PP-20-0032,851,"Construction of Mother & Child Health Centres (MCHCs) at Village Phakka & Village Aminani, Taluka & District Dadu (Revised Date: 14-03-2022 Capital: 59.40 Revenue: 14.06 Total Cost: 73.45)",13,38,Approved,23.02.17,Jun-27,73.453,100.0,,2026-2027,
852,HLDOH-PP-21-0405,852,"Establishment of MCH & Emergency Services Hospital at UC Razzakabad, Main National Highway (C: 130.500 + R: 23.771) (SDG #3)",13,38,Approved,16.12.24,Jun-27,154.271,100.0,,2026-2027,
853,HLDOH-PP-21-0412,853,Establishment of THQ Hospital at Ghorabari (SDG #3) (Revised Date: 30-12-2024 Capital: 610.50 Revenue: 172.34 Total Cost: 782.83),13,38,Approved,06.05.21,Jun-27,782.831,100.0,,2026-2027,
854,HLDOH-PP-21-0419,854,"Strengthening and Improvement of RHC Napairabad, Taluka Khanpur (C: 68.524 + R: 20.191) (SDG #3)",13,38,Approved,24.09.21,Jun-27,88.715,100.0,,2026-2027,
855,HLDOH-PP-21-0426,855,Up gradation of BHU to RHC at Khanwahan (C: 62.422 + R:32.818)(SDG# 3),13,38,Approved,14.03.22,Jun-27,95.240,57.9,,2026-2027,U/R
856,HLDOH-PP-21-0427,856,Expansion & Improvement of DHQ Hospital Naushahro Feroze (C: 1118.047 + R: 581.685) (SDG #3),13,38,Approved,08.12.25,Jun-28,1699.732,17.3,,2026-2027,
857,HLDOH-PP-21-0429,857,Up gradation of RHC to the level of THQ Hospital at Talhar (C: 146.500 + R: 48.958) (SDG #3),13,38,Approved,08.02.22,Jun-27,195.458,74.7,,2026-2027,U/R
858,HLDOH-PP-21-0430,858,"Establishment of BHU at village Rahwari, Deh 1 Jamraoo, UC Pritamabad, Taluka Sinjhoro (C:45.354 + R:12.545) (SDG #3) (Revised Date: 13-05-2025 Capital: 66.54 Revenue: 17.36 Total Cost: 83.89)",13,38,Approved,08.10.21,Jun-27,83.893,100.0,,2026-2027,
859,HLDOH-PP-21-0431,859,"Establishment of 20 bedded Shaheed Sher Muhammad Dero Hospital at Joharabad, Tando Adam (C: 90.802 + R:35.234) (SDG #3)",13,38,Approved,21.02.23,Jun-27,126.036,72.8,,2026-2027,U/R
860,HLDOH-PP-21-0435,860,"Expansion of Radiology and IPD Services at JIMS, Jacobabad (C: 125.080 + R: 291.424) (SDG #3, 9)",13,38,Approved,08.02.22,Jun-28,416.504,27.5,,2026-2027,U/R
861,HLDOH-PP-21-0436,861,"Establishment of RHC Sohrababad at Garhi Hassan Sarki, Taluka Thull (C: 154.330 + R: 45.604) (SDG #3)",13,38,Approved,11.02.25,Jun-28,199.934,26.5,,2026-2027,
862,HLDOH-PP-21-0438,862,"Up gradation of Government Health Facility to the level of 10 bedded Hospital at village Jhango Wassan, Taluka Kotdiji (C: 47.193 + R: 45.793) (SDG #3)",13,38,Approved,14.03.22,Jun-27,92.986,88.6,,2026-2027,U/R
863,HLDOH-PP-21-0440,863,"Up gradation of BHU to RHC at village Hirar, Taluka Nagarparkar (C: 77.088 + R:33.712)",13,38,Approved,27.04.22,Jun-27,110.800,69.6,,2026-2027,U/R
864,HLDOH-PP-21-0441,864,"Up gradation of 03 GDs to BHUs at villages Kalario, Lalu jo Tar & Sair Jo Par; Taluka Dahli (C: 59.970 + R: 15.989)(SDG #3)",13,38,Approved,24.10.21,Jun-27,75.959,79.0,,2026-2027,U/R
865,HLDOH-PP-21-0443,865,"Establishment of RHC at village Karoora, Taluka Chachro (C: 82.543 + R: 32.869) (SDG #3)",13,38,Approved,13.05.22,Jun-27,115.412,71.5,,2026-2027,U/R
866,HLDOH-PP-21-0447,866,"COVID-19 Response and Other Natural Calamities Control Program, Sindh (R. 808.837)",13,38,Approved,23.11.21,Jun-27,808.837,6.8,,2026-2027,U/R
867,HLDTH-PP-22-0382,867,"Establishment of Psychiatry and Accident / Emergency Unit at Sindh Government Hospital Saudabad, Karachi (SDG #3.4, 3.6) (Revised Date: 17-03-2025 Capital: 177.54 Revenue: 248.90 Total Cost: 426.44)",13,38,Approved,11.01.12,Jun-27,426.437,100.0,,2026-2027,
868,HLDTH-PP-22-0386,868,"Up gradation of BHU to RHC Karo Khaho, Taluka Kotri, District Jamshoro (C: 44.663 + R: 19.958) (SDG#3)",13,38,Approved,27.02.18,Jun-27,64.621,91.3,,2026-2027,U/R
869,HLDTH-PP-22-0387,869,"Construction of 10 bedded Hospital ""Atta Muhammad Shahani (Alias Firaq Ali)"" at Village Mir Khan Shahani, UC Gadeji, Taluka Sobho Dero, Khairpur (SDG #3) (Revised Date: 05-01-2021 Capital: 41.70 Revenue: 29.44 Total Cost: 71.14)",13,38,Approved,27.01.16,Jun-27,71.135,82.9,,2026-2027,U/R
870,HLDTH-PP-22-0388,870,"Construction of Diagnostic Centre with OPD/Referral services at Village Adur Narejo, UC Golo Wahan, Taluka Gambat, District Khairpur (SDG #3) (Revised Date: 05-01-2021 Capital: 37.61 Revenue: 13.34 Total Cost: 50.95)",13,38,Approved,30.09.16,Jun-27,50.953,90.0,,2026-2027,U/R
871,HLDTH-PP-22-0389,871,"Rehabilitation of building and Construction of new OPD at RHC Ranipur, Taluka Sobho Dero, District Khairpur (SDG #3) (Revised Date: 11- 12-2019 Capital: 72.51 Revenue: 21.50 Total Cost: 94.01)",13,38,Approved,06.10.16,Jun-27,94.008,84.6,,2026-2027,U/R
872,HLDOH-PP-22-0390,872,Renovation & Rehabilitation of RHC Building at Darya Khan Mari (SDG# 3) (Revised Date: 02-06-2023 Capital: 39.45 Revenue: 0.00 Total Cost: 39.45),13,38,Approved,27.09.17,Jun-27,39.448,33.6,,2026-2027,U/R
873,HLDOH-PP-22-0404,873,"Up gradation of BHU to RHC Talhi, Kunri (C: 43.209 + R: 19.958) (SDG#3)",13,38,Approved,27.09.17,Jun-27,63.167,100.0,,2026-2027,U/R
874,HLDOH-PP-22-0405,874,Strengthening & improvement of Government Hospital Ibrahim Hydri (C: 433.667 + R: 159.281) (SDG #3),13,38,Approved,18.08.25,Jun-28,592.948,33.9,,2026-2027,
875,HLDOH-PP-22-0406,875,"Strengthening & Improvement of 50 Bedded Hospital at Street 23 & 25, Sector 14-A, Block 2, Metroville III, Gulshan-e-Iqbal (C: 151.887 + R: 26.967) (SDG #3)",13,38,Approved,15.04.25,Jun-27,178.854,100.0,,2026-2027,
876,HLDOH-PP-22-0412,876,"Up gradation of District Council Dispensary Mehar City to the level of BHU at UC Mehar, Taluka Ghorabari (C: 68.130 + R: 9.851) (SDG #3)",13,38,Approved,16.12.24,Jun-27,77.981,100.0,,2026-2027,
877,HLDOH-PP-22-0414,877,"Establishment of (02) Dispensaries namely Jam Bijar at village Jaffar Jokhio, UC Bhanbhore, Taluka Mirpur Sakro and village Babu Mallah, UC Chowbandi, Taluka Mirpur Sakro (C: 37.762 + R: 2.291)",13,38,Approved,16.12.24,Jun-27,40.053,100.0,,2026-2027,
878,HLDOH-PP-22-0415,878,Up gradation of RHC to the level of THQ/Model Hospital Chohar Jamali (C: 385.087 + R: 105.573) (SDG #3),13,38,Approved,07.12.22,Jun-27,490.660,72.2,,2026-2027,U/R
879,HLDOH-PP-22-0417,879,"Strengthening & Improvement of Government Hospital Qasimabad, Hyderabad (C: 210.074 + R: 84.436)(SDG #3)",13,38,Approved,05.05.25,Jun-27,294.510,100.0,,2026-2027,
880,HLDOH-PP-22-0418,880,"Strengthening & Improvement of Government Hospital Shah Bhittai, Latifabad, Hyderabad (C: 202.943 + R: 87.623)(SDG #3)",13,38,Approved,11.08.25,Jun-28,290.566,46.0,,2026-2027,
881,HLDOH-PP-22-0421,881,"Up gradation of BHU to RHC Akil, Taluka Larkana (C: 143.074 + R: 35.161) (SDG #3)",13,38,Approved,15.04.25,Jun-27,178.235,100.0,,2026-2027,
882,HLDOH-PP-22-0422,882,"Up gradation of BHU to RHC Beero Chandio, Taluka Larkana (C: 142.056 + R: 35.505) (SDG #3)",13,38,Approved,15.04.25,Jun-27,177.561,100.0,,2026-2027,
883,HLDOH-PP-22-0423,883,Expansion & Improvement of Hiranand Ganga Bai Women Hospital Shikarpur (C: 95.092 + R: 69.370) (SDG #3),13,38,Approved,21.03.23,Jun-28,164.462,57.9,,2026-2027,U/R
884,HLDOH-PP-22-0426,884,Establishment of Dialysis Centre in THQ Hospital Mehar (Revised Date: 04-08-2025 Capital: 48.78 Revenue: 26.80 Total Cost: 75.58),13,38,Approved,18.05.23,Jun-27,75.577,100.0,,2026-2027,
885,HLDOH-PP-22-0430,885,Construction of BHU at Kandhra colony Moro (C: 26.824 + R: 12.895) (SDG #3),13,38,Approved,02.06.23,Jun-27,39.719,100.0,,2026-2027,
886,HLDOH-PP-22-0431,886,"Up gradation of Government Dispensary to 10 bedded Hospital at village Aftab Ahmed Zardari, UC Bhoora, Taluka Sakrand (C:55.108 + R: 44.773)(SDG #3)",13,38,Approved,21.03.23,Jun-27,99.881,63.6,,2026-2027,U/R
887,HLDOH-PP-22-0432,887,"Up gradation of BHU to RHC Jam Sahib, Taluka Daur (C: 101.948 + R: 47.201) (SDG #3)",13,38,Approved,21.03.23,Jun-28,149.149,17.9,,2026-2027,U/R
888,HLDOH-PP-22-0433,888,"Up gradation of BHU to RHC Bucheri, Taluka Daur (C: 102.040 + R: 47.201)(SDG #3) (Revised Date: 06-04-2026 Capital: 166.18 Revenue: 47.96 Total Cost: 214.14)",13,38,Approved,21.03.23,Jun-27,214.140,100.0,,2026-2027,
889,HLDOH-PP-22-0434,889,"Up gradation of BHU to RHC at 60 Mile, Taluka Daur (C: 102.060 + R: 47.201)(SDG #3)",13,38,Approved,21.03.23,Jun-28,149.261,0.8,,2026-2027,U/R
890,HLDOH-PP-22-0435,890,"Strengthening & Improvement of Main building and Emergency department of Shahdadpur Institute of Medical Sciences, Shahdadpur (C: 258.891+R: 200.608) (SDG #3,6,9)",13,38,Approved,14.05.24,Jun-28,459.499,0.2,,2026-2027,U/R
891,HLDOH-PP-22-0436,891,"Construction of Emergency cum Rapid Response Centre at Syed Abdullah Shah Institute of Medical Sciences (SASIMS) Sehwan, Jamshoro (SDG #3) (Revised Date: 02-05-2026 Capital: 150.09 Revenue: 201.75 Total Cost: 351.84)",13,38,Approved,29.03.23,Jun-27,351.839,100.0,,2026-2027,
892,HLDOH-PP-22-0437,892,"Strengthening & Improvement of Institute of Chest Diseases, Kotri (C: 89.624 + R: 9.440) (SDG #3,4,9)",13,38,Approved,18.05.23,Jun-27,99.064,100.0,,2026-2027,
893,HLDOH-PP-22-0440,893,"Construction of Government Dispensary (GD) at Village Haji Ali Nawaz Rajpar, Karoondi Town, Taluka Faiz Gunj (SDG #3) (Revised Date: 13-05-2025 Capital: 10.53 Revenue: 1.00 Total Cost: 11.53)",13,38,Approved,21.02.23,Jun-27,11.530,100.0,,2026-2027,
894,HLDOH-PP-22-0441,894,Strengthening & Improvement of THQ Hospital Bulri Shah Karim (C: 348.241 + R: 69.126) (SDG #3),13,38,Approved,13.05.25,Jun-27,417.367,100.0,,2026-2027,
895,HLDOH-PP-22-0444,895,"Up gradation of GD to BHU at Doonhai, UC Dhabhro, Taluka Diplo (C: 42.103 + R: 7.578) (SDG #3)",13,38,Approved,21.03.23,Jun-27,49.681,84.7,,2026-2027,U/R
896,HLDOH-PP-22-0445,896,"Up gradation of GD to BHU at villages Kehari and Bandhalus, Taluka Islamkot (C: 59.849 + R:16.451) (SDG #3)",13,38,Approved,21.02.23,Jun-27,76.300,78.4,,2026-2027,U/R
897,HLDOH-PP-22-0446,897,"Up gradation of BHU to RHC at Mubarak Rind, Taluka Chachro (C: 82.362 + R: 46.930)(SDG #3)",13,38,Approved,21.03.23,Jun-27,129.292,63.3,,2026-2027,U/R
898,HLDOH-PP-22-0447,898,"Rehabilitation / Renovation and Strengthening of BHU Deyal Garah, BHU Hashim Bhurgari, BHU Deh 160 Pabban, and BHU Ghulam Muhammad Noohani (C: 49.633) (SDG #3)",13,38,Approved,11.02.25,Jun-27,49.633,100.0,,2026-2027,
899,HLDOH-PP-22-0450,899,"Up gradation of Basic Health Unit to Rural Health Centre at Kharoro Syed, Taluka Umerkot (C: 170.354 + R: 44.011) (SDG #3)",13,38,Approved,05.05.25,Jun-27,214.365,100.0,,2026-2027,
900,HLDOH-PP-23-0001,900,Up gradation & improvement of MCH & Emergency Services of 36 Bedded Hospital at Dumba Goth (C: 121.663 + R: 64.688) (SDG # 3),13,38,Approved,07.01.25,Jun-27,186.351,100.0,,2026-2027,
901,HLDOH-PP-23-0002,901,"Construction of Urban Health Center at Baldia Town, Musharaf Colony, Keamari Karachi (C: 47.041 + R: 23.690)",13,38,Approved,11.02.25,Jun-27,70.731,100.0,,2026-2027,
902,HLDOH-PP-23-0003,902,"Establishment of Mother and Child Healthcare Unit (M&CHU) in Rashidi Goth, Malir-II (C: 39.558 + R: 20.196) (SDG #3)",13,38,Approved,17.02.25,Jun-27,59.754,100.0,,2026-2027,
903,HLDOH-PP-23-0004,903,"Strengthening & Improvement of Development Wing & Technical Assistance support to Development Wing, Health Department, Karachi(C: 50.000 + R: 60.106) (SDGs 3)",13,38,Approved,07.01.25,Jun-27,110.106,78.8,,2026-2027,U/R
904,HLDOH-PP-23-0006,904,"Up gradation of THQ Hospital Sujawal to the level of DHQ Hospital, District Sujawal (C: 1118.047 + R: 572.972) (SDG#3)",13,38,Approved,15.12.25,Jun-28,1691.019,17.4,,2026-2027,
905,HLDOH-PP-23-0012,905,Strengthening and Improvement of Shaikh Hamdan Bin Muhammad Taluka Headquarter Hospital Khangarh at Khanpur Mahar (C: 156.079 + R: 36.000) (SDG #3),13,38,Approved,04.04.25,Jun-27,192.079,100.0,,2026-2027,
906,HLDOH-PP-23-0014,906,Construction of compound wall around one hundred acres land allotted to Syed Abdullah Shah Institute of Medical Sciences Sehwan District Jamshoro (SDG #3) (Revised Date: 06- 01-2025 Capital: 153.24 Revenue: 0.00 Total Cost: 153.24),13,38,Approved,01.08.23,Jun-27,153.237,100.0,,2026-2027,
907,HLDOH-PP-23-0020,907,"Up gradation of BHU Lal Bux Mangi to the level of Rural Health Centre UC Tando Masti, Taluka and District Khairpur (C: 143.795 + R: 44.898) (SDG #3)",13,38,Approved,04.08.25,Jun-27,188.693,100.0,,2026-2027,
908,HLDOH-PP-23-0021,908,"Up gradation of BHU Lakha Wada to the level of RHC, Taluka Gambat, District Khairpur (C: 154.975 + R: 44.898) (SDG #3)",13,38,Approved,04.08.25,Jun-27,199.873,100.0,,2026-2027,
909,HLDOH-PP-23-0023,909,"Establishment of Nursing & Paramedical Institutes at Prem Nagar, Islamkot (Revised Date: 13-01-2025 Capital: 1093.14 Revenue: 122.56 Total Cost: 1215.70)",13,38,Approved,26.07.23,Jun-27,1215.704,100.0,,2026-2027,
910,HLDOH-PP-23-0024,910,"Establishment of BHU at village Yaseen Samo, Haji Rehan Ali Paro, Taluka Chachro (C: 84.251 + R: 12.480) (SDG#3)",13,38,Approved,07.01.25,Jun-27,96.731,100.0,,2026-2027,
911,HLDOH-PP-23-0025,911,"Establishment of BHU at Village Bakoo, UC & Taluka Nangarparkar (C: 87.884 + R: 12.480) (SDG#3)",13,38,Approved,07.01.25,Jun-27,100.364,100.0,,2026-2027,
912,HLDOH-PP-23-0026,912,"Up gradation of 03 GDs to BHUs at villages Meharyar Hingorja, Jeendo Dars & Udani, Taluka Islamkot & Chachro (C: 156.188 + R: 33.288) (SDG#3)",13,38,Approved,07.01.25,Jun-27,189.476,100.0,,2026-2027,
913,HLDOH-PP-23-0027,913,"Establishment of Basic Health Unit at village Kangoro Shakh, Taluka Digri (C: 80.108 + R: 11.687) (SDG #3)",13,38,Approved,11.02.25,Jun-27,91.795,100.0,,2026-2027,
914,HLDOH-PP-23-0028,914,"Up gradation of Government Dispensary Cheema Farm to the level of BHU, Taluka Samaro (C: 66.740 + R: 14.653) (SDG #3)",13,38,Approved,07.01.25,Jun-27,81.393,100.0,,2026-2027,
915,HLDOH-PP-23-0029,915,"Up gradation of Government Dispensary Abdul Wahid Arisar to the level of BHU, Taluka Pithoro (C: 66.616 + R: 14.653)(SDG #3)",13,38,Approved,07.01.25,Jun-27,81.269,100.0,,2026-2027,
916,HLDOH-PP-24-0002,916,"Up gradation of existing Hospital into 10 bedded Hospital at village Misri Fakir Khoso, UC Pangrio, Taluka Tando Bago, District Badin (SDG #3) (Revised Date: 05-01-2021 Capital: 74.79 Revenue: 17.33 Total Cost: 92.12)",13,38,Approved,29.09.15,Jun-27,92.117,83.5,,2026-2027,U/R
917,HLDOH-PP-25-0002,917,"Up gradation of Government Dispensary to Basic Health Unit at Village Kasbo, Taluka Nangarparkar (C: 38.251 + R: 9.523) [Ref#275]",13,38,Approved,28.04.26,Jun-27,47.774,100.0,,2026-2027,
918,HLDOH-PP-25-0003,918,Provision of orthopedic ward at THQ Hospital Moro (C: 60.376 + R: 31.065) [Ref#286] Up gradation of GD Giryanchho to BHU,13,38,Approved,28.04.26,Jun-27,91.441,100.0,,2026-2027,
919,HLDOH-PP-25-0004,919,Giryanchho and Construction of New Government Dispensary at Village (01) Goga Bheel UC Boharirhi (02) Village Samaro Bheel Paro Tahoo Bheel UC Bapuhar and (03) Village Sajan Bheel Warhon UC Morhano (C: 61.007 + R: 13.963) [Ref#337],13,38,Approved,20.11.25,Jun-27,74.970,100.0,,2026-2027,
920,HLDOH-PP-25-0005,920,"Repair of Dispensery/RHC/BHU: (1) Government Dispensary Shabbirabad, (2) RHC Tangwani, (3) BHU Dari, (4) RHC Karampur, & (5) RHC Ghouspur (C: 49.340) [Ref#533]",13,38,Approved,20.11.25,Jun-27,49.340,100.0,,2026-2027,
921,HLDOH-PP-25-0007,921,"Establishment of (04) Government Dispensaries at villages (1) Mubarak Paro Gahkharch UC Bolhari (2) Jat Tarai UC Talo Jam (3) Somrasar UC Talo Jam (4) Sileman Paro Charkari UC Tar Hameer, of Taluka Diplo and Chachro (C: 66.343 + R: 2.858) [Ref#808]",13,38,Approved,28.04.26,Jun-27,69.201,100.0,,2026-2027,
922,HLDOH-PP-25-0008,922,Rehabilitation/ Reconstruction of Old Building of Taluka Hospital Ratodero (C: 50.000) [Ref#995],13,38,Approved,28.04.26,Jun-27,50.000,100.0,,2026-2027,
923,HLDOH-PP-25-0010,923,Construction of Health Dispensaries in various villages of PS-10 (4 Nos) (C: 50.000) [Ref#1056],13,38,Approved,28.04.26,Jun-27,50.000,100.0,,2026-2027,
924,HLDOH-PP-21-0433,924,Establishment of Accident & Emergency Centre at 30 bedded Hospital Noori Abad (SDG #3),13,38,Approved,,Jun-28,200.000,15.0,,2026-2027,
925,HLDOH-PP-22-0409,925,"Establishment of Nursing School and Hostel at Thaddo Nala, Asoo Goth, Malir (SDG #3,4,6)",13,38,Approved,,Jun-28,600.000,15.0,,2026-2027,
926,HLDOH-PP-23-0022,926,Enhancement of Burns & Dialysis Centre at KMC Civil Hospital Khairpur with equipment and machinery items Khairpur,13,38,Approved,,Jun-28,200.000,15.0,,2026-2027,
927,HLDTH-PP-16-0039,927,"Strengthening of Sindh Government Qatar Hospital, Orangi Town, Karachi (SDG# 3.8) (Revised Date: 13-05-2024 Capital: 219.41 Revenue: 303.73 Total Cost: 523.14)",13,39,Approved,03.08.16,Jun-27,523.136,100.0,,2026-2027,
928,HLDTH-PP-17-0066,928,"Establishment of Paeds Cardiac Unit at NICVD, Karachi (SDG #3) (Revised Date: 13- 10-2025 Capital: 6208.72 Revenue: 2248.43 Total Cost: 8457.15) Establishment & Construction of (i) New OPD",13,39,Approved,07.04.16,Jun-28,8457.150,58.5,,2026-2027,
929,HLDTH-PP-20-0028,929,"Block for Neurosurgery, Neurology, General Surgery, Dental (ii) Endoscopy Suite (iii) Surgical & Medical I.C.Us and (iv) Operation Theater Complex at Peoples Medical College Hospital, Shaheed Benazirabad (SDG #3.8) (Revised Date: 15-01-2021 Capital: 547.70 Revenue: 907.25 Total Cost: 1454.94)",13,39,Approved,03.12.14,Jun-28,1454.943,65.1,,2026-2027,U/R
930,HLDTH-PP-21-0387,930,"Construction of Warehouse at Dr. Ruth K.M.Pfau Civil Hospital, Karachi (C: 85.368 + R: 21.397) (SDG #3, 4)",13,39,Approved,06.05.21,Jun-27,106.765,68.5,,2026-2027,U/R
931,HLDTH-PP-21-0393,931,"Construction of Oncology Department at Liaquat University Hospital, Jamshoro (C:149.968 + R:292.364)(SDG #3,4)",13,39,Approved,14.04.22,Jun-27,442.332,96.4,,2026-2027,U/R
932,HLDTH-PP-21-0394,932,Construction of 600 bed Hospital at Larkana Phase-I (C: 3791.333 + R: 5444.667) (SDG #3),13,39,Approved,03.10.25,Jun-28,9236.000,75.7,,2026-2027,
933,HLDTH-PP-24-0382,933,"Establishment of ""Burns & Plastic Surgery ward at Shaheed Mohtarma Benazir Bhutto Institute of Trauma Karachi"" (R: 297.991) (SDG #3.8)",13,39,Approved,02.12.25,Jun-27,297.991,100.0,,2026-2027,
934,HMDPL-PP-13-0014,934,"Raising / Construction of Watch Tower & Boundary Wall at RRF Base Al-Falah, Naval Colony Base & Police Head Quarter District South Garden Road, Karachi (SDG # 16) (Revised Date: 12-05-2025 Capital: 1045.57 Revenue: 0.00 Total Cost: 1045.57)",14,40,Approved,04.08.14,Jun-27,1045.567,87.2,,2026-2027,
935,HMDPL-PP-13-0016,935,Construction of Residential Accommodation for Constable & Head Constable in Karachi (616 Nos) (SDG # 16),14,40,Approved,04.08.14,Jun-27,1171.983,100.0,,2026-2027,
936,HMDPL-PP-16-0053,936,Construction of Police Station (Category-C) at Melap Bund Village Haibat Khan Bajkani (SDG # 16),14,40,Approved,13.02.17,Jun-27,29.528,77.2,,2026-2027,
937,HMDPL-PP-16-0055,937,Establishment of Traffic Police Head Quarter at Chowkundi Karachi (SDG # 16) (Revised Date: 02-06-2025 Capital: 156.67 Revenue: 0.00 Total Cost: 156.67),14,40,Approved,26.01.17,Jun-27,156.673,100.0,,2026-2027,
938,HMDPL-PP-16-0056,938,Construction of 11 Nos Police Stations (SDG # 16),14,40,Approved,06.06.17,Jun-27,340.351,81.9,,2026-2027,U/R
939,HMDPL-PP-17-0106,939,"Construction of Buildings for Sindh Police at various locations under Police Package (Karachi, Hyderabad, Sujawal, Dadu, Thatta, Matiari, Shaheed Benazir Abad, Kamber & Sukkur) (Revised on 21.3.2018) (SDG # 16)",14,40,Approved,30.09.08,Jun-27,642.101,100.0,,2026-2027,
940,HMDPL-PP-17-0107,940,Construction of District Police Head Quarter (Phase-I) (SDG # 16),14,40,Approved,08.11.17,Jun-27,218.562,100.0,,2026-2027,
941,HMDPL-PP-17-0108,941,Construction of District Police Head Quarter (Phase-I) (SDG # 16),14,40,Approved,08.11.17,Jun-27,218.562,0.3,,2026-2027,U/R
942,HMDPL-PP-17-0110,942,Construction of new (03) Police Posts in District Sujawal at (1) PP Bello (2) PP Mureed Khoso (3) PP Jati Chowk (SDG # 16) (Revised Date: 21-04-2025 Capital: 92.25 Revenue: 0.00 Total Cost: 92.25),14,40,Approved,09.07.17,Jun-27,92.249,100.0,,2026-2027,
943,HMDPL-PP-17-0112,943,Construction of Special Investigation Complex for 09 Nos Police Station (SDG # 16) (Revised Date: 12-05-2025 Capital: 202.83 Revenue: 0.00 Total Cost: 202.83),14,40,Approved,01.07.17,Jun-27,202.831,100.0,,2026-2027,
944,HMDPL-PP-17-0113,944,Improvement / Strengthening of Security to SBB ATI Razzakabad Karachi (Construction of RCC Compound Wall 15' height with Watch Towers) (SDG # 16) (Revised Date: 12-05- 2025 Capital: 829.64 Revenue: 0.00 Total Cost: 829.64),14,40,Approved,28.09.17,Jun-27,829.640,79.7,,2026-2027,
945,HMDPL-PP-19-0135,945,Construction of (259) Reporting / Reception Rooms (Over all in Sindh),14,40,Approved,03.12.19,Jun-27,612.834,69.8,,2026-2027,
946,HMDPL-PP-21-0462,946,Construction of Six Police Stations in District Shaheed Benazirabad at (1) Mari Jalbani Taluka Sakrand (2) Lakhat Taluka Sakrand (3) Khadhar Taluka Sakrand (4) 60 Mile Taluka Daur (5) Mehrab Rahu Taluka Kazi Ahmed (6) Baloo-Ja-Quba at District Shaheed Benazirabad,14,40,Approved,01.10.22,Jun-27,293.950,100.0,,2026-2027,
947,HMDPL-PP-21-0463,947,Construction of Mall Khana in various Districts of Sindh,14,40,Approved,16.11.21,Jun-27,292.136,100.0,,2026-2027,U/R
948,HMDPL-PP-21-0464,948,Construction of New Police Building for SDPO / DSP Office and Category - III Bungalow Jehanpur (DAU) Taluka Garhi Khairo (Revised Date: 02-06-2025 Capital: 43.68 Revenue: 0.00 Total Cost: 43.68),14,40,Approved,27.09.21,Jun-27,43.682,100.0,,2026-2027,
949,HMDPL-PP-21-0465,949,Construction of Allied Works for Cannine Unit in the premises of PTC Saeedabad,14,40,Approved,09.07.21,Jun-27,44.259,100.0,,2026-2027,
950,HMDPL-PP-21-0466,950,"Uplifting / Improvement Police Officers Flats, Zone-C, Clifton Block - 7, Karachi",14,40,Approved,02.08.22,Jun-27,208.493,100.0,,2026-2027,
951,HMDPL-PP-22-0459,951,Construction of Police Station (Category-C) & Bachelor Barracks (Ground + 1) at Nindo District Badin) Revised on 02.01.25 (Revised Date: 02-01-2025 Capital: 82.65 Revenue: 0.00 Total Cost: 82.65),14,40,Approved,11.12.13,Jun-27,82.654,100.0,,2026-2027,
952,HMDPL-PP-22-0464,952,Improvement / Strengthening of Security to Police HQrs Badin (Compound Wall with Watch Tower) (ADP# 777/ 2019-20) (Revised Date: 02-01-2025 Capital: 119.61 Revenue: 0.00 Total Cost: 119.61),14,40,Approved,02.04.17,Jun-27,119.608,100.0,,2026-2027,
953,HMDPL-PP-22-0467,953,Construction of New Women Police Stations in various Districts of Sindh (One Stop Protection Centre) (Phase-1) Construction of Various Building at RRF Naval,14,40,Approved,07.03.23,Jun-27,740.403,100.0,,2026-2027,
954,HMDPL-PP-22-0469,954,Base Karachi (1 ) 10 Bachelor Barraks (2 ) two Under ground water tanks (3 ) Three gaurds rooms ( 4 ) Quarter for guard (5) Command & Control room (6) wireless room (7) Six office room (8) mess hall (9) MT Shed (10) Office mess (11) Conference room (12) fifteen common wash room (13) construction/,14,40,Approved,18.08.25,Jun-27,332.619,40.7,,2026-2027,
955,HMDPL-PP-23-0001,955,"improvement of sewerage system. Uplifting/Reconstruction of various Police Stations (PS Dad Leghari, PS reti, PS Jarwar, PS Khan Pur Mahar & SDPO office & House at Ghotki) at District Ghotki for Katcha Area Operation",14,40,Approved,03.03.25,Jun-27,340.524,80.5,,2026-2027,
956,HMDPL-PP-23-0003,956,Construction of Tourist Facilitation Centre & Madadgar 15 at Sehwan District Jamshoro,14,40,Approved,01.02.25,Jun-27,53.479,100.0,,2026-2027,
957,HMDPL-PP-23-0004,957,"Establishment of Madadgar 15 at Sujawal, Nawabshah & Sakrand.",14,40,Approved,01.02.25,Jun-27,41.838,100.0,,2026-2027,
958,HMDPL-PP-23-0005,958,"Construction of Bachelor Barrack at Police Station Jackson (01 Nos), District Keamari Karachi.",14,40,Approved,01.02.25,Jun-27,45.410,100.0,,2026-2027,
959,HMDPL-PP-23-0006,959,Construction of Bachelor Barrack at Police Station Shah Faisal Colony Karachi East (01 Nos). (Revised Date: 24-10-2025 Capital: 63.65 Revenue: 0.00 Total Cost: 63.65),14,40,Approved,01.02.25,Jun-27,63.648,100.0,,2026-2027,
960,HMDPL-PP-23-0007,960,Construction of 03 Bachelor Barracks at Police Head Quarter Saudabad District Karachi East.,14,40,Approved,01.02.25,Jun-27,129.099,100.0,,2026-2027,
961,HMDPL-PP-23-0008,961,Construction of Bachelor Barracks for 200 Jawans at Shaheed Hayat Police Training Centre Saeedabad Karachi.,14,40,Approved,01.02.25,Jun-27,171.071,100.0,,2026-2027,
962,HMDPL-PP-23-0009,962,Construction of 02 Bachelor Barracks at CPEC Al-Falah Karach.,14,40,Approved,01.02.25,Jun-27,83.897,100.0,,2026-2027,
963,HMDPL-PP-23-0010,963,Construction of Boundary Wall & Watch Towers at SH Police Training Centre Saeedabad Karachi,14,40,Approved,01.02.25,Jun-27,49.510,100.0,,2026-2027,
964,HMDPL-PP-23-0011,964,"Construction of Boundary Wall (11,695 Rft) with 14 feet Height along with Barbed wire and watch Towers at Police Training Centre Shahdadpur District Sanghar",14,40,Approved,05.02.25,Jun-27,401.918,100.0,,2026-2027,
965,HMDPL-PP-23-0012,965,"Construction of Boundary Wall (7,635 Rft) with 16 feet Height along with Barbed Wire and Watch Towers at SCTC Sakrand",14,40,Approved,03.03.25,Jun-27,269.338,100.0,,2026-2027,
966,HMDPL-PP-23-0013,966,"Construction of Boundary Wall (1,255 Rft) of Family Quarters Compound Wall Police Training School Larkana and Installation of Barbed Wire (3000 Rft) on the Compound Wall at Recruitment Training Centre Khairpur.",14,40,Approved,21.04.25,Jun-27,110.085,100.0,,2026-2027,
967,HMDPL-PP-23-0018,967,Construction of Building for Police Station Tando Jam.,14,40,Approved,01.02.25,Jun-27,89.653,100.0,,2026-2027,
968,HMDPL-PP-23-0019,968,Construction of new Police Station (Category- C) PS Keenjhar.,14,40,Approved,01.02.25,Jun-27,112.790,100.0,,2026-2027,
969,HMDPL-PP-25-0001,969,Establishment of CTD Complex at Sukkur,14,40,Approved,29.07.25,Jun-27,575.000,100.0,,2026-2027,
970,HMDPL-PP-25-0002,970,"Renovation, Modernization of Home Department, Sindh Karachi (Sectt)",14,40,Approved,04.05.26,Jun-27,202.842,97.6,,2026-2027,
971,HMDPL-PP-25-0004,971,"Establishment of Sindh Safe Cities Project (Phase-II), Karachi.",14,40,Approved,25.05.26,Jun-28,9406.406,1.1,,2026-2027,
972,HMDPL-PP-23-0021,972,"Operationalization of Sindh Forensic Science Agency at Karachi (Lab Equipments and Furniture Procurement, Training and Operationalization) (SDG#16)",14,40,Approved,04.06.26,Jun-28,8288.434,0.0,,2026-2027,
973,HMDPL-PP-15-0027,973,Establishment of Forensic Laboratory in Sindh at Karachi (SDG # 16) (1st Revised on 21-04- 2022)(2nd Revised on 10.11.2023)(3rd Revised on 03-02-2025),14,40,Approved,15.05.16,Jun-27,9155.150,100.0,,2026-2027,
974,HMDPL-PP-16-0059,974,Automation of HRMS for Sindh Police (SDG # 16),14,40,Approved,09.09.16,Jun-28,152.040,64.5,,2026-2027,
975,HMDPL-PP-16-0060,975,"PC-II for Sindh Police Video surveilliance system Extension (Installation of 10,000 Cameras at 2000 New Locations) (SDG#16).",14,40,Approved,10.06.16,Jun-28,10.900,94.2,,2026-2027,
976,HMDPL-PP-21-0469,976,"Establishment of Sindh Safe Cities Project (Phase-I), Karachi. Installation of 1300 new cameras in Red Zone & Airport Corridor for Karachi Safe City Project",14,40,Approved,11.12.23,Jun-28,6621.000,75.5,,2026-2027,
977,HMDPN-PP-10-0008,977,Construction of New District Prison S.B.Abad for 250 prisoners (SDG # 16),14,41,Approved,23.09.10,Jun-27,287.194,86.9,,2026-2027,U/R
978,HMDPN-PP-13-0017,978,"Improvement/Strengthening of security of Central Prison Karachi, Hyderabad, Sukkur & Larkano (SDG # 16)",14,41,Approved,11.07.13,Jun-27,1494.441,99.5,,2026-2027,U/R
979,HMDPN-PP-15-0028,979,"Construction of Residences for Anti-Terrorism Courts Judges, Prison’s Officers / Staff at Central Prison Karachi (SDG # 16) (Revised Date: 11-01-2024 Capital: 1307.52 Revenue: 0.00 Total Cost: 1307.52)",14,41,Approved,04.07.16,Jun-27,1307.518,100.0,,2026-2027,
980,HMDPN-PP-17-0115,980,Construction of 100 flats for Prison Staff at Central Prison Hyderabad (Phase-I) (SDG # 16) (Revised Date: 31-03-2026 Capital: 189.95 Revenue: 0.00 Total Cost: 189.95),14,41,Approved,02.09.18,Jun-27,189.950,100.0,,2026-2027,
981,HMDPN-PP-20-0038,981,Construction of missing facilities i/c construction of HSR (30000 gallons) at YOIS & C.P Women Sindh at Karachi. (Revised Date: 24-10-2025 Capital: 69.63 Revenue: 0.00 Total Cost: 69.63),14,41,Approved,09.03.22,Jun-27,69.630,100.0,,2026-2027,
982,HMDPN-PP-22-0473,982,"Special Repair & Maintenance of Central Prison & C.F., Karachi (Revised Date: 07-01- 2025 Capital: 192.93 Revenue: 0.00 Total Cost: 192.93)",14,41,Approved,19.01.23,Jun-27,192.930,100.0,,2026-2027,
983,HMDPN-PP-22-0474,983,"Special Repair & Maintenance of Central Prison & C.F., Hyderabad (Revised Date: 26- 02-2025 Capital: 195.57 Revenue: 0.00 Total Cost: 195.57)",14,41,Approved,19.01.23,Jun-27,195.568,100.0,,2026-2027,
984,HMDPN-PP-22-0475,984,"Special Repair & Maintenance of Central Prison & C.F., Sukkur (Revised Date: 26-02- 2025 Capital: 134.07 Revenue: 0.00 Total Cost: 134.07)",14,41,Approved,03.09.24,Jun-27,134.071,100.0,,2026-2027,
985,HMDPN-PP-22-0476,985,"Special Repair & Maintenance of Central Prison & C.F., Khairpur (Revised on 07.01.25) (Revised Date: 07-01-2025 Capital: 175.69 Revenue: 0.00 Total Cost: 175.69)",14,41,Approved,19.03.24,Jun-27,175.690,43.3,,2026-2027,
986,HMDPN-PP-22-0477,986,"Special Repair & Maintenance of Central Prison & C.F., Larkana (Revised Date: 24-03- 2025 Capital: 243.97 Revenue: 0.00 Total Cost: 243.97)",14,41,Approved,19.03.24,Jun-27,243.970,100.0,,2026-2027,
987,HMDPN-PP-22-0478,987,"Special Repair & Maintenance of Central Prison & C.F., M.P Khas (Revised Date: 26-12- 2025 Capital: 171.88 Revenue: 0.00 Total Cost: 171.88)",14,41,Approved,07.01.25,Jun-27,171.877,100.0,,2026-2027,
988,HMDPN-PP-22-0480,988,"Special Repair & Maintenance of District Prison & C.F., Malir Karachi",14,41,Approved,19.01.23,Jun-27,76.328,100.0,,2026-2027,
989,HMDPN-PP-22-0482,989,"Special Repair & Maintenance of District Prison & C.F, Badin (Revised Date: 07-01- 2025 Capital: 20.39 Revenue: 0.00 Total Cost: 20.39)",14,41,Approved,13.04.23,Jun-27,20.394,100.0,,2026-2027,
990,HMDPN-PP-22-0486,990,"Special Repair & Maintenance of District Prison & C.F., Nausheroferoze (Revised Date: 07-01-2025 Capital: 147.64 Revenue: 0.00 Total Cost: 147.64)",14,41,Approved,13.04.23,Jun-27,147.638,100.0,,2026-2027,
991,HMDPN-PP-22-0487,991,"Special Repair & Maintenance of District Prison & C.F., Ghotki (Revised Date: 07-01- 2025 Capital: 113.04 Revenue: 0.00 Total Cost: 113.04)",14,41,Approved,19.03.24,Jun-27,113.040,100.0,,2026-2027,
992,HMDPN-PP-22-0488,992,"Special Repair & Maintenance of District Prison & C.F., Shikarpur (Revised Date: 07-01- 2025 Capital: 79.59 Revenue: 0.00 Total Cost: 79.59)",14,41,Approved,19.03.24,Jun-27,79.590,100.0,,2026-2027,
993,HMDPN-PP-22-0489,993,"Special Repair & Maintenance of District Prison & C.F., Jacobabad (Revised Date: 07- 01-2025 Capital: 198.81 Revenue: 0.00 Total Cost: 198.81)",14,41,Approved,19.03.24,Jun-27,198.810,61.7,,2026-2027,
994,HMDPN-PP-22-0492,994,"Special Repair & Maintenance of YOIS & C.F, Karachi (Revised Date: 07-01-2025 Capital: 72.25 Revenue: 0.00 Total Cost: 72.25)",14,41,Approved,19.01.23,Jun-27,72.247,100.0,,2026-2027,
995,HMDPN-PP-22-0495,995,Construction / Extension of Administrative Block at Central Prison & Correctional Facility Karachi (Revised Date: 24-01-2025 Capital: 213.25 Revenue: 0.00 Total Cost: 213.25),14,41,Approved,19.03.24,Jun-27,213.251,25.0,,2026-2027,
996,HMDPN-PP-22-0496,996,"Construction of Separate Gates/Passages for ATC Court Judges, Central Prison Karachi and Central Prison for Women Karachi.",14,41,Approved,07.01.25,Jun-27,58.648,100.0,,2026-2027,
997,HMDPN-PP-22-0497,997,Construction of Internal Roads/ Paths and Improvement of Drainage in the Premises of Central Prison Karachi.,14,41,Approved,19.03.24,Jun-27,62.218,100.0,,2026-2027,
998,HMDPN-PP-22-0499,998,Construction of Boundary Wall (up-to 10 ft) Around the Premises of Distt. Prison Shikarpur. (Revised Date: 26-12-2025 Capital: 115.82 Revenue: 0.00 Total Cost: 115.82),14,41,Approved,13.04.23,Jun-27,115.819,100.0,,2026-2027,
999,HMDPN-PP-22-0500,999,Construction of Boundary Wall (up-to 10 ft) Around the Premises of Distt. Prison Hyderabad. (Revised Date: 07-01-2025 Capital: 149.44 Revenue: 0.00 Total Cost: 149.44),14,41,Approved,19.01.23,Jun-27,149.443,100.0,,2026-2027,
1000,HMDPN-PP-23-0023,1000,Construction of Regional Office Sindh Prison & Correction Services (DIG Prison Sukkur Region Office @ Sukkur),14,41,Approved,26.12.25,Jun-28,198.690,31.5,,2026-2027,
1001,HMDPN-PP-23-0025,1001,Construction of Bachelor Barracks at Central Prison Karachi,14,41,Approved,07.01.25,Jun-27,87.460,100.0,,2026-2027,
1002,HMDPN-PP-25-0001,1002,"Construction of Allied Facilities at DP&CF Malir, Karachi",14,41,Approved,24.10.25,Jun-28,194.812,100.0,,2026-2027,
1003,HMDPN-PP-25-0002,1003,Raising and Strengthening of Inner Divisonal Walls at DP&CF Malir,14,41,Approved,24.10.25,Jun-28,47.915,100.0,,2026-2027,
1004,HMDPN-PP-25-0003,1004,Contruction of Boundary Wall (10ft) with 6 Nos. Watchtowers around DP&CF Dadu,14,41,Approved,13.08.25,Jun-28,100.000,100.0,,2026-2027,
1005,HMDPN-PP-25-0004,1005,Construction of Additional Security Layers and Gates at Prison Facilities in Karachi,14,41,Approved,24.10.25,Jun-28,49.873,100.0,,2026-2027,
1006,HMDPN-PP-25-0005,1006,Raising and Strengthening of the Outer Boundary / Perimeter Wall with 8 Nos. Watchtowers at DP&CF Malir,14,41,Approved,13.08.25,Jun-28,97.000,100.0,,2026-2027,
1007,HMDPN-PP-25-0006,1007,Contruction of Boundary Wall (10ft) with 6 Nos. Watchtowers around DP&CF Naushahro Feroze,14,41,Approved,13.08.25,Jun-27,108.712,100.0,,2026-2027,
1008,HMDPN-PP-25-0007,1008,Rehabilitation of Divisional Boundary Walls at CP&CF Sukkur,14,41,Approved,13.08.25,Jun-27,49.741,100.0,,2026-2027,
1009,HMDPN-PP-25-0008,1009,Construction of Boundary Wall (10ft) with 8 Nos. Watchtowers with Patrolling Path around DP&CF Ghotki,14,41,Approved,13.08.25,Jun-27,156.499,100.0,,2026-2027,
1010,HMDPN-PP-25-0009,1010,Construction of 3 Nos. Bachelors Barracks for 50 Personnel Each at CP&CF Sukkur.,14,41,Approved,13.08.25,Jun-27,62.123,100.0,,2026-2027,
1011,HMDPN-PP-12-0027,1011,"Installation of Mobile Jammers in various prisons of Sindh province (SDG # 16) (Karachi, Hyderabad, Khairpur, Sukkur & Larkana)",14,41,Approved,20.02.13,Jun-27,88.072,76.9,,2026-2027,U/R
1012,HMDPN-PP-25-0010,1012,Development of Additional Modules in PMIS (Prison Management Information System) including HRMIS (Human Resource Management Information System),14,41,Approved,24.10.25,Jun-28,200.000,5.0,,2026-2027,
1013,HMDPN-PP-25-0011,1013,Installation of CCTV Survelliance Cameras at DP&CF Malir.,14,41,Approved,24.10.25,Jun-27,49.998,100.0,,2026-2027,
1014,HRDHR-PP-23-0003,1014,"Public Awareness on Human Rights through Print, Electronic & Social Media (SDG # 10 & 16)",15,42,Approved,27.03.24,Jun-27,57.090,100.0,,2026-2027,
1015,HRDHR-PP-23-0004,1015,Institutional Strengthening of Human Rights Department (R: 138.751) (SDG # 10 & 16),15,42,Approved,27.03.24,Jun-27,138.751,19.0,,2026-2027,
1016,HRDHR-PP-23-0001,1016,Model Trans Human Rights Protection Center Karachi (Pilot Project) (SDG # 10 & 16),15,42,Approved,,Jun-28,90.000,10.6,,2026-2027,
1017,HSDHS-PP-24-0007,1017,Rehabilitation / Providing and Laying C.C. Drain & Paver Blocks at Sikandarabad Pir-jo- Goth,16,43,Approved,18.03.25,Jun-27,30.000,100.0,,2026-2027,
1018,HSDHS-PP-24-0010,1018,"Rehabilitation / Providing & Laying Sewerage line & Paver Blocks at New Norani Colony, Korangi Karachi",16,43,Approved,18.03.25,Jun-27,28.000,100.0,,2026-2027,
1019,HSDHS-PP-24-0015,1019,"Rehabilitation / Providing and Laying Sewerage Line & Paver Block at Abbasi Nagar, North Karachi",16,43,Approved,21.02.25,Jun-27,25.000,100.0,,2026-2027,
1020,HSDHS-PP-24-0016,1020,"Rehabilitation / Providing and Laying Sewerage Line & Paver Blocks at Katchi Abadis Takri Colony, Reti Line, Generalabad & Shah Rasool Colony, Karachi",16,43,Approved,21.02.25,Jun-27,47.000,100.0,,2026-2027,
1021,HSDHS-PP-24-0017,1021,Rehabilitation / Providing and Laying C.C Drain & Paver Blocks at Ghareebad Mehrabpur,16,43,Approved,21.02.25,Jun-27,40.000,100.0,,2026-2027,
1022,HSDHS-PP-24-0020,1022,"Rehabilitation / Providing & Laying C.C Drain & Paver Blocks at Katchi Abadis Village Nazar Muhalla , Ali Abad & Hyderi Muhalla Larkana.",16,43,Approved,21.02.25,Jun-27,47.000,100.0,,2026-2027,
1023,ICDDI-PP-25-0001,1023,Rehabilitation of the Record Room and Data Automation / Digitalization of Directorate of Industries & Commerce,17,44,Approved,20.01.26,Jun-28,28.751,30.6,,2026-2027,
1024,ICDPS-PP-25-0001,1024,"Upgradation of the Record Room and Preservation of Old Record of the Book Depot Sindh Government Press, Karachi",17,45,Approved,20.01.26,Jun-28,27.795,46.3,,2026-2027,
1025,ICDSL-PP-17-0116,1025,"Estblishment of Combined Effluent Treatment Plant, SITE Nooriabad (3.0 MGD)",17,46,Approved,04.06.18,Jun-27,443.350,0.0,,2026-2027,U/R
1026,ICDSL-PP-21-0489,1026,Rehabilitation of Infrastructure & Development at SITE Sukkur,17,46,Approved,26.10.21,Jun-27,439.660,37.9,,2026-2027,U/R
1027,ICDSL-PP-21-0490,1027,Infrastructure Rehabilitation & Development at SITE Nooriabad,17,46,Approved,26.10.21,Jun-27,878.880,35.2,,2026-2027,U/R
1028,ICDSL-PP-22-0516,1028,Rehabilitation of Roads and Drainage at SITE area Kotri,17,46,Approved,02.01.23,Jun-27,399.685,100.0,,2026-2027,
1029,ICDSL-PP-23-0002,1029,Improvement of Infrastructure Works at SITE Area Superhighway Karachi,17,46,Approved,07.08.23,Jun-27,484.667,86.0,,2026-2027,
1030,ICDSL-PP-24-0001,1030,Re-construction of Roads and Drains of SITE Area Hyderabad.,17,46,Approved,04.11.24,Jun-27,1100.000,59.2,,2026-2027,
1031,ICDSL-PP-22-0514,1031,Combined Effluent Treatment Plant at SITE Hyderabad,17,46,Approved,,Jun-28,100.000,0.0,,2026-2027,
1032,ICDSL-PP-22-0515,1032,Combined Effluent Treatment Plant at SITE Sukkur,17,46,Approved,,Jun-28,100.000,0.0,,2026-2027,
1033,ICDSC-PP-10-0010,1033,"Small Industrial Estate Ghotki,48 acres land (Re-revised on 05.11.2021)",17,47,Approved,04.12.03,Jun-28,222.080,9.3,,2026-2027,
1034,ICDSC-PP-23-0001,1034,"Construction of Drainage & Rehabilitation of Office Building SIE Sukkur, established 1963- 64 (Revised on 21.02.2025)",17,47,Approved,31.07.23,Jun-27,195.593,100.0,,2026-2027,
1035,ICDSC-PP-25-0001,1035,Improvement of Basic Infrastructure at Sindh Small Industrial Estate (SIE) Rohri,17,47,Approved,09.07.25,Jun-27,99.700,100.0,,2026-2027,
1036,ICDSC-PP-25-0002,1036,Rehabilitation & Improvement of Basic Infrastructure of Model Small Industrial Estate Sukkur,17,47,Approved,09.07.25,Jun-27,199.526,100.0,,2026-2027,
1037,ICDSC-PP-25-0003,1037,Improvement of Basic Infrastructure at Small Industrial Estate Nothern ByPass Karachi (Phase-I),17,47,Approved,20.01.26,Jun-28,297.502,19.3,,2026-2027,
1038,IFDIF-PP-21-0492,1038,Construction of District Information office at Dadu (C: 23.488+R: 1.588),18,48,Approved,01.07.22,Jun-27,25.076,100.0,,2026-2027,
1039,IFDIF-PP-22-0517,1039,Construction of District Information office at Tharparkar (C: 19.570+R: 3.000),18,48,Approved,13.01.23,Jun-27,22.570,100.0,,2026-2027,U/R
1040,IFDIF-PP-22-0518,1040,Construction of District Information office at Umerkot (C: 19.699+R: 3.000),18,48,Approved,13.01.23,Jun-27,22.699,100.0,,2026-2027,U/R
1041,IFDIF-PP-22-0519,1041,Construction of District Information office at Sanghar (Revised on 21.01.25) (C: 40.764+R:1.632),18,48,Approved,29.02.24,Jun-27,42.396,100.0,,2026-2027,
1042,IFDIF-PP-22-0520,1042,Construction of District Information office at Shikarpur (C: 20.000+R: 2.000),18,48,Approved,06.05.25,Jun-27,22.000,100.0,,2026-2027,
1043,IFDIF-PP-22-0521,1043,"Construction of Committee Room in Information Department, Karachi (C:18.080+R:5.000)",18,48,Approved,04.02.24,Jun-27,23.080,100.0,,2026-2027,U/R
1044,IFDIF-PP-23-0001,1044,"Left Over Work of following ADP schemes: (ADP 2020-21, Sr. No. 815).(ADP 2021-22, Sr. Nos. 990, 991, 992, 993, 994, 995 & 996) (Mirpurkhas, Badin, Jamshoro, Matiari, T.A.Yar, T.M.Khan, Thatta & Sujawal. (C:125.267) (Revised on 29.07.25)",18,48,Approved,29.02.24,Jun-27,125.265,24.5,,2026-2027,
1045,IFDIF-PP-25-0001,1045,Construction of District Information office at Khairpur (C: 54.991+R: 2.000),18,48,Approved,29.07.25,Jun-27,56.991,100.0,,2026-2027,
1046,IRDDT-PP-14-0023,1046,"Construction of Burkoro Drain and Wagharji to Kot Mirsin Taluka Kot Ghulam Muhammad, Murree Minor Drain Taluka Digri, Tando Jan Muhammad Drain and Drainage for Deh Sinhori UC Digri (Revised 19-04-23)",19,49,Approved,13.01.15,Jun-27,488.628,100.0,,2026-2027,
1047,IRDDT-PP-17-0122,1047,Construction of Darelo Drain (SDG # 6) (Revised on 20.01.22),19,49,Approved,27.09.17,Jun-27,312.823,57.7,,2026-2027,
1048,IRDDT-PP-21-0502,1048,Construction of A&B Sub Drains of Sonhari System and Construction of Pumping Station at RD-327 Left Side of Dadu Canal Extension of 'B' Sub-Drain of Sonhari System,19,49,Approved,29.10.21,Jun-27,114.667,35.4,,2026-2027,
1049,IRDDT-PP-21-0507,1049,from RD-05 to 34 & its allied structures and installation Solar Energy System for 3 Nos Pumps in District Larkana & Kambar Shahdatkot. (Revised Date: 15-07-2025 Capital: 197.18 Revenue: 0.00 Total Cost: 197.18),19,49,Approved,14.12.21,Jun-27,197.180,71.0,,2026-2027,
1050,IRDDT-PP-21-0510,1050,Installation of Solar Energy System for 12 No. Pumps @ Larkano South (Mashori) Pumping Station.,19,49,Approved,29.10.21,Jun-27,180.386,46.9,,2026-2027,
1051,IRDDT-PP-21-0511,1051,Construction of Syphons to revive Natural route of Dhoro Puran to Shakoor Dhand and Rehabilitation works of LBOD System (Revised on 11.06.2024),19,49,Approved,15.02.22,Jun-27,9068.131,66.5,,2026-2027,
1052,IRDDT-PP-21-0521,1052,Construction of Small Surface Drainage Solar Pumping Station (10.00 Cusecs) Deh Sinhori (Revised on 15.10.2024).,19,49,Approved,12.03.21,Jun-27,171.717,63.9,,2026-2027,
1053,IRDDT-PP-22-0537,1053,Rehabilitation and Improvement of Left Bank Outfall Drainage System (Inland LBOD System) (Revised 28.09.2023),19,49,Approved,29.03.22,Jun-27,6297.419,77.6,,2026-2027,
1054,IRDDT-PP-22-0538,1054,Providing Drainage Facility to the People of Khanpur Town in Shikarpur Drainage Division Shikarpur Rehabilitation / Restoration Karo Gungro Out-,19,49,Approved,19.12.22,Jun-27,436.665,46.6,,2026-2027,
1055,IRDDT-PP-22-0542,1055,fall Drain System and its Allied Structures including Construction of Dewan Drain from Drainage inlet Darya Khan Pumping Station Hyderabad to Karo Gungro Drain in Tando Muhammad Khan Drainage Division (Revised on 04.11.2024) (Revised Date: 02-03-2026 Capital: 5477.50 Revenue: 0.00 Total Cost:,19,49,Approved,19.12.22,Jun-27,5477.502,40.9,,2026-2027,
1056,IRDDT-PP-22-0549,1056,5477.50) Rehabilitation of Sanjar Chang Drain at Deh Tali and Installation of New Solar Tubewells in Deh Chang and Deh Londani Taluka Chamber District Tando Allahyar.,19,49,Approved,19.12.22,Jun-27,233.402,68.0,,2026-2027,
1057,IRDDT-PP-23-0001,1057,"Revival of Natural Water Ways (Dhoras) Sohni (Dhoro) of Districts Matiari, Sanghar & Tando Allahyar",19,49,Approved,27.08.24,Jun-27,5595.798,59.6,,2026-2027,
1058,IRDDT-PP-23-0002,1058,Revival of Natural Water Ways and Providing Drainage Facility to Left over Area of District Naushahro Feroze (Jalbani Dhoro),19,49,Approved,27.08.24,Jun-27,2723.835,26.0,,2026-2027,
1059,IRDDT-PP-23-0005,1059,"Surface Drainage Scheme in Deh, Miran Khori, in Taluka Chambeer Tubewell Division No.I Hala",19,49,Approved,27.08.24,Jun-27,331.956,65.2,,2026-2027,
1060,IRDDT-PP-23-0007,1060,"Construction of (Markwah) Surface Drainage Pumping Station 120 Cusecs at Jakhreja, Zair Peer Taluka Saeedabad District Matiari in Tubewells Division No.I Hala",19,49,Approved,27.08.24,Jun-27,1455.227,62.6,,2026-2027,
1061,IRDDT-PP-23-0008,1061,"Construction of Drainage Networks in Taluka Thari Mirwah and Faiz Gunj including 04 Nos. Pumping Stations, Drains & Allied Structures and Rehabilitation of Shahnawaz Pumping Station into Mirwah in District Khairpur.",19,49,Approved,27.08.24,Jun-27,1908.236,28.4,,2026-2027,
1062,IRDDT-PP-23-0009,1062,Rehabilitation of SCARP Drains & Re- construction of damaged structures in Larkana Drainage Division Larkana,19,49,Approved,16.09.24,Jun-27,1757.627,59.8,,2026-2027,
1063,IRDDT-PP-23-0012,1063,Rehabilitation of SCARP Drains and Reconstruction of damaged structures in North Dadu Drainage Division Larkana.,19,49,Approved,27.08.24,Jun-27,1315.481,72.8,,2026-2027,
1064,IRDDT-PP-23-0013,1064,Constrcution of Sub Drain 1RA Nasirabad System from RD 0+00 to 16+00 and allied structure works,19,49,Approved,15.10.24,Jun-27,145.934,20.6,,2026-2027,
1065,IRDDT-PP-23-0016,1065,"Drainage Scheme Deh, 3 Dad Asgharabad UC Jamal Shah Taluka Daur Drainage Sub Division Daur District Shaheed Benazirabad Construction of Pumping Station 05 Cusecs",19,49,Approved,15.10.24,Jun-27,174.840,28.6,,2026-2027,
1066,IRDDT-PP-23-0017,1066,"making Direct Disposal Arrangements Earthwork for Drain Leading Channels village Road Culverts, Operation Quarter and inlets for surface Drainage Scheme at Deh Sukandar U.C Faeer Sher Muhammad Dero Taluka Tando Adam District Sanghar.",19,49,Approved,15.10.24,Jun-27,84.610,22.5,,2026-2027,
1067,IRDDT-PP-23-0018,1067,"Rehabilitation of SCARP Drains and Reconstruction of damaged structures in Khairpur Nathan Shah, Drainage Division @ K.N Shah",19,49,Approved,27.08.24,Jun-27,1500.000,100.0,,2026-2027,
1068,IRDDT-PP-23-0019,1068,Construction of Hingorono Main Drain & Hingorno Branch Drain (Phase-I).,19,49,Approved,27.11.24,Jun-28,4438.005,18.0,,2026-2027,
1069,IRDDT-PP-23-0020,1069,Construction of Surface Drainage Network for the Part Command Area of Pithoro (Phase-I). (Revised Date: 13-04-2026 Capital: 4781.34 Revenue: 0.00 Total Cost: 4781.34),19,49,Approved,27.11.24,Jun-28,4781.341,79.3,,2026-2027,
1070,IRDDT-PP-23-0021,1070,Installation of 83 Solar Power Submersible Pumps in Taluka Nagarparkar & Chachro,19,49,Approved,30.12.24,Jun-27,982.576,63.6,,2026-2027,
1071,IRDDT-PP-23-0023,1071,"Boring and Installation of 2.0 cusecs New Saline Tubewells with Solar Energy System in Tapu Seerani, Deh Jahkhro and Bijoriro Taluka and District Badin (Water & Drainage Sector).",19,49,Approved,01.07.25,Jun-27,135.490,44.3,,2026-2027,
1072,IRDDT-PP-25-0001,1072,Rehabilitation of Tubewell Division of Right Bank Division Ratodero Installation of 20 No. Solar Tubewells for drinking/ Agriculture purpose for village,19,49,Approved,14.10.25,Jun-27,399.943,56.3,,2026-2027,
1073,IRDDT-PP-25-0002,1073,"namely Village Gul Mohammad Bikak, Deh hathal buth, Village Mian Dad Barijo deh Raik, Village Hussinn shehro deh Mol, village ghulam Hussain Gabol deh pokhan, village Hussain Brohi deh Kohtarash, Village somaar Khaskheli deh Ganghiaro, village Thokal Barijo deh beli thap, Village Shahoo Palari Deh Desvi, Village Achar Baplani Deh Desvi,",19,49,Approved,03.02.26,Jun-27,347.288,43.2,,2026-2027,
1074,IRDDT-PP-25-0003,1074,Village Imam Bux Gabol Deh Pokhann Installation of 25 No. Solar Tubewells in District Shaheed Benazirabad,19,49,Approved,20.10.25,Jun-27,339.632,53.7,,2026-2027,
1075,IRDDT-PP-25-0004,1075,"Rehabilitation of Drainage Network of Ruk Pumping Station, Masiti Pumping and Qazi Wahan Pumping Station",19,49,Approved,20.10.25,Jun-27,299.245,62.7,,2026-2027,
1076,IRDDT-PP-25-0005,1076,Rehabilitation of Drainage Network of SCARP Project Khairpur including Drains,19,49,Approved,20.10.25,Jun-27,440.685,15.7,,2026-2027,
1077,IRDDT-PP-25-0006,1077,"Construction of New Established Executive Engineer Office Block , Compuund Wall i/c Residential accomodation of Executive Engineer with all accessories in Drainage Division K.N.Shah",19,49,Approved,16.10.25,Jun-27,99.985,72.0,,2026-2027,
1078,IRDDT-PP-25-0007,1078,"Providing Drainage facilities to the people of U.C Jagan of Shikarpur Taluka, District",19,49,Approved,16.10.25,Jun-27,99.748,75.2,,2026-2027,
1079,IRDDT-PP-25-0008,1079,Installation of 28 Tubewells for PS-10 Larkana.,19,49,Approved,14.10.25,Jun-27,335.152,69.4,,2026-2027,
1080,IRDDT-PP-25-0009,1080,Rehabilitation of KPOD & DPOD in Drainage Division Badin (Phase-I),19,49,Approved,14.10.25,Jun-27,1033.277,67.7,,2026-2027,
1081,IRDDT-PP-25-0010,1081,Rehabilitation of Dhoro Puran and Dhoro Hakro its Allied Structures Phase-II,19,49,Approved,10.11.25,Jun-27,2036.739,68.7,,2026-2027,
1082,IRDDT-PP-25-0011,1082,Drainage and Infrastructure Development for proposed sub Drain System in Taluka Tando Bago District Badin.,19,49,Approved,14.10.25,Jun-28,600.491,58.3,,2026-2027,
1083,IRDDT-PP-25-0012,1083,Rehabilitaion of Matli Phulkara Jahejo Outfall Drain from RD-0+000 to 80+000 Outfalling in LBOD Drain at RD-132,19,49,Approved,10.11.25,Jun-27,305.588,100.0,,2026-2027,
1084,IRDDT-PP-25-0013,1084,"Rehabilitation and Restoration of Drainage Network System of Shaheed Fazil Rahu, Matli and Tando Muhammad Khan",19,49,Approved,14.10.25,Jun-27,3293.546,59.5,,2026-2027,
1085,IRDDT-PP-25-0014,1085,Construction of Pumping Station Storm water drain U.C-4 Aliabad Hyderabad,19,49,Approved,28.11.25,Jun-27,109.100,100.0,,2026-2027,
1086,IRDDT-PP-25-0015,1086,Construction of pumping Station Storm Water Drain at Masu Bhurgri to Hyderabad Branch,19,49,Approved,28.11.25,Jun-27,199.971,100.0,,2026-2027,
1087,IRDDT-PP-25-0016,1087,"Construction of Pumping Station Water Drain at Talibul Molla Colony, Hyderabad Left side of Indus River",19,49,Approved,28.11.25,Jun-27,199.903,100.0,,2026-2027,
1088,IRDDT-PP-25-0017,1088,Sustainable Storm Water Drainage System at upstream of Kotri Barrage Left side of Taluka Hyderabad Deh Shah Bukhari Mirzapur,19,49,Approved,08.12.25,Jun-27,430.562,69.7,,2026-2027,
1089,IRDDT-PP-25-0018,1089,Installation Solar Tube Wells at Various villages of District Shaheed Benazirabad [Ref#465],19,49,Approved,08.06.26,Jun-27,61.000,100.0,,2026-2027,
1090,IRDLM-PP-17-0152,1090,"Rehabilitation and Lining of Jamrao Canal (i) Rehabilitation of Jamrao Canal Old from Mile 0 to 49 Mile, (ii) Rehabilitation of Twin Jamrao Canal Old from Mile 0 to 59 Mile and (iii) CC Lining Jamrao Canal West from Mile 0 to 300 Tail (SDG # 6)",19,50,Approved,14.09.17,Jun-27,9989.739,89.2,,2026-2027,
1091,IRDLM-PP-21-0592,1091,Cement Concrete Lining of Sangro Distry System (SDG # 6),19,50,Approved,14.04.22,Jun-27,721.558,42.8,,2026-2027,
1092,IRDLM-PP-22-0589,1092,Cement Concrete Lining of Mir Minor From RD-0 to 34+500 (SDG # 6),19,50,Approved,14.04.22,Jun-27,172.529,60.8,,2026-2027,
1093,IRDLM-PP-22-0596,1093,Cement Concrete Lining of Kunner-II Distry from RD-0+000 to RD-21+000 (SDG # 6) (Revised on 10.05.23),19,50,Approved,14.04.22,Jun-27,517.143,82.6,,2026-2027,
1094,IRDLM-PP-22-0597,1094,C.C Lining of Johi Branch From 0.00 Mile to 28.0 mile (Revised on dated 23.10.2024),19,50,Approved,14.04.22,Jun-27,3370.493,67.6,,2026-2027,
1095,IRDLM-PP-22-0598,1095,Cement Concrete Lining of Sherkhan Distry from RD-0+000 to 60+000 (Revised on 05.08.2024),19,50,Approved,14.04.22,Jun-27,824.848,58.3,,2026-2027,
1096,IRDLM-PP-22-0599,1096,Cement Concrete Lining of Begna Distry from RD-0+000 to 64+500 (Revised on 05.08.2024),19,50,Approved,14.04.22,Jun-27,1024.325,100.0,,2026-2027,U/R
1097,IRDLM-PP-22-0603,1097,Cement Concrete Lining of Inam & Abad Minor from RD-0.00 to 32 & 2 RDs (SDG # 6) (Revised Date: 23-04-2026 Capital: 194.12 Revenue: 0.00 Total Cost: 194.12),19,50,Approved,14.04.22,Jun-27,194.123,74.2,,2026-2027,
1098,IRDLM-PP-22-0605,1098,"Cement Concrete Lining from Head to Tail of Ghar Machi Minor, Hala Minor, Sonada Distry (Revised on 05.08.2024)",19,50,Approved,14.04.22,Jun-27,735.823,74.9,,2026-2027,
1099,IRDLM-PP-22-0612,1099,Cement Concrete Lining of Patni Distry from RD-0+000 to 72+400 (SDG # 6) (Revised on 05.10.23),19,50,Approved,27.04.22,Jun-27,1464.713,79.9,,2026-2027,
1100,IRDLM-PP-22-0616,1100,Lining of Adio Distry and Khoski Minor (SDG # 6),19,50,Approved,02.01.23,Jun-27,645.589,83.9,,2026-2027,
1101,IRDLM-PP-22-0618,1101,Cement concret Lining of Daleri Distry system (SDG # 6),19,50,Approved,16.11.22,Jun-27,326.118,100.0,,2026-2027,U/R
1102,IRDLM-PP-22-0619,1102,Cement Concrete Lining of Geri Minor from RD-0 to 30+500 (SDG # 6),19,50,Approved,02.01.23,Jun-27,179.775,100.0,,2026-2027,U/R
1103,IRDLM-PP-22-0620,1103,C.C Lining of Nabisar Branch (SDG # 6),19,50,Approved,16.11.22,Jun-27,1298.897,74.6,,2026-2027,
1104,IRDLM-PP-22-0626,1104,C.C Lining Khairpur Feeder East Canal RD- 12.8 to 42.8 (SDG # 6),19,50,Approved,21.12.22,Jun-27,1200.000,59.5,,2026-2027,
1105,IRDLM-PP-22-0628,1105,Construction of C.C. Lining of Tanwary Distry RD.0 to 110 (SDG # 6),19,50,Approved,21.12.22,Jun-27,639.954,92.9,,2026-2027,U/R
1106,IRDLM-PP-22-0629,1106,Construction of C.C. Lining of Gul Shah Distry RD-0 to 60 (SDG # 6),19,50,Approved,21.12.22,Jun-27,329.005,74.4,,2026-2027,
1107,IRDLM-PP-23-0001,1107,C.C Lining along Bahadur Wah from RD 0+0 to 84+0 (Ex Shadi Wah Large of Akram Wah Division Badin),19,50,Approved,08.12.24,Jun-27,3636.252,37.9,,2026-2027,
1108,IRDLM-PP-23-0002,1108,C.C Lining along Ali Wah Large from RD 0+0 to 90+300 Ex-Akram Wah Badin.,19,50,Approved,08.12.24,Jun-27,2468.993,86.3,,2026-2027,
1109,IRDLM-PP-23-0003,1109,C.C Lining along Raj Wah from RD-0+0 to 102+00 (Ex-Sunni Guni of Akram Wah Dvision Badin),19,50,Approved,08.12.24,Jun-27,3101.754,51.1,,2026-2027,
1110,IRDLM-PP-23-0004,1110,C.C Lining along Ganj Bahar Wah from RD- 0+0 to 45+0 (Ex-Kazia Branch of Akram Wah Division Badin).,19,50,Approved,08.12.24,Jun-27,830.290,82.9,,2026-2027,
1111,IRDLM-PP-23-0005,1111,C.C Lining of Garhiwah Ex-Ganj Bahar Branch,19,50,Approved,11.12.24,Jun-27,903.550,47.9,,2026-2027,
1112,IRDLM-PP-24-0010,1112,C.C Lining of Ghotano-II Distry from RD 0+000 to 24+400,19,50,Approved,10.01.24,Jun-27,575.000,87.5,,2026-2027,
1113,IRDLM-PP-24-0016,1113,Cement Concrete Lining of Channa Distributary from RD 0+0 to 58+800,19,50,Approved,12.02.24,Jun-27,1450.668,56.2,,2026-2027,
1114,IRDLM-PP-24-0020,1114,Cement Concrete Lining along Rahib Shah Distry from RD-0+0 to 26+250,19,50,Approved,12.02.24,Jun-27,407.720,66.7,,2026-2027,
1115,IRDLM-PP-24-0028,1115,Cement Concrete Lining of Nizamani Minor from RD 0+000 to 13+560,19,50,Approved,20.02.25,Jun-27,150.576,100.0,,2026-2027,U/R
1116,IRDLM-PP-25-0001,1116,Cement Concrete Lining of Rohri Main Canal from RD-589 to 619+000,19,50,Approved,20.01.26,Jun-27,9894.248,4.6,,2026-2027,
1117,IRDOC-PP-14-0040,1117,Construction Pumping Scheme along LS Bund mile 77/2 by pumping Water from River Indus for Supplement Tail Areas of Dadu Canal System (SDG # 6),19,51,Approved,02.06.15,Jun-27,349.986,55.6,,2026-2027,
1118,IRDOC-PP-14-0043,1118,"Rehabilitation / Lining of Bago Wah, Dahar Wah Upper (its off-taking channels) / Rehabilitation of Irrigation Colony Ghotki and Pano Akil including Drainage System and Rehabilitation / Brick Lining of Pir Wah RD- 7 to 24 (Revised on 25.05.2024)",19,51,Approved,29.05.15,Jun-27,635.367,100.0,,2026-2027,
1119,IRDOC-PP-15-0031,1119,Capacity Building of Officers/ Officials of the Irrigation Department (SDG # 6),19,51,Approved,02.12.16,Jun-27,163.680,100.0,,2026-2027,
1120,IRDOC-PP-15-0032,1120,Lining of Rohri Main Canal RD 645.670 to RD 680 (SDG # 6) Shaheed Benazir Bhutto Sweet Water Project,19,51,Approved,12.11.15,Jun-27,6340.000,79.3,,2026-2027,
1121,IRDOC-PP-16-0069,1121,"for Thar (Umerkot to Keetari) - Providing Water from Thar Wah of Umerkot to Keetari Taluka Chachro Via Dhalo Jo Tar, Kaplore, Viklore Tar, Budha Sandha, Vechlo Par, Ratan Jo Tar and Constructing of Underground Reservoirs (SDG # 6) (Revised 05-08-22)",19,51,Approved,05.11.17,Jun-27,6877.210,91.9,,2026-2027,
1122,IRDOC-PP-17-0127,1122,"Lining of Surhari, Brandi, Maldasi, Shahdadpur Minors and Ujjano, Lundo Distry (SDG # 6)",19,51,Approved,30.08.17,Jun-27,499.579,74.0,,2026-2027,
1123,IRDOC-PP-19-0156,1123,"CC Lining of Shah Nawaz Wah from RD-0.0 to 53, Rahuja Minor RD-9+5 to 25+0, Kanasera Minor, Junki Minor, and Retaining Wall along Faiz Wah - Revised on 25.07.24 (SDG # 6)",19,51,Approved,13.01.14,Jun-27,694.412,90.9,,2026-2027,
1124,IRDOC-PP-19-0158,1124,Construction of T-Head Spurs At LS Bund Mile 40/4+500 Moria Loop Bund Mile 0/0+400 & 0/1+600 in Northern Dadu Division - Revised on 18.10.19 (SDG # 6),19,51,Approved,05.11.17,Jun-27,919.109,65.6,,2026-2027,
1125,IRDOC-PP-19-0167,1125,Construction of office Complex in Southern Dadu Division @ Dadu (Revised on 27.11.2024).,19,51,Approved,17.03.20,Jun-27,305.542,100.0,,2026-2027,
1126,IRDOC-PP-19-0179,1126,Establishment of Engineer's Training Academy (Revised 28-03-2024). Recoupment of Damaged T-Head Spur along,19,51,Approved,29.05.20,Jun-27,688.505,100.0,,2026-2027,
1127,IRDOC-PP-19-0190,1127,"Agani Akil Loop Bund 2/6+250, Stone Apron at Mole of 0/4 and 0/7 Mole Spurs and 09 Nos. Stone Studs in Larkano Sub Division. Total Cost Rs.889.773 Million) (GOP 65% Share Rs.272.486 Million of Original approved PC-I Cost Rs.389.780) & (GOS Share Revised) -",19,51,Approved,01.01.20,Jun-27,616.927,100.0,,2026-2027,
1128,IRDOC-PP-21-0539,1128,NDRMF (Revised 31.05.2023) Remodeling and Rehabilitation of N. W. Canal & Khirthar Branch-Total Cost Rs. 2968.951 Million (GoB Share Rs. 970.293 Million & GoS Share Rs. 1998.658 Million),19,51,Approved,27.04.22,Jun-27,1998.658,44.5,,2026-2027,
1129,IRDOC-PP-21-0541,1129,Retaining wall along Gaj Diverson Bund in Southern Dadu Division (Revised on 04.11.2024.),19,51,Approved,09.10.21,Jun-27,3791.756,61.9,,2026-2027,
1130,IRDOC-PP-21-0542,1130,Strengthening / Earth work from RD-20.0 to 75.0 & Stone Pitching from RD-20.0 to 75.0 along F.P. Bund in Southern Dadu Division.,19,51,Approved,09.10.21,Jun-27,701.508,100.0,,2026-2027,
1131,IRDOC-PP-21-0543,1131,Providing 04 Nos. J-Head Spurs with Apron and Stone Pitching for Centralizing the River Flow Up-stream of Guddu Barrage Region.,19,51,Approved,01.10.22,Jun-27,1607.573,59.1,,2026-2027,U/R
1132,IRDOC-PP-21-0553,1132,Re-section /De-silting of Rice Canal & Dadu Canal District Larkano.,19,51,Approved,23.12.21,Jun-27,324.419,100.0,,2026-2027,
1133,IRDOC-PP-21-0556,1133,C.C. Lining of Reti Minor from RD-0 to 45 (Revised on 22.05.23),19,51,Approved,16.11.21,Jun-27,516.443,63.2,,2026-2027,
1134,IRDOC-PP-21-0560,1134,C.C. Lining of Tando Ghulam Ali Distry from RD-0 to RD-39 Phulleli Canal Division (Revised on 10-05-23).,19,51,Approved,11.12.21,Jun-27,525.068,80.9,,2026-2027,
1135,IRDOC-PP-21-0561,1135,Rehabilitation of Channels of Ghotki Feeder in Ghotki Feeder A.W.B.(Revised on 22.05.23),19,51,Approved,16.11.21,Jun-27,728.000,53.8,,2026-2027,
1136,IRDOC-PP-21-0569,1136,C.C. Lining of Sultani Branch & its 6 Nos. off- taking channels (Revised on 11.06.2024).,19,51,Approved,01.10.22,Jun-27,4101.296,92.5,,2026-2027,
1137,IRDOC-PP-21-0571,1137,Improvement of Farash Complex Existing Irrigation Network for Esured water saving for Thar Coal and the safety of Thar Coal Carrier Channel,19,51,Approved,09.10.21,Jun-27,3704.310,74.9,,2026-2027,
1138,IRDOC-PP-21-0572,1138,Resettlement Action Plan; Environmental & Social Management Framework Support for Akram Wah under SWAT Project (Revised 22- 02-23).,19,51,Approved,21.09.21,Jun-27,555.126,85.9,,2026-2027,
1139,IRDOC-PP-21-0573,1139,Rehabilitation / Reconstruction Office Block; Residences of AXEN Dokri & Office Block of AXEN Office Tajo Dero Sub-Division in Northern Dadu Division (Revised on 20.05.2024).,19,51,Approved,26.08.21,Jun-27,149.641,100.0,,2026-2027,
1140,IRDOC-PP-21-0574,1140,"C.C. Lining along Gillispie Distry, Jatoi Distry, Nabi Bux Minor, Bakrani Minor, Larkano Minor and Fateh Wah Minor.",19,51,Approved,01.10.22,Jun-27,503.076,50.3,,2026-2027,
1141,IRDOC-PP-21-0579,1141,"Sindh Water & Agriculture Transformation (SWAT) Project Irrigation Component (FPA 64030.650 Million, GoS Share Rs. 2763.060 Million Total Rs.70445.950)",19,51,Approved,12.06.22,Jun-28,2763.060,22.8,,2026-2027,
1142,IRDOC-PP-22-0552,1142,Construction of DOS along Rice Canal IP & NIP side (34 Nos.) in Rice Canal Division Larkana,19,51,Approved,16.12.22,Jun-27,85.486,100.0,,2026-2027,
1143,IRDOC-PP-22-0553,1143,Repair Replacement Regulator Gates of Rice Canal Division Larkana (Revised on dated 07.10.2024).,19,51,Approved,16.12.22,Jun-27,274.800,74.2,,2026-2027,
1144,IRDOC-PP-22-0555,1144,"Painting of Main Barrage Gates and Structures of Kotri Barrage Head Works, Jamshoro (Revised on 11.06.2024)",19,51,Approved,18.01.23,Jun-27,858.776,61.6,,2026-2027,
1145,IRDOC-PP-22-0556,1145,Rehabilitation of Wadhu Wah & Fasadi Wah with C.C Lining and Repair of Brick Lining (Revised on 14.05.2024).,19,51,Approved,25.01.23,Jun-27,1071.784,100.0,,2026-2027,
1146,IRDOC-PP-22-0557,1146,Rehabilitation of Changing of Location of Saeed Khan Pumping Station including lining of remaining reaches of Saeed Khan Distry.,19,51,Approved,19.12.22,Jun-27,450.000,94.4,,2026-2027,
1147,IRDOC-PP-22-0558,1147,"Restoration/ Emergency work along Mithrao Division, Thar Division, Jamrao Division & Nara Canal Division of Area Water Board Mirpurkhas",19,51,Approved,19.12.22,Jun-27,696.603,47.0,,2026-2027,
1148,IRDOC-PP-22-0562,1148,Shaheed Benazir Bhutto-Extension of Sweet Water Supply Scheme for Thar (Umerkot to Keetari) (Modified approved on 30.01.2025) (Revised Date: 20-04-2026 Capital: 7567.62 Revenue: 54.68 Total Cost: 7622.30),19,51,Approved,19.12.22,Jun-28,7622.302,7.9,,2026-2027,
1149,IRDOC-PP-22-0563,1149,Construction of Bridge on BS Feeder RD-27 near Irrigation Colony Kashmore and Reconditioning of Bridge Desert Canal and Pat Feeder Canal near Kashmore Town and Reconstruction of Bridge at RD-24 fall Garhi Hassan near village Illahi Bux Khoso.,19,51,Approved,02.01.23,Jun-27,249.972,100.0,,2026-2027,
1150,IRDOC-PP-22-0572,1150,"Boring & Installation of 15 Nos. New 2.0 Cusecs (Fresh Water) Solar Energy Tubwells & Construction of Operator Quarter, Pump House, Discharge Box Approach Path & Water Course for 15 No. New 2.0 Cusecs (Fresh Water) Solar Energy Tube-wells at various locations District Ghotki in Ghotki Tube-well Division Ghotki (Modified on 14.04.2025).",19,51,Approved,16.11.22,Jun-27,262.471,61.0,,2026-2027,
1151,IRDOC-PP-22-0574,1151,Construction of Aqueduct crossing of Dall Distry RD - 18+300 over Indus link in Shahbaz Irrigation Division Sehwan (Revised Date: 09- 03-2026 Capital: 196.79 Revenue: 0.00 Total Cost: 196.79),19,51,Approved,23.05.23,Jun-27,196.788,100.0,,2026-2027,
1152,IRDOC-PP-22-4210,1152,"Flood Protection Sector Project-III (FPSP-III) (Total cost Rs. 194.625 billion, GoP Rs. 5.057 billion, GoS Rs. 5.057 billion, Donor funding 80%, GoP 10%, GoS 10%)",19,51,Approved,27.06.23,Jun-27,5057.000,1.0,,2026-2027,
1153,IRDOC-PP-23-0025,1153,"Construction of Protect Bunds of villages of Amri, Kalri, Wada Gaincha Muhammad Hashim Chhachhar & Mini Pumping Scheme of Brahmani & Khosa Community of Taluka Manjhand District Jamshoro",19,51,Approved,15.10.24,Jun-27,102.843,100.0,,2026-2027,
1154,IRDOC-PP-23-0031,1154,Construction of Pumping Station (90 Cusecs) along Odero Lal Escape at RD-54+000 in Hala Irrigation Division Hala.,19,51,Approved,14.04.25,Jun-28,1181.346,56.0,,2026-2027,
1155,IRDOC-PP-23-0032,1155,Re-Sectioning / De-Silting along Faiz Nahar Canal & Abul wah,19,51,Approved,15.10.24,Jun-27,199.911,63.5,,2026-2027,
1156,IRDOC-PP-23-0034,1156,Rehabilitation of Pumping Stations Damaged during Flood 2022 & Construction of Retaining wall Vicholo Distry RD-15 & 16 of Rice Canal Division Larkana.,19,51,Approved,20.05.24,Jun-27,103.863,60.4,,2026-2027,
1157,IRDOC-PP-23-0035,1157,Restoration of C.C Lined Channels/ Earthwork/ Desilting work Channels & Construction of New Pumping scheme near Pandhi Khan Chachar village in Taluka Manjhand Sann Shah Awais Sub Division of Shahbaz Irrigation Division Sehwan.,19,51,Approved,15.10.24,Jun-27,108.385,100.0,,2026-2027,
1158,IRDOC-PP-23-0036,1158,Rehabilitation of off-taking channels branches Distries and Minors damaged due to Rain during Flood 2022 in Shahdadkot Irrigation Division Shahdadkot.,19,51,Approved,01.06.25,Jun-28,448.197,24.7,,2026-2027,
1159,IRDOC-PP-23-0037,1159,Rehabilitation/ Restoration of channels and Regulator gates damaged during flood 2022 in Warah Division Larkana.,19,51,Approved,01.06.25,Jun-28,733.258,13.3,,2026-2027,
1160,IRDOC-PP-23-0038,1160,Construction of C.C Lining along Dilmurad Distry from RD-00+000 to 20+000.,19,51,Approved,30.01.25,Jun-27,446.409,100.0,,2026-2027,
1161,IRDOC-PP-23-0039,1161,"Restoration & Rehabilitation of Eidan Distry RD-0 to 69, Lund Minor RD-0 to 25 and Seer Wah RD-0 to 20.6.",19,51,Approved,12.09.24,Jun-27,459.979,100.0,,2026-2027,
1162,IRDOC-PP-23-0040,1162,Restoration banks of group regulator up and downstream and off taking channels and repair of structure along Sindh Canal Mile 18 and Munghar Wah.,19,51,Approved,23.10.24,Jun-27,357.408,100.0,,2026-2027,
1163,IRDOC-PP-23-0041,1163,Restoration and Constructing Stone Pitching along Begari Sindh Feeder Main Canal RD-17 to 45 various portions and Desert Pat Feeder Main Canal RD-0 to 37.5 various portions both sides.,19,51,Approved,01.06.25,Jun-27,380.423,46.5,,2026-2027,
1164,IRDOC-PP-23-0042,1164,Rehabilitation of Sindh Canal from RD-100 to 140 Sukkur Begari Bund Division Sukkur,19,51,Approved,23.10.24,Jun-27,447.404,100.0,,2026-2027,
1165,IRDOC-PP-23-0043,1165,Construction of new bridge at Phulleli Canal from Abdul Sattar Edhi Road to Government College University Kari Mori Hyderabad,19,51,Approved,16.12.24,Jun-27,417.003,100.0,,2026-2027,
1166,IRDOC-PP-23-0045,1166,"Rehabilitation / Restoration of German Dhoro RD.0.0 to 18.0, Khooni Dhoro Outfall Drain RD.0.0 to 34.0 & AlliedStructures",19,51,Approved,16.12.24,Jun-27,835.633,72.1,,2026-2027,
1167,IRDOC-PP-23-0049,1167,"Rehabilitation/Restoration of Stone Pitching right Side , left Side Downstream and upstream Guide Banks and marginal Bunds and recouping of apron & other related River training works at Kotri Barrage Head Works Jamshoro",19,51,Approved,23.12.24,Jun-28,762.933,65.5,,2026-2027,
1168,IRDOC-PP-23-0050,1168,Restoration /Rehabilitation of Guide/ Flood Protection Dikes at Thatta District,19,51,Approved,27.11.24,Jun-28,546.967,100.0,,2026-2027,
1169,IRDOC-PP-23-0051,1169,Remodeling of Kalri Baghar Feeder Lower Regulator at RD 103,19,51,Approved,27.11.24,Jun-27,599.965,100.0,,2026-2027,
1170,IRDOC-PP-23-0052,1170,Providing Drainage facility to SMHL Karachi and Renovation of Residential Quarters and compound wall including renovation of E-01 quarter Left Bank Barrage (Sub Ordinate Colony) Hyderabad damaged during Flood 2022.,19,51,Approved,01.06.25,Jun-27,334.236,94.8,,2026-2027,
1171,IRDOC-PP-23-0053,1171,Rehabilitation of Constructing Retaining wall and Stone Pitching along Ghotki Feeder Main Canal RD-352 to 373 various portion of both sides & Providing Retaining at RD-70 to 72 both sides and Construction of Bridge at RD-69 of Dingo Wah in Mehsro Sub Division.,19,51,Approved,01.06.25,Jun-27,568.451,26.4,,2026-2027,
1172,IRDOC-PP-23-0054,1172,Constructing (8) Eight Nos. Drain in Taluka Salehpat (Command of Nara Canal Division Khairpur @ Sukkur) to Drain out Seepage/ Flood Water/ Rain Water.,19,51,Approved,11.12.24,Jun-28,1224.929,32.9,,2026-2027,
1173,IRDDT-PP-24-0001,1173,Construction of Road Bridges along Indus Highway N-55 at Sehwan,19,51,Approved,16.09.24,Jun-27,2297.923,99.0,,2026-2027,
1174,IRDDT-PP-24-0007,1174,Construction of Allahabad Moosa Branch system of Taluka Thul and Constructing/ Providing Drainage Facility of Taluka Jacobabad for Evacuation of Surplus Rain water into Hairdin Main Drain.,19,51,Approved,21.04.25,Jun-27,4601.603,14.1,,2026-2027,
1175,IRDOC-PP-25-0007,1175,Constructing Stone Pitching and Earthwork along Rohri Main Canal from RD 825 to 842 NIP side.,19,51,Approved,14.10.25,Jun-27,544.939,100.0,,2026-2027,
1176,IRDOC-PP-25-0008,1176,"Construction of Pumping Station for providing Irrigation Water for four Dehs Khanoth, Deh Hala Old, Deh Rohjani and Deh Salaro of Taluka Hala",19,51,Approved,20.04.26,Jun-28,499.884,20.0,,2026-2027,
1177,IRDOC-PP-25-0009,1177,"Construction of village Road Bridges village Faiz Muhammad Bhutto (Hingorja Minor), Village Muhammad Amin Arain (Machar Minor), Village Drazai Sahita (Mehrab Minor), Village Gaid (Hingorja Minor), Village Zawar Imdad Sahito New Goth (New Lakhi Wah), Village Ustab Safar Tunio (New Lakhi Wah)",19,51,Approved,14.11.25,Jun-27,99.421,100.0,,2026-2027,
1178,IRDOC-PP-25-0010,1178,Recoupment of damaged Bed Apron and Stone Pitching at Downstream of X-Regulators over Rohri Main Canal,19,51,Approved,02.12.25,Jun-27,1483.456,53.9,,2026-2027,
1179,IRDOC-PP-25-0011,1179,Rehabilitation of Sangi Distry from Rd 58 + 000 to 134 + 000 Rohri Division Moro,19,51,Approved,15.12.25,Jun-27,200.000,45.0,,2026-2027,
1180,IRDOC-PP-25-0012,1180,"Repair / Reconstruction of Government Office Buildings & Residential Bungalows, Staff Colony and compound wall in Shahdadkot Irrigation Division Shahdadkot.",19,51,Approved,14.11.25,Jun-27,164.983,23.9,,2026-2027,
1181,IRDOC-PP-25-0013,1181,Construction of Ring Bund to village Ghaibi Dero Taluka Kamber (Most affected village in flood 2022),19,51,Approved,09.03.26,Jun-27,149.639,73.1,,2026-2027,
1182,IRDOC-PP-25-0014,1182,"Rehabilitation / Re-construction Of Garhi Regulator, R.C.C Slab @ Dost Ali Regulator & at Gul Regulator",19,51,Approved,02.03.26,Jun-27,298.735,26.4,,2026-2027,
1183,IRDOC-PP-25-0015,1183,Adding 04 Nos. Spans along Dadu Canal at RD-266 (Mahar Wada Road Bridge),19,51,Approved,02.03.26,Jun-27,406.399,18.5,,2026-2027,
1184,IRDOC-PP-25-0016,1184,Construction of New Pumping Schemes at village Faqeer Bux Kachhi & near Sirai Solangi UC Lakha Taluka Manjhand,19,51,Approved,16.10.25,Jun-27,99.940,31.3,,2026-2027,
1185,IRDOC-PP-25-0017,1185,Stone Pitching along Khudawah Bund (Extension of Suprio Bund in K.N.Shah Rice Canal Larkana Division,19,51,Approved,10.11.25,Jun-27,499.399,25.0,,2026-2027,
1186,IRDOC-PP-25-0018,1186,Remodeling of Head Regulator & Cement Concrete Lining of Waris Dino Distry and Reconstruction of Bhutta Minor RD-1 to 6,19,51,Approved,17.11.25,Jun-27,399.993,87.5,,2026-2027,
1187,IRDOC-PP-25-0019,1187,"Restoration of 85TH, 95TH, 109TH & 123RD Mile X- Regulators in Southern Dadu Division Dadu.",19,51,Approved,02.03.26,Jun-27,279.266,15.2,,2026-2027,
1188,IRDOC-PP-25-0020,1188,"Rehabilitation of x-regulator mile-63 of Desert canal including road bridges. rehabilitation of x-regulator Mile-7, Mile19 & Mile-36 of Desert Canal.",19,51,Approved,15.12.25,Jun-27,290.841,40.8,,2026-2027,
1189,IRDOC-PP-25-0021,1189,Repair/ Restoration of X-Regulator Mile-09 of Unhar Canal & Rehabilitation of Unhar Canal Ex-B.S Feeder RD-219 in Thul Sub Division of Begari Division Thul,19,51,Approved,14.11.25,Jun-27,109.012,28.7,,2026-2027,
1190,IRDOC-PP-25-0022,1190,Restoration of X-regulator gates from RD-50 to 269 along B.S Feeder Canal B.S Feeder Division Kashmore,19,51,Approved,14.11.25,Jun-27,149.976,91.7,,2026-2027,
1191,IRDOC-PP-25-0023,1191,Reconstruction of Bridge at Ashiqabad Sindh to Village Sanhri Panhwar Shahi canal Balochistan RD-52 and Construction of New Bridge at Jungle Khan Dhuo RD-16 Garhi Hassan,19,51,Approved,09.12.25,Jun-27,29.145,100.0,,2026-2027,
1192,IRDOC-PP-25-0024,1192,Reconstruction of Damaged/ Collapsed Head Regulator of Khariyoon Distry at RD 88.0 Right Side of Pinyari Branch,19,51,Approved,08.12.25,Jun-27,217.955,50.5,,2026-2027,
1193,IRDOC-PP-25-0025,1193,"Construction of Bridge on Rais Wah village Sikandar Khan Chandio, village Fareed Essani Khuda Bux Essani, Chohi Shakh Cipi village Lal Pir, Yaseen Wah near Muhammad Khan Buriro & Bhaya Wah near Muhammad Khan Luhur",19,51,Approved,16.10.25,Jun-27,99.975,100.0,,2026-2027,
1194,IRDOC-PP-25-0026,1194,Cement Concrete Lining of Keenjhar Distry from RD-20+000 to RD-31+500 including its parent Channel Chhatho Large from RD- 25+000 to RD-37+100,19,51,Approved,17.11.25,Jun-27,441.760,15.8,,2026-2027,
1195,IRDOC-PP-25-0027,1195,Reconstruction of Modules of Sattah Branch and Malia Branch,19,51,Approved,17.11.25,Jun-27,236.422,67.2,,2026-2027,
1196,IRDOC-PP-25-0028,1196,Rehabilitation of Mechanical Gates including their hoisting system in Pinyari Circle Hyderabad,19,51,Approved,26.11.25,Jun-27,199.559,75.2,,2026-2027,
1197,IRDOC-PP-25-0029,1197,Stone Pitching along down stream Fall Regulators RD 35 of PFL (Both sides),19,51,Approved,26.11.25,Jun-27,196.930,100.0,,2026-2027,
1198,IRDOC-PP-25-0030,1198,Construction of Flood Protection Bund/ Embankment Jamshoro for villages Khasai Taluka Manjhand and Khanpur Taluka Kotri,19,51,Approved,16.10.25,Jun-27,106.896,100.0,,2026-2027,
1199,IRDOC-PP-25-0031,1199,Rehabilitation / Replacement of gates of Regulator of Escap along K.B.F lower and including gates of Minor/distry in Kalri Baghar division,19,51,Approved,26.11.25,Jun-27,199.954,50.0,,2026-2027,
1200,IRDOC-PP-25-0032,1200,Construction of New Prestressed Road Bridge in replacement of Husri Village Road Bridge over Fuleli Canal RD 60 near Bihar Colony and Repair of Bridge on Fuleli Canal RD-88 at Poing Kathar village Taluka Latifabad and T.M Khan,19,51,Approved,17.11.25,Jun-27,407.708,73.6,,2026-2027,
1201,IRDOC-PP-25-0033,1201,"Repair of Head Regulator Old Fuleli Canal at RD 4 of Combined Channel along with gear greasing of Gates & hoisting system and Repair of Road Bridge, stone pitching upstream and downstream flank walls etc",19,51,Approved,17.11.25,Jun-27,345.860,42.6,,2026-2027,
1202,IRDOC-PP-25-0034,1202,"Rehabilitation of Upper Nara Canal i/c excavation of Cunet, Construction of Stone Pitching & Stone Apron and desilting works along different reaches of Lower Nara Canal.",19,51,Approved,26.01.26,Jun-27,997.965,25.1,,2026-2027,
1203,IRDOC-PP-25-0035,1203,Rehabilitation of Mir Wah Talhar from RD-0 to 227 (Ex: Phuleli Canal),19,51,Approved,17.11.25,Jun-27,535.183,56.1,,2026-2027,
1204,IRDOC-PP-25-0036,1204,Reactivation and Rehabilitating floor regime of Mithrao Canal from RD-174 to RD-252 and Jamrao Canal from RD-445 to RD-500 and Khipro Canal From RD-0 to-245,19,51,Approved,08.12.25,Jun-27,899.713,36.1,,2026-2027,
1205,IRDOC-PP-25-0037,1205,Rehabilitation of Lower Dahar Wah,19,51,Approved,09.12.25,Jun-27,199.730,26.3,,2026-2027,
1206,IRDOC-PP-25-0038,1206,"Rehabilitation/ Improvement of structure, earthwork and stone pitching of Makai Minor, Gajji Minor and Imam wah Ghotki Feeder Ghotki",19,51,Approved,09.12.25,Jun-27,150.080,26.2,,2026-2027,
1207,IRDOC-PP-25-0039,1207,Rehabilitation/ Improvement of earthwork and strengthening the banks of Bumbli Minor RD- 89 to 150 Ghotki Feeder Ghotki,19,51,Approved,09.12.25,Jun-27,149.991,26.3,,2026-2027,
1208,IRDOC-PP-25-0040,1208,"Construction of four (04) Nos.Office-Cum Rest House and Residence Building for AXEN of discharge observation cell Lahore at Jinnah, Chashma, Tanusa and Panjnad including Supply of Flow-Measuring Equipment.",19,51,Approved,17.11.25,Jun-27,300.000,25.0,,2026-2027,
1209,IRDOC-PP-25-0041,1209,Sindh Flood Emergency Rehabilitation Project- SFERP (Irrigation Component) Phase-II (Additional Financing),19,51,Approved,18.04.25,Jun-27,559.391,64.8,,2026-2027,
1210,IRDOC-MD-26-0001,1210,"Sindh Coastal Resilience Project (SCRP) Total Cost Rs.56140.000 Million (FEC Share Rs.50526.00 Million, GoS Share Rs.Rs.4936.820 Million & Forest Department Share Rs.677.180 Million).",19,51,Approved,19.12.25,Jun-32,4936.820,2.0,,2026-2027,
1211,IRDOC-PP-25-0042,1211,Re-Sectioning/Restoration of Banks of Bagari Canal From Mile 60 to 78 I/C Reconstruction of Outlet Structurs and Road Bridges in Begari Division Jacobabad,19,51,Approved,27.04.26,Jun-28,844.921,11.8,,2026-2027,
1212,IRDOC-PP-25-0043,1212,Construction of Apron and Stone Pitching for Protection Works at village Hashim Chachar District Jamshoro,19,51,Approved,20.04.26,Jun-28,371.565,17.5,,2026-2027,
1213,IRDOC-PP-25-0001,1213,"Constructing of J-Spur of SM Bund @ Mile 106/4+230, & Construction of Studs @ Mile 106/7+140 Recouping of Stone Apron from Mile 106/5+360 to 106/5+460 and 106/6+100 to 106/6+300.",19,51,Approved,,Jun-27,2000.000,25.0,,2026-2027,
1214,IRDOC-PP-25-0002,1214,Construction of a T-Spur and Stone Apron at Mile 135/5 along the S.M Bund (Bhanoth) in the Hala Bund Sub Division.,19,51,Approved,,Jun-27,1000.000,25.0,,2026-2027,
1215,IRDOC-PP-25-0003,1215,"Constructing J-Spur along S.M Bund at Mile 12/0, 3 Nos. Stone Studs from Mile 12/0 to 12/4, Stone Apron 11/0 to 12/0 Stone Pitching from Mile 11/0 to 13/0 and Raising & Strengthening along S.M Bund 12/0 to 14/0 (Bakhri Bund).",19,51,Approved,,Jun-27,1724.999,25.0,,2026-2027,
1216,IRDOC-PP-25-0004,1216,"Construction of J-Spur @ Mile 40/6, T-Head Spur @ Mile 41/5+640, 07 Nos. Stone Studs from Mile 40/6 to 41/4+600 Stone Apron from Mile 40/3 to 41/5+640 & 47/5 to 48/5, Stone Pitching 40/6 to 41/5+640 && 47/5 to 48/5 and Strengthening Earthwork along S.M Bund Mile 40/5 to 41/5 (Kore-Ja-Bhan).",19,51,Approved,,Jun-27,2899.625,25.0,,2026-2027,
1217,IRDOC-PP-25-0005,1217,"Extending the Bund Width from 20 ft. to 40 ft. with 1:6 Outer Slope, Providing 20 ft. Stone Boulders Shield to the Erosion Curvature Striding towards Bund, Providing Stone Apron of 6 x 80 at S.L Bund Mile 40/2+520 to 40/4+200 in 1000 ft and Reserve Stock of Stone Boulders.",19,51,Approved,,Jun-27,979.919,25.0,,2026-2027,
1218,IRDOC-PP-25-0006,1218,"Emergent Work of Construction of Stud Hajipur (H.P) Bund Mile 6/4 + 220 to 6/5 + 0 and Recoupment/ Restoration of Damage Stone, Apron and Stone Pitching along in Different Reaches.",19,51,Approved,,Jun-27,3197.818,25.0,,2026-2027,
1219,BLKOC-PP-26-0001,1219,Flood Block Allocation,19,51,Approved,,Jun-27,5000.000,60.0,,2026-2027,
1220,IRDSD-PP-21-0580,1220,"Construction of 09 Nos. Tarries namely Saeedo Rind, Mubarak Rind, Kagio Manjhay, Chawar, Parno, Tobo, Chapper Uddin Shah, Khutkhari in Taluka Chachro Tarries in Taluka Chachro in District Tharparkar.",19,52,Approved,23.02.22,Jun-28,499.970,90.1,,2026-2027,
1221,IRDSD-PP-22-0576,1221,Construction of Dillan Dam - II and Restoration of Downstream of Dillan Dam - I in Upper Kohistan - I Dadu (Revised on 21.04.2025),19,52,Approved,25.01.23,Jun-28,920.192,78.2,,2026-2027,
1222,IRDSD-PP-25-0001,1222,Construction of Mazarani Dam in Kamber - Shahdadkot.,19,52,Approved,,Jun-28,16888.815,0.1,,2026-2027,
1223,IRDSI-PP-22-0023,1223,Procurement of Consultancy Services for Updating the Regional Plan for Enhancing and Improving the Indus Left Bank Drainage System.,19,53,Approved,22.02.23,Jun-27,223.740,43.0,,2026-2027,
1224,IRDSI-PP-22-4206,1224,"Procurement of Consultancy Services for Feasibility Study, Detailed Engineering Design, Estimates and PC-I for Revival of Ochito River.",19,53,Approved,25.01.23,Jun-27,80.970,47.1,,2026-2027,
1225,IRDSI-PP-22-4208,1225,"Procurement of Consultancy Services for Survey, Detailed Engineering Design, Estimates Feasibility Study and PC-I to Check Sea-intrusion from Gharo Creek to Sir Creek and its Remedies in Sindh Coastal Belt along with alignment of proposed Sea-Dyke.",19,53,Approved,25.01.23,Jun-27,124.063,22.9,,2026-2027,
1226,IRDLM-PP-24-0001,1226,Feasibility Study for Evaluation of Ground Water Potential within 10 k.m Belt Astride of Nara Canal in Sindh,19,53,Approved,16.09.24,Jun-27,96.000,20.4,,2026-2027,
1227,IRDSI-PP-25-0001,1227,"Procurement of Consultancy Services for Feasibility Study, Detailed Engineering Design, Estimates and PC-I of Cement Concrete Lining of Rohri Canal from Head to Tail RD-0+00 to 1038+00",19,53,Approved,14.04.25,Jun-27,111.000,28.0,,2026-2027,
1228,IRDSI-PP-25-0002,1228,Procurement of Consultancy Services for Study for Study of Existing Narrow Bridge on River Indus for widening and River Training Works,19,53,Approved,15.12.25,Jun-27,68.000,10.0,,2026-2027,
1229,IRDSI-PP-25-0003,1229,Procurement of Consultancy Services for Study for Assessment and Design of Rehabilitation and Improvement of Existing underground Drainage Schemes of SCARP and LBOD in Sindh.,19,53,Approved,15.12.25,Jun-27,86.000,10.0,,2026-2027,
1230,IRDSI-PP-24-0004,1230,Technical Assistance for Strategic Action Planning of Readiness of ADB Financed Sindh Coastal Resilience Sector Project (SCRSP) Total approved cost 98.175 Million (Irrigation Share Rs.87.675 Million + Forest Share Rs.10.500 Million),19,53,Approved,05.05.25,Jun-27,87.675,26.2,,2026-2027,
1231,IRDSI-PP-24-0005,1231,Procurement of Consultancy Services for Study on Social and Environmental Impacts of Small Dams in Sindh,19,53,Approved,26.01.26,Jun-27,45.228,10.0,,2026-2027,
1232,LHDLH-PP-21-0585,1232,Rehabilitation & Up-gradation of Mines Labour Welfare Primary School Jhampir (C:4.000+R:1.000),20,54,Approved,10.04.21,Jun-27,5.000,100.0,,2026-2027,
1233,LHDLH-PP-22-0578,1233,Repair / Rehabilitation / Renovation of Mines Labour Welfare 10 Bedded Hospital Lakhra (C:12.000+R:2.000),20,54,Approved,28.02.24,Jun-27,14.000,100.0,,2026-2027,
1234,LHDLH-PP-23-0001,1234,"Digitization of Labour Inspection in Sindh on Modran Lines, as per ILO Standards (R:103.100)",20,54,Approved,28.02.24,Jun-27,103.100,100.0,,2026-2027,
1235,LPDPC-PP-08-0003,1235,Construction of officers/officials residential accommodation for the prosecutors in Sindh (SDG # 16),21,55,Approved,27.08.08,Jun-27,359.161,40.9,,2026-2027,U/R
1236,LPDJD-PP-17-0133,1236,Construction of Five (05) No. Bungalows at Shahdadkot,21,55,Approved,26.12.14,Jun-27,55.966,100.0,,2026-2027,U/R
1237,LPDJD-PP-17-0147,1237,Construction of Two (02) Courts at MiroKhan (Revised Date: 11-03-2026 Capital: 93.72 Revenue: 0.00 Total Cost: 93.72) Rehabilitation of Old Sessions Court Building /,21,55,Approved,27.10.17,Jun-27,93.720,100.0,,2026-2027,
1238,LPDJD-PP-19-0198,1238,"Re-Construction of Compound Wall and External Work at Judicial Complex District Badin (Revised on 25.08.21, Re-revised on 07.05.2024) (Revised Date: 15-05-2026 Capital: 141.76 Revenue: 0.00 Total Cost: 141.76)",21,55,Approved,10.04.19,Jun-27,141.759,100.0,,2026-2027,
1239,LPDJD-PP-21-0590,1239,Provision of Furniture & Fixture throughout Sindh (59 Nos.) (Phase-I).,21,55,Approved,26.01.24,Jun-27,180.173,50.0,,2026-2027,U/R
1240,LPDJD-PP-22-0581,1240,Construction of Residences for Judicial Officers at Umerkot (05 Nos.),21,55,Approved,17.04.23,Jun-27,91.105,100.0,,2026-2027,U/R
1241,LPDJD-PP-23-0001,1241,Construction of Court Building (02 Nos.) at Bhiria (Revised on 12.03.2026),21,55,Approved,25.03.24,Jun-27,176.159,27.0,,2026-2027,
1242,LPDJD-26-0001,1242,"Construction of Record Room & Affidavit Centre (Left Side of Main Building) at High Court of Sindh, Karachi",21,55,Approved,09.02.26,Jun-28,207.675,48.2,,2026-2027,
1243,LPDJD-26-0002,1243,"Construction of Auditorium Hall & Consultation Room for Lawyers (Right Side of Main Building) at High Court of Sindh, Karachi",21,55,Approved,09.02.26,Jun-28,414.458,24.1,,2026-2027,
1244,LPDJD-26-0003,1244,Construction of Court Building (04 Nos.) at Moro,21,55,Approved,02.03.26,Jun-28,431.565,18.5,,2026-2027,
1245,LPDPC-PP-07-0008,1245,Construction of offices for the Prosecutors in Sindh. (22 Nos) (SDG # 16),21,55,Approved,13.06.08,Jun-27,0.000,0.0,,2026-2027,U/R
1246,LPDJD-PP-11-0019,1246,Construction of District Court Building at Kamber (Re-Revised on 23.2.18),21,55,Approved,02.09.12,Jun-27,257.708,100.0,,2026-2027,U/R
1247,LPDJD-PP-15-0035,1247,Construction of District Court Building Kashmore at Kandhkot ( Revised on 25.11.15) (Revised Date: 11-03-2026 Capital: 172.80 Revenue: 0.00 Total Cost: 172.80),21,55,Approved,10.07.05,Jun-27,172.803,100.0,,2026-2027,
1248,LPDJD-PP-16-0073,1248,Construction of Judicial Complex at Sanghar ( 06 Nos. Courts) (Revised on 17.4.23) (Revised Date: 15-05-2026 Capital: 196.58 Revenue: 0.00 Total Cost: 196.58),21,55,Approved,09.07.16,Jun-27,196.581,100.0,,2026-2027,
1249,LPDJD-PP-16-0074,1249,"Construction of Courts Building (04 Nos.) (02 Nos. at Johi, 01 No. at K.N. Shah, 01 No. at Mehar) (Revised on 04.01.24)",21,55,Approved,09.07.16,Jun-27,163.644,100.0,,2026-2027,U/R
1250,LPDJD-PP-16-0075,1250,"Construction of 01 Court Building at Taluka Mehrabpur, District Naushehro Feroze ( Revised on 05.01.23)",21,55,Approved,09.07.16,Jun-27,93.668,100.0,,2026-2027,
1251,LPDJD-PP-16-0078,1251,Construction of Two Court Building at District Ghotki (1 ADJs & 1 JM) (Revised Date: 11-03- 2026 Capital: 72.25 Revenue: 0.00 Total Cost: 72.25),21,55,Approved,09.07.16,Jun-27,72.252,100.0,,2026-2027,
1252,LPDJD-PP-16-0079,1252,Construction of Car Parking/Conference Hall/Offices/Courts/depression portion at District Court Sukkur,21,55,Approved,25.11.16,Jun-27,129.613,95.2,,2026-2027,U/R
1253,LPDJD-PP-17-0143,1253,Construction of 68 No. Courts at District Korangi. (Revised on 21.09.23),21,55,Approved,04.06.18,Jun-27,5218.428,77.9,,2026-2027,
1254,LPDJD-PP-17-0144,1254,Construction of Judicial Complex at Sujawal (06 No. Courts),21,55,Approved,01.12.18,Jun-27,150.011,63.6,,2026-2027,U/R
1255,LPDJD-PP-17-0146,1255,Construction of Five (05) Court Building at Shahdadkot (Revised on 25.05.24),21,55,Approved,16.01.18,Jun-27,417.800,56.5,,2026-2027,
1256,LPDJD-PP-17-0148,1256,Construction of Two (02) Courts at Tangwani (Revised Date: 11-03-2026 Capital: 91.97 Revenue: 0.00 Total Cost: 91.97),21,55,Approved,27.10.17,Jun-27,91.973,100.0,,2026-2027,
1257,LPDJD-PP-19-0197,1257,"Const. of Judicial Academy City Campus at Bungalow No. 1 & 2, Bath Island Karachi (C 649.109 m+R:86.010). ( Revised on 16.03.23)",21,55,Approved,27.01.20,Jun-27,735.119,87.9,,2026-2027,
1258,LPDJD-PP-21-0589,1258,"Construction of Bar Room, Bar Library and Additional ten (10) No. Courts at District Court Building, Malir. ( Revised on 16.3.23)",21,55,Approved,01.04.22,Jun-27,0.000,0.0,,2026-2027,
1259,LPDJD-PP-21-0591,1259,Conversion of Old Annexe Building into 12 Court Building for High Court of Sindh Karachi. ( Cap: Rs. 100 m + Rev: Rs. 100 m ) (Revised Date: 17-05-2026 Capital: 795.89 Revenue: 0.00 Total Cost: 795.89),21,55,Approved,30.11.23,Jun-27,795.886,54.1,,2026-2027,
1260,LPDJD-PP-22-0584,1260,Construction of one Court Building at Thana Bula Khan i/c compound wall (Revised on 25.03.2024),21,55,Approved,25.03.24,Jun-27,0.000,0.0,,2026-2027,U/R
1261,LPDJD-PP-22-0586,1261,Construction of 03 Nos. Court Building at Dokri (District Larkana) (C:141.416 m+ R:13.5m),21,55,Approved,22.05.23,Jun-27,154.916,91.5,,2026-2027,U/R
1262,LPDJD-PP-22-0587,1262,Construction of Three (03) No. Court Buildings at Digri (C:104.164 m + Rev: Rs. 13.50 m),21,55,Approved,17.04.23,Jun-27,117.664,88.5,,2026-2027,U/R
1263,LPDJD-PP-22-0588,1263,Construction of One Court Building at Lakhi Ghulam Shah and one Court at Khanpur (District Shikarpur) (C: 125.324+R 9.0),21,55,Approved,17.04.23,Jun-27,134.324,71.6,,2026-2027,
1264,LPDJD-PP-23-0002,1264,Construction of Three (03) Courts Building at Kingri . (Cap: Rs. 94.710 m + Rev: Rs. 13.50 m) (Revised Date: 03-06-2026 Capital: 265.41 Revenue: 0.00 Total Cost: 265.41),21,55,Approved,29.02.24,Jun-27,265.410,17.9,,2026-2027,
1265,LPDJD-PP-14-0046,1265,Construction of Staff Colony of Circuit Court Larkana,21,55,Approved,30.11.13,Jun-27,150.120,100.0,,2026-2027,U/R
1266,LPDJD-PP-15-0034,1266,Construction of Judges Lodge at Larkana (Revised on 03.12.20) (C:156.509+R:27.551) (Revised Date: 27-04-2026 Capital: 270.57 Revenue: 27.55 Total Cost: 298.12),21,55,Approved,03.03.16,Jun-27,298.124,69.4,,2026-2027,
1267,LPDJD-PP-17-0132,1267,Construction of Two (02) Residences for Judicial Officers / Staff Quarters at Nasirabad,21,55,Approved,27.10.17,Jun-27,28.384,100.0,,2026-2027,U/R
1268,LPDJD-PP-18-0019,1268,Construction of Residential Complex for Officers / Officials of High Court of Sindh at Milk Plant,21,55,Approved,22.10.18,Jun-27,1305.416,74.3,,2026-2027,
1269,LFDAH-PP-09-0007,1269,"Expansion of Poultry Hatcheries & Backyard Farming in Sindh including Poultry Controlled Atmosphere Shed (Revised on 17.06.10) (N.Feroze, Ghotki, Kashmore, Tharparkar, Umerkot & Karachi) (C:125.591 + R:121.785) (SDG#2)",22,56,Approved,23.01.10,Jun-27,247.376,97.5,,2026-2027,
1270,HLDOH-PP-11-0010,1270,Establishment of Anti Snake Venom and Anti Rabies Serology Laboratory in Sindh (3rd revised on 20.12.23) (C: 1073.992 + R: 1593.212).(SDG#3),22,56,Approved,25.11.06,Jun-27,2667.204,57.7,,2026-2027,
1271,LFDAH-PP-11-0020,1271,Establishment of Bhambhore Dairy Village and Processing Zone for Meat Animals with Public Private Participation at District Thatta (C: 2428.830 + R: 372.000) (SDG #2),22,56,Approved,30.03.12,Jun-27,2800.830,22.2,,2026-2027,
1272,LFDAH-PP-11-0021,1272,Establishment of Cattle Colonies with District and Private Participation Phase-I (Revised on 23.01.12) (C: 1377.272 + R : 64.178)(SDG #2),22,56,Approved,20.02.07,Jun-27,1441.450,93.3,,2026-2027,
1273,LFDAH-PP-14-0048,1273,"Introduction of High Yielding Boer Goat Breed in Sindh ( Khairpur, Larkana, Hyderabad, Matiari, SBA, T. Allahyar, Badin & Umerkot) (R: 59.500) (SDG #5)",22,56,Approved,04.05.15,Jun-27,59.500,25.5,,2026-2027,
1274,LFDAH-PP-16-0080,1274,"Pilot Project on Establishment of Mobile Artificial Insemination & Extension Service Units in Sindh (Ph-I) (Sukkur, Shikarpur, Jacobabad, Sanghar, Dadu, Jamshoro & Sujawal)(R: 73.673)(SDG #2)",22,56,Approved,19.08.16,Jun-27,73.673,70.8,,2026-2027,
1275,LFDAH-PP-18-0023,1275,Establishment of Cattle Colony at Shikarpur (C: 590.950 + R: 18.407) (SDG #2),22,56,Approved,19.02.19,Jun-27,609.357,22.0,,2026-2027,
1276,LFDAH-PP-21-0596,1276,"Save Buffalo Calves (Karachi, Badin, Hyderabad, Dadu, Sukkur, Khairpur, Ghotki, Larkano, Kamber at S. Kot, Kashmore at K. Kot, Shikarpur & Jacobabad) (R:407.878) (SDG #7)",22,56,Approved,26.10.21,Jun-27,407.878,11.1,,2026-2027,
1277,LFDAH-PP-21-0597,1277,"Fattening of Calves (Jamshoro, SBA, Dadu, Sukkur, Khairpur, Ghotki, Larkano, Kamber at S.Kot, Kashmore at K.Kot, Shikarpur & Jacobabad) (R:222.110) (SDG #2)",22,56,Approved,26.10.21,Jun-27,222.110,12.9,,2026-2027,
1278,LFDAH-PP-21-0598,1278,"Establishment of Animal & Fisheries Complex at Korangi, Karachi (C:79.984+R: 20.00) (SDG #2)",22,56,Approved,30.03.22,Jun-27,99.984,100.0,,2026-2027,
1279,LFDAH-PP-21-0599,1279,Establishment of Animal Science Complex at Larkana (C:60.000 + R:20.000) (SDG # 2),22,56,Approved,26.11.21,Jun-27,80.000,100.0,,2026-2027,
1280,LFDAH-PP-22-0634,1280,"Establishment of Veterinary Centres in Sindh (Phase-III) (N.Feroze, Ghotki, Badin, Thatta & SBA) (C: 85.000 + R: 15.000)",22,56,Approved,14.06.23,Jun-27,100.000,100.0,,2026-2027,
1281,LFDAH-PP-22-0639,1281,Conservation and Improvement of Indigenous Livestock Resource of Kankrej Cow Breed. (C: 100.000 + R: 65.00),22,56,Approved,13.07.23,Jun-27,165.000,99.9,,2026-2027,U/R
1282,LFDAH-PP-22-0640,1282,"Provision of fodder seeds, saplings to progressive farmers for promotion of fodder in Sindh (R: 80.000)",22,56,Approved,26.01.23,Jun-27,80.000,99.1,,2026-2027,
1283,LFDAH-PP-23-0001,1283,Gap Analysis and Compliance of DRAP at Sindh Institute of Animal Health Karachi(C:98.206 & R:638.662),22,56,Approved,24.03.25,Jun-27,736.868,53.8,,2026-2027,
1284,LFDAH-PP-24-0001,1284,Sindh Livestock & Aquaculture Development Project (World Bank Assisted) Total cost Rs. 38360.000 million (World Bank Share: Rs.37800.000 + GoS Share Rs. 560.000),22,56,Approved,03.09.24,Jun-30,560.000,22.5,,2026-2027,
1285,LFDAH-PP-25-0001,1285,Genetic Improvement through Progeny Testing Programme in Kundhi Buffalo (PTP) Phase-I (Rev),22,56,Approved,13.08.25,Jun-27,80.000,100.0,,2026-2027,
1286,LFDAH-PP-25-0003,1286,Livestock Mobile Animal Health Emergency Services at division level in Sindh (Rev),22,56,Approved,13.08.25,Jun-27,150.000,100.0,,2026-2027,
1287,LFDAH-PP-25-0004,1287,Livestock Motorbike Animal Health Services for Rural Areas at Union Council Level in Sindh (Rev),22,56,Approved,13.08.25,Jun-27,80.000,100.0,,2026-2027,
1288,LFDAH-PP-25-0005,1288,"Development of Human Capital for Enterprise Development in Livestock, Pets and Poultry Sector (Rev)",22,56,Approved,13.08.25,Jun-27,80.000,50.0,,2026-2027,U/R
1289,LFDAH-PP-25-0002,1289,Up-scaling of Calf Salvation Centres established by JICA,22,56,Approved,,Jun-28,40.000,25.0,,2026-2027,
1290,LFDAH-PP-25-0006,1290,Establishment of Sindh Camel Research & Breeding Station Dadu,22,56,Approved,,Jun-28,80.000,25.0,,2026-2027,
1291,LFDAH-PP-25-0398,1291,Construction of 02 Veterinary Centers in Shaheed Benazirabad,22,56,Approved,,Jun-28,18.000,50.0,,2026-2027,
1292,LFDFR-PP-06-0002,1292,"Strengthening and Improvement of Fish and Shrimp Hatcheries in Sindh (Karachi, Thatta, Badin, Dadu, N.Feroze, Shikarpur & Sukkur) (C: 579.963 + R: 204.068) (SDG #2)",22,57,Approved,28.04.07,Jun-27,784.031,90.7,,2026-2027,
1293,LFDFR-PP-06-0003,1293,"Model Village for Fishermen at Hawksbay, Zero Point Badin, Manchar lake & Keenjhar lake Thatta (C:430.295 + R: 51.530) (SDG #11)",22,57,Approved,19.01.07,Jun-27,481.825,96.9,,2026-2027,
1294,LFDFR-PP-11-0022,1294,Rehabilitation of Pilot Shrimp Farm Gharo as Training & Research Centre (C: 118.044 + R: 143.748) (SDG #2),22,57,Approved,08.09.11,Jun-27,261.792,81.0,,2026-2027,
1295,LFDFR-PP-17-0154,1295,Rehabilitation & Renovation of Karachi Fish Harbour - External Services (SDG#14) (Revised Date: 11-06-2025 Capital: 2683.91 Revenue: 95.38 Total Cost: 2779.29),22,57,Approved,26.07.13,Jun-27,2779.288,62.5,,2026-2027,
1296,LFDFR-PP-16-0081,1296,"Completion of Missing Schemes of Livestock & Fisheries Department (Hyd., M.Khas, Thatta, T.M. Khan, Sanghar & Jamshoro) (C:82.074 + R:2.000) (SDG #2)",22,57,Approved,21.09.16,Jun-27,84.074,55.3,,2026-2027,
1297,LFDFR-PP-21-0602,1297,Establishment of Fisheries Facilitation Centres in Sindh (C: 80.000 + R: 20.000) (SDG #2),22,57,Approved,30.03.22,Jun-27,100.000,100.0,,2026-2027,
1298,LFDFR-PP-21-0604,1298,Introduction of Refrigerated Sea Water (RSW) System in Fishing Vessels for Quality Fish by reduction Post Harvest losses (R:74.771)(SDG #2),22,57,Approved,26.11.21,Jun-27,74.771,100.0,,2026-2027,
1299,LFDFR-PP-22-0644,1299,Small Scale Community Based Aquaculture in the Coastal Area of Sindh (R:250.000),22,57,Approved,21.12.22,Jun-27,250.000,14.6,,2026-2027,U/R
1300,LFDFR-PP-23-0003,1300,Development of genetically improved fish brood stock for aquaculture (R:100.000),22,57,Approved,27.07.23,Jun-27,100.000,100.0,,2026-2027,
1301,LFDFR-PP-23-0004,1301,Lakes Improvement Project- A mitigation measures for lake fisheries (R:100.000),22,57,Approved,27.07.23,Jun-27,100.000,100.0,,2026-2027,
1302,LFDFR-PP-25-0001,1302,Establishment of Fisheries Office at District Sujawal (C:59.657+Rev:20.343),22,57,Approved,13.08.25,Jun-27,80.000,100.0,,2026-2027,
1303,LFDFR-PP-25-0002,1303,Refurbishment of Floating Jetties along the Sindh Coast (Rev),22,57,Approved,27.08.25,Jun-27,69.574,100.0,,2026-2027,
1304,LFDFR-PP-25-0003,1304,Establishment of Floating Jetty in Disrict Sujawal (Rev),22,57,Approved,27.08.25,Jun-27,81.310,100.0,,2026-2027,
1305,LFDFR-PP-25-0004,1305,Provision of Ice Box and other Equipment (Rev),22,57,Approved,27.08.25,Jun-27,77.930,100.0,,2026-2027,
1306,LFDFR-PP-25-0006,1306,Replacing Trawl Nets (Bullo) with Gill Nets for Sustainable Coastal Fisheries (Rev),22,57,Approved,27.08.25,Jun-27,75.680,100.0,,2026-2027,
1307,LGDMS-PP-21-0873,1307,"Construction of Sukkur Municipal Corporation, Sukkur (SDG # 9)",23,58,Approved,27.11.17,Jun-27,72.047,100.0,,2026-2027,U/R
1308,LGDOT-PP-21-0892,1308,Construction of Parking Plazas at Sukkur.,23,58,Approved,17.05.23,Jun-27,599.240,100.0,,2026-2027,
1309,LGDMS-PP-21-0913,1309,Construction of Civic Center at Mulla Fazal Auditorium Hall Chawkiwara Road Lyari (Revised on 14.04.2025),23,58,Approved,15.03.22,Jun-27,567.609,100.0,,2026-2027,
1310,LGDBD-PP-23-0180,1310,Reconstruction of Office Building of District Council Larkano including Construction of Council Hall (Cap: Rs. 177.215 m + Rev: Rs. 20.725 m),23,58,Approved,04.03.24,Jun-27,197.940,67.7,,2026-2027,
1311,LGDHT-PP-25-0001,1311,Establishment of Nursing College Kashmore Phase-2 and THQ Kashmore OT Rehabilitation [Ref#827],23,58,Approved,27.01.26,Jun-27,125.000,100.0,,2026-2027,
1312,LGDBD-PP-25-0002,1312,Rehabilitation of Begum Nusrat Hall Larkano City,23,58,Approved,26.02.26,Jun-27,59.693,16.8,,2026-2027,
1313,LGDBD-PP-25-0003,1313,"Establishment of Civic Centre at Memon Goth Malir, Karachi.",23,58,Approved,27.04.26,Jun-27,430.231,25.0,,2026-2027,
1314,LGDBD-PP-25-0007,1314,Restoration and rehabilitation of old markets of KMC,23,58,Approved,25.08.25,Jun-27,501.500,75.2,,2026-2027,
1315,LGDBD-PP-25-0008,1315,Construction of Auditorium at Community Center Mulla Essa Goth UC Murad Memon District Malir Karachi. (C: 46.2 +R: 3.80)(SDG-584) [Ref#584],23,58,Approved,19.11.25,Jun-27,50.000,100.0,,2026-2027,
1316,LGDBD-PP-25-0009,1316,"Construction of Incubation Center, Health Center and Eid Gah at Taluka Murad Memon District Malir Karachi(SDG-585). [Ref#585]",23,58,Approved,19.11.25,Jun-27,60.000,100.0,,2026-2027,
1317,LGDBD-PP-25-0011,1317,Improvement of Citizen Club Larkana. (C: 72.5 + R: 7.50) [Ref#1007],23,58,Approved,26.02.26,Jun-27,80.000,100.0,,2026-2027,
1318,LGDBD-PP-25-0012,1318,Construction of Town Hall/ Auditorium Hall at City Rotadero. [Ref#1057],23,58,Approved,26.02.26,Jun-27,100.000,100.0,,2026-2027,
1319,LGDBD-PP-25-0013,1319,Office Block of Larkana Mayor. [Ref#1003],23,58,Approved,26.02.26,Jun-27,190.000,100.0,,2026-2027,
1320,LGDCS-PP-25-0025,1320,Construction / Establishment of Digital Libraries at Gdap City and Murad Memon (C: 39.518 + R: 10.482) (SDG-402) [Ref#402],23,58,Approved,27.01.26,Jun-27,50.000,100.0,,2026-2027,
1321,LGDCS-PP-25-0062,1321,Establishment of Ladies Block at Mir Masoom Shah Library Sukkur Affiliated with the Digital British Council Library Karachi.,23,58,Approved,15.05.26,Jun-27,110.346,25.0,,2026-2027,
1322,LGDWS-PP-25-0156,1322,"Construction of Public Toilets & Hand Washing Stations at Military Road, Missing Road near Qasim Park, Minara Road Near SIUT Chablani Hospital and Mehran Markaz at Sukkur",23,58,Approved,16.02.26,Jun-27,125.340,34.4,,2026-2027,
1323,LGDBD-PP-26-0001,1323,"Construction & Repair of New Block at IBA Public School Sukkur, Taluka New Sukkur District Sukkur",23,58,Approved,,Jun-28,100.000,25.0,,2026-2027,
1324,LGDBD-PP-26-0002,1324,"Construction of Dawood University of Engineering & Boundary Wall, Taluka Rohri District Sukkur",23,58,Approved,,Jun-28,100.000,25.0,,2026-2027,
1325,LGDBD-PP-26-0003,1325,Construction of Tower of Sukkur,23,58,Approved,,Jun-28,100.000,25.0,,2026-2027,
1326,LGDCP-PP-22-1919,1326,"Construction of Community Hall in Perumal, District Sanghar (Revised on 02.12.2024)",23,59,Approved,29.05.23,Jun-27,70.456,100.0,,2026-2027,
1327,LGDCP-PP-22-1920,1327,"Construction of Community Hall in Jhok Sharif, District Sujawal (Revised on 02.12.2024)",23,59,Approved,29.05.23,Jun-27,70.456,100.0,,2026-2027,
1328,LGDCP-PP-22-1921,1328,"Repair & Maintenance Work in School, Parks & Ground & Other Facilities in UCs -23, 24, 29, 30, 31, 33, 34, 36 in PS -96 District Korangi.",23,59,Approved,29.05.23,Jun-27,99.980,100.0,,2026-2027,
1329,LGDCP-PP-22-1923,1329,Repair & Maintenance Work in Park / Ground & Other Facilities in PS-123.,23,59,Approved,29.05.23,Jun-27,149.930,100.0,,2026-2027,
1330,LGDCP-PP-22-1935,1330,Development of Family Park / Play Ground Block-17 F.B Area,23,59,Approved,29.05.23,Jun-27,100.000,58.4,,2026-2027,
1331,LGDCP-PP-22-1937,1331,"Development / Improvement of Park & Football Ground at Block “L” Street No.09. North Nazimabad, Karachi",23,59,Approved,29.05.23,Jun-27,80.000,100.0,,2026-2027,
1332,LGDCP-PP-22-1938,1332,"Providing & Fixing Solar Street Lights in Primary / High Schools / Colleges in NA-226, District Hyderabad",23,59,Approved,30.05.23,Jun-27,80.000,100.0,,2026-2027,
1333,LGDCP-PP-22-1939,1333,"Construction / Rehabilitation of Play Grounds, Green Belt & various Chowks in NA-226, District Hyderabad. (CSR-24.04.2025)",23,59,Approved,30.05.23,Jun-27,70.000,100.0,,2026-2027,
1334,LGDCP-PP-22-1941,1334,"Construction / Improvement of Compound Wall Around Graveyards in NA-227, District Hyderabad.",23,59,Approved,30.05.23,Jun-27,20.058,100.0,,2026-2027,
1335,LGDCP-PP-22-1942,1335,"Providing & Fixing Solar Street Lights in Primary / High Schools, Colleges in NA-227, District Hyderabad",23,59,Approved,30.05.23,Jun-27,80.000,100.0,,2026-2027,
1336,LGDCP-PP-22-1944,1336,"Improvement / Rehabilitation Of Different Main / Internal Roads At Tayyaba Masjid Shah Khalid Colony ""I"" Area, "" L"" Area At Al -Falah Bank Road Landhi No. 6 To Navy Road, 365 Road, 363 Road, 361 Road, 12000 Road To 362 Road In Ps -94 District Korangi.",23,59,Approved,29.05.23,Jun-28,100.150,34.7,,2026-2027,
1337,LGDCP-PP-22-1945,1337,"Improvement & Rehabilitation Of Road UC - 04, UC -05 & UC 06, PS -93 District Korangi.",23,59,Approved,29.05.23,Jun-27,100.710,100.0,,2026-2027,
1338,LGDCP-PP-22-1949,1338,Improvement / Rehabilitation Of Road In Different Uc's In Ps -95 District Korangi.,23,59,Approved,29.05.23,Jun-28,100.760,74.2,,2026-2027,
1339,LGDCP-PP-22-1950,1339,Improvement / Rehabilitation Of Road In Different Uc-25 & Uc 26 In Ps-95 District Korangi.,23,59,Approved,29.05.23,Jun-27,100.760,100.0,,2026-2027,
1340,LGDCP-PP-22-1951,1340,Improvement / Rehabilitation Of Roads In Uc - 29 &Uc -30 In Ps -95 District Korangi.,23,59,Approved,29.05.23,Jun-27,100.320,100.0,,2026-2027,
1341,LGDCP-PP-22-1959,1341,"Rehabilitation & Improvement of Road & Providing of Paver Block in Streets at UC -15 to 21 & UC -31, 33, 34, 36, & 37 in District Korangi, NA -240 Karachi.",23,59,Approved,29.05.23,Jun-27,150.030,100.0,,2026-2027,
1342,LGDCP-PP-22-1960,1342,Rehabilitation / Improvement of damages approach slab and expansion joints of different flyovers at Karachi,23,59,Approved,29.05.23,Jun-27,100.690,100.0,,2026-2027,
1343,LGDCP-PP-22-1962,1343,"Construction of C.C Paver Block @ Tando Yousuf Graveyard Road, Sharif Square, Tando Ghulam Hussain And Compound Wall of Tando Yousuf Graveyard, Brohi Goth Hala Naka I/C Renovation of Dargah Syed Ibrahim Shah & Imam Bargah Syed Jamal Shah, Taluka Latifabad & Taluka City, District Hyderabad (Revised Date: 14-05-2026 Capital: 184.23 Revenue: 0.00 Total Cost: 184.23)",23,59,Approved,15.02.23,Jun-27,184.227,100.0,,2026-2027,
1344,LGDCP-PP-22-1963,1344,"Construction / Improvement of C.C Block, C.C Paving Block & Roads at Jeejal Maa Hospital, H.D.A Bungalows, Anwar Villaz, Noor Masjid Street, Village Hussain Soomro, Shora Goth, Taluka Qasimabad, District Hyderabad (Revised Date: 14-05-2026 Capital: 186.11 Revenue: 0.00 Total Cost: 186.11)",23,59,Approved,15.02.23,Jun-27,186.113,100.0,,2026-2027,
1345,LGDCP-PP-22-1970,1345,"Construction Of Cc Paving Block, Cc Block & Open Surface Drain In Various Streets Ofuc- 107, 108, 109, 110, 112, 113, 114, 115, 116, 117, 118, 119, 120,& Uc-121 Taluka Latifabad District Hyderabad (Revised on 13.12.24)",23,59,Approved,22.05.23,Jun-27,182.143,46.4,,2026-2027,
1346,LGDCP-PP-22-1972,1346,"Construction Of Cc Paving Bloock , Cc Block & Open Surface Drain / Nala In Various Streets Of Uc-16, 17, 18, 19, 20, 21, 22, 23, 24, 25, 26, 27 & Uc-29 Uc-30 Taluka City District Hyderabad",23,59,Approved,22.05.23,Jun-27,134.485,51.6,,2026-2027,
1347,LGDCP-PP-22-1973,1347,"Construction Of Cc Paving Block, Cc Block && Open Surface Drain In Various Streets Of Uc-31, 32, 33, 34, 35, 36 Uc-50, 51, 52, 53 & 54 Taluka City District Hyderabad (Revised on 13.12.24)",23,59,Approved,22.05.23,Jun-27,166.114,46.4,,2026-2027,
1348,LGDCP-PP-22-1976,1348,"Improvement / Rehabilitation & Maintenance Of Road &Paver Stuff In Union Council No. 4 & 5, Surjani Town, District Central, Kmc",23,59,Approved,22.05.23,Jun-27,100.000,100.0,,2026-2027,
1349,LGDCP-PP-22-1977,1349,"Improvement / Rehabilitation & Maintenance Of Road &Paver Stuff In Union Council No. 6 & 38, Surjani Town, District Central, Kmc",23,59,Approved,22.05.23,Jun-27,100.000,100.0,,2026-2027,
1350,LGDCP-PP-22-1980,1350,"Rehabilitation Is Improvement Of Water Supply System Of Entire Model Zone, District Korangi.",23,59,Approved,22.05.23,Jun-27,136.766,45.4,,2026-2027,
1351,LGDCP-PP-22-1990,1351,"Imp/ Reh of Carpet Work & Paver Fixing At UC -9/A, UC -9 -B & Sector 11 -F & 11-D New Karachi",23,59,Approved,29.05.23,Jun-27,99.916,100.0,,2026-2027,
1352,LGDCP-PP-22-1996,1352,"Construction of Under Ground Reservoir 5,00,000 Gls Near Daar-ul-Uloom Karachi for Improvement of Water SupplySystem in Zaman Town, Labour Square, Khaddi Stop & K-Area Landhi Town",23,59,Approved,29.05.23,Jun-27,159.110,100.0,,2026-2027,
1353,LGDCP-PP-22-2009,1353,"Providing& Laying RC.C Pipe 18"" Dia, 12"" Dia for Improvement of Sewerage System Yousuf Goth, Khuda Ki Basti & various Sectors in Surjani Town & LERP(Taiser) Gadap Town District (West) Karachi",23,59,Approved,29.05.23,Jun-27,124.349,100.0,,2026-2027,
1354,LGDCP-PP-22-2030,1354,"Providing & Maintenance of Water Supply in Different Dia's of P.E Pipe (3"" Dia, 4"" Dia, 6"" Dia, 8"" Dia, & 12"" Dia) I/C Fittings in Different Areas of PS -123 & Laying RCC Sewerage Lines in Different Sectors",23,59,Approved,29.05.23,Jun-27,150.000,100.0,,2026-2027,
1355,LGDCP-PP-22-2039,1355,Replacement of Water & Sewerage Line in Different UC-07 UC-08 UC-09 & UC-10 District Korangi Karachi,23,59,Approved,29.05.23,Jun-27,100.000,49.8,,2026-2027,
1356,LGDCP-PP-22-2041,1356,"Construction of CC Paving Block, CC Block & Open Surface Drains in various Streets of Taluka City, District Hyderabad (Revised on 13.12.2024)",23,59,Approved,29.05.23,Jun-27,61.141,100.0,,2026-2027,
1357,LGDCP-PP-22-2042,1357,Rehabilitation / Reconditioning of internal Roads & Tuff Paver Block in different streets of Sector 40-C & A “Y” District Korangi,23,59,Approved,29.05.23,Jun-27,100.000,100.0,,2026-2027,
1358,LGDCP-PP-22-2043,1358,"Improvement / Rehabilitation of internal Roads & Tuff Paver Block in different streets in, District Korangi",23,59,Approved,29.05.23,Jun-27,100.000,100.0,,2026-2027,
1359,LGDCP-PP-22-2044,1359,"Improvement / Rehabilitation of different Roads & Paver Block in different streets in Orangi Town (District West), District Korangi",23,59,Approved,29.05.23,Jun-27,100.000,100.0,,2026-2027,
1360,LGDCP-PP-22-2045,1360,"Providing & Fixing of Tuff Paver Block in different UCs-35, 36, 39, 40, 41, 42 & 43 District Central",23,59,Approved,29.05.23,Jun-27,100.000,100.0,,2026-2027,
1361,LGDCP-PP-22-2046,1361,"Improvement / Rehabilitation of Roads in UCs- 35, 36, 39, 40, 41, 42 & 43 District Central",23,59,Approved,29.05.23,Jun-27,100.000,100.0,,2026-2027,
1362,LGDCP-PP-22-2047,1362,"Repair / Maintenance & Replacement Work of Water & Sewerage Line in UCs-35, 36, 39, 40, 41, 42 & 43 District Central",23,59,Approved,29.05.23,Jun-27,100.000,100.0,,2026-2027,
1363,LGDCP-PP-22-2048,1363,"Repair / Maintenance & Replacement Work of Sewerage Line in UCs-35, 36, 39, 40, 41, 42 & 43 District Central",23,59,Approved,29.05.23,Jun-27,100.000,100.0,,2026-2027,
1364,LGDCP-PP-22-2057,1364,Construction of L.S.R and H-S-R i/c. Construction of pump room & installation of Electric motors and pumPS in District Hyderabad,23,59,Approved,29.05.23,Jun-27,150.000,24.8,,2026-2027,
1365,LGDCP-PP-22-2058,1365,"Construction of External water supply drainage, open surface drain, CC paver Block CC Block & Construction of improvement of road with (Asphalt) in District Hyderabad",23,59,Approved,29.05.23,Jun-27,196.413,100.0,,2026-2027,
1366,LGDCP-PP-22-2059,1366,"Construction of CC Paving Block, CC Block & Open Surface Drain in various Streets of Latifabad Unit No.02 Unit No. 06 Unit No. 09 & Unit No. 08 Taluka Latifabad District Hyderabad.",23,59,Approved,29.05.23,Jun-27,119.300,51.2,,2026-2027,
1367,LGDCP-PP-22-2062,1367,Construction of L-S-R and H-S-R i/c Construction of new Compound wall of Graveyards in District Hyderabad.,23,59,Approved,29.05.23,Jun-27,200.000,100.0,,2026-2027,
1368,LGDCP-PP-22-2063,1368,"Construction of CC Paving Block, CC Block in various Taluka City Taluka Latifabad District Hyderabad. (Revised on 13.12.2024)",23,59,Approved,29.05.23,Jun-27,195.188,64.4,,2026-2027,
1369,LGDCP-PP-23-0332,1369,Extenstion of Satsang Hall including Marble Flooring and Lavatory Blocks and Under Tank at village Daur-Kiyo Taluka Chachhero (02.12.2024),23,59,Approved,03.08.24,Jun-27,23.751,100.0,,2026-2027,
1370,LGDCP-PP-23-0334,1370,Construction of Satsang Hall including Marble Flooring and Lavatory Blocks and Under Ground Tank near National Bank at Nangarparkar (Revised on 02.12.2024),23,59,Approved,03.08.24,Jun-27,22.207,100.0,,2026-2027,
1371,LGDCP-PP-23-0336,1371,"Reh / Imp of Road with Sewerage System & Providing & Fixing of Tuff Paver Blocks in UC -22, 23, & 25 District West. Karachi (Revised on 06.09.2024)",23,59,Approved,07.03.24,Jun-27,154.297,100.0,,2026-2027,
1372,LGDCP-PP-23-0337,1372,Reh / Repair / Imp of Internal Road i/c Sewerage System & Paving in Different UC's of District West. Karachi (Revised on 06.09.2024),23,59,Approved,07.03.24,Jun-27,154.297,100.0,,2026-2027,
1373,LGDCP-PP-23-0338,1373,"Repair & Imp of Road i/c Sewerage System & Tuff Paver Block in UC -24,26, & 28 District West. Karachi (Revised on 06.09.2024)",23,59,Approved,07.03.24,Jun-27,154.297,100.0,,2026-2027,
1374,LGDCP-PP-23-0339,1374,"Repair & Imp of Road i/c Sewerage System & Tuff Paver Block in UC -16,17, & 19 District West. Karachi (Revised on 09.10.2024)",23,59,Approved,07.03.24,Jun-27,154.297,100.0,,2026-2027,
1375,LGDCP-PP-23-0341,1375,"Rehabilitation / Improvement of Schools at UC # 44, 45, 46, 47, 48, 49, 50 & 51 District Central (Revised on 22.10.2024)",23,59,Approved,04.02.24,Jun-27,73.933,42.2,,2026-2027,
1376,LGDCP-PP-23-0342,1376,"Providing Fixing and Installation of Street Lights at UC # 44, 45, 46, 47, 48, 49 ,50 & 51, District Central",23,59,Approved,04.02.24,Jun-27,10.000,100.0,,2026-2027,
1377,LGDCP-PP-23-0343,1377,"Repair and Maintenance work in Park / Ground and other Facilites & Installation of Street lights in UC # 1, 2, 3, 4 & 5 North Karachi Town District Central (Revised on 15.11.2024)",23,59,Approved,04.02.24,Jun-27,127.662,32.8,,2026-2027,
1378,LGDCP-PP-23-0345,1378,Improvement and Rehabilitation of Different Parks of New Karachi (Revised on 15.11.2024),23,59,Approved,04.02.24,Jun-27,72.303,38.8,,2026-2027,
1379,LGDCP-PP-23-0346,1379,"Development & Improvement of Differant Schools, Parks & Grounds of UC # 35, 36, 39, 40, 41, 42 & 43 District Central (Revised on 15.11.2024)",23,59,Approved,15.11.24,Jun-27,132.700,50.2,,2026-2027,
1380,LGDCP-PP-23-0347,1380,"Construction / Improvement of Compound Wall & Electrification Works around Graveyards in UC # 35, 36, 39, 40, 41, 42 & 43 District Central (Revised on 22.10.2024)",23,59,Approved,04.02.24,Jun-27,145.488,100.0,,2026-2027,
1381,LGDCP-PP-23-0348,1381,"Development & Improvement of Differant Schools, Parks & Grounds UC # 35, 36, 39, 40, 41, 42 & 43 District Central (Revised on 22.10.2024)",23,59,Approved,04.02.24,Jun-27,164.354,100.0,,2026-2027,
1382,LGDCP-PP-23-0349,1382,"Development,Improvement & Stadium Flood Lights Installation at Ground of UC # 35,36,39,40,41, 42 & 43 District Central (Revised on 09.10.2024)",23,59,Approved,04.02.24,Jun-27,111.661,26.2,,2026-2027,
1383,LGDCP-PP-23-0350,1383,Repair & Maintenence & Replacement Work of Street Lights in Different UCs at District East (Revised on 09.10.2024),23,59,Approved,04.02.24,Jun-27,133.206,40.5,,2026-2027,
1384,LGDCP-PP-23-0351,1384,"Development & Improvement of Street Lights Installation in UC 09, 10 and 11, District East (Revised on 09.10.2024)",23,59,Approved,04.02.24,Jun-27,63.105,100.0,,2026-2027,
1385,LGDCP-PP-23-0353,1385,"Rehabilitation of Parks & Street Lights in UC 01, 02, 03, 04, 05 & 06 District East (Revised on 15.11.2024)",23,59,Approved,04.02.24,Jun-27,83.040,18.3,,2026-2027,
1386,LGDCP-PP-23-0354,1386,"Development & Improvement of Differant School, Parks & Grounds of UC # 24, 31, 33 & 34 in District South (Revised on 15.11.2024)",23,59,Approved,15.11.24,Jun-27,162.433,12.4,,2026-2027,
1387,LGDCP-PP-23-0355,1387,"Development & Improvement of Differant Schools, Parks & Grounds of UC # 08, 09, 11, 12, 13 & 27 Orangi Town District West (Revised on 22.10.2024)",23,59,Approved,04.02.24,Jun-27,81.147,100.0,,2026-2027,
1388,LGDCP-PP-23-0357,1388,"Development & Improvement of Differant School, Parks & Grounds of UC # 17, 19 & 28 Orangi Town, District West (Revised 22.10.2024)",23,59,Approved,04.02.24,Jun-27,76.243,100.0,,2026-2027,
1389,LGDCP-PP-23-0358,1389,"Development,Improvement & Stadium Flood Lights Installation of Kala Maidan & Shabad Ground of UC # 13 & 27 Orangi Town District West (Revised on 15.11.2024)",23,59,Approved,04.02.24,Jun-27,88.584,36.3,,2026-2027,
1390,LGDCP-PP-23-0359,1390,"Construction/ Improvement of Compound Wall & Electrification Works around Graveyards in UC # 16, 19 & 24 Orangi Town District West (Revised on 22.10.2024)",23,59,Approved,04.02.24,Jun-27,169.034,100.0,,2026-2027,
1391,LGDCP-PP-23-0361,1391,"Rehabilitation and Renovation Parks and Grounds in UC-18, 20, 21, 22, 23, 25 Orangi Town, District West (Revised on 15.11.2024)",23,59,Approved,04.02.24,Jun-27,71.554,39.0,,2026-2027,
1392,LGDCP-PP-23-0362,1392,"Development & Improvement of Differant Parks & Grounds of UC # 38 & 39 Surjani Town, District West (Revised on 15.11.2024)",23,59,Approved,04.02.24,Jun-27,104.270,34.6,,2026-2027,
1393,LGDCP-PP-23-0365,1393,"Construction and Improvement of Different Park's and Installation of Streets Lights in UC- 28, 124, 132, 133 PS-64 & PS-65 District Hyderabad (Revised on 02.12.2024)",23,59,Approved,03.08.24,Jun-27,111.923,41.6,,2026-2027,
1394,LGDCP-PP-23-0366,1394,"Construction / Renovation of Park Beside Police Line and various areas @ (i) Neron Kot Town, UC- 16 to 18, (ii) Mian Sarfaraz Town UC - 19 to 27, UC - 29 to UC - 36 (iii) Pareetabad Town UC- 50 to UC 54 of PS-66 Taluka City District Hyderabad (Revised on 02.12.2024)",23,59,Approved,03.08.24,Jun-27,113.600,100.0,,2026-2027,
1395,LGDCP-PP-23-0367,1395,"Construction / Improvement of Footpath / Median, Ground @ Liaquat Colony, Pakka Qila and Installation of Street Lights in PS - 66 Taluka City District Hyderabad (Revised on 02.12.2024)",23,59,Approved,03.08.24,Jun-27,109.713,100.0,,2026-2027,
1396,LGDCP-PP-23-0368,1396,"Construction / Renovation of Play Ground in Paretabad Collage and Imprvement of Park's @ (i) Neron Kot Town UC- 03 to 16, UC- 18, (ii) Pareetabad Town UC - 37 to UC 50 of PS-67, Taluka City District Hyderabad (Revised on 02.12.2024)",23,59,Approved,03.08.24,Jun-27,120.514,50.1,,2026-2027,
1397,LGDCP-PP-23-0369,1397,"Construction and Improvement of Parks @ PS- 67 and Instalation of Street Lights in PS - 67, Taluka City District Hyderabad (Revised on 02.12.2024)",23,59,Approved,03.08.24,Jun-27,111.932,49.9,,2026-2027,
1398,LGDCP-PP-23-0370,1398,"Construction / Renovation of Grounds / Footpaths & Median in UC - 107 to 112, UC114 to 124, UC - 129, 130, UC- 132 to UC- 139 of PS - 65 Taluka Latifabad, District Hyderabad (Revised on 02.12.2024)",23,59,Approved,03.08.24,Jun-27,111.445,41.7,,2026-2027,
1399,LGDCP-PP-23-0371,1399,"Construction and Renovation of Parks and instalation of Street Lights in PS - 65 Taluka Latifabad, District Hyderabad (Revised on02.12.2024)",23,59,Approved,03.08.24,Jun-27,112.922,41.5,,2026-2027,
1400,LGDCP-PP-23-0378,1400,"Repair, Maintenence and Replacement work of Street Lights at Differant locations of UC 35, Ward 1,2,3 & 4 District Korangi (Revised on 09.10.2024)",23,59,Approved,04.02.24,Jun-27,12.366,100.0,,2026-2027,
1401,LGDCP-PP-23-0381,1401,"Repair Maintenence & Replacement work of Park Y Area Korangi 1 in UC 35, District Korangi (Revised on 15.11.2024)",23,59,Approved,04.02.24,Jun-27,64.768,100.0,,2026-2027,
1402,LGDCP-PP-23-0382,1402,"Repair Maintenence & Replacement work of Street Lights in UC 36, District Korangi (Revised on 15.11.2024)",23,59,Approved,04.02.24,Jun-27,1.000,100.0,,2026-2027,
1403,LGDCP-PP-23-0385,1403,"Construction of Seth Karam Chand Hindu Community Hall Pitaro District Umerkot Double Story Hall 100*60 SQFT Lanters Bathroom for Ground & First Floor, Compound Wall, Main Gate & Street Solar Lights (Revised on 08.10.2024)",23,59,Approved,15.05.24,Jun-27,34.362,100.0,,2026-2027,
1404,LGDCP-PP-23-0390,1404,"Construction / Rehabilitation of Internal Metalled road at UC # 48,49,50 & 51 District Central (Revised on 20.09.2024)",23,59,Approved,07.03.24,Jun-28,161.051,38.4,,2026-2027,
1405,LGDCP-PP-23-0391,1405,Construction / Rehabilitation of Internal Metalled road at UC # 51 District Central (Revised on 20.09.2024),23,59,Approved,07.03.24,Jun-27,35.534,100.0,,2026-2027,
1406,LGDCP-PP-23-0395,1406,"Road Carpeting , Street Light LSR,Water Board Colony Boundary Wall, Electric Cable & Sewerage & Water Line CC Tuff Paver Blocks & Rehabilitation of Parks in UC 07 District East",23,59,Approved,28.01.25,Jun-28,69.785,37.5,,2026-2027,
1407,LGDCP-PP-23-0396,1407,"Road Carpeting , Street Light LSR,Water Board Colony Boundary Wall, Electric Cable & Sewerage & Water Line CC Tuff Paver Blocks & Rehabilitation of Parks in UC 08 District East",23,59,Approved,28.01.25,Jun-28,80.432,37.3,,2026-2027,
1408,LGDCP-PP-23-0397,1408,"Road Carpeting , Street Light Sewerage & Water Line, CC Tuff Paver Blocks & Rehabilitation of Parks in UC 01 Chanesar Goth District East",23,59,Approved,28.01.25,Jun-27,70.523,100.0,,2026-2027,
1409,LGDCP-PP-23-0398,1409,"Road Carpeting , Street Light Sewerage & Water Line, CC Tuff Paver Blocks & Rehabilitation of Parks in UC 02 Chanesar Goth District East",23,59,Approved,28.01.25,Jun-28,72.655,37.5,,2026-2027,
1410,LGDCP-PP-23-0400,1410,Construction / Rehabilitation of Road from Imperial Cinema to Hanifa Mosque and Bata Shop to Imperial Cinema Shah Faisal Colony UC # 08 Karachi (Modified as per CSR on 20.09.2024),23,59,Approved,03.04.24,Jun-27,165.914,100.0,,2026-2027,
1411,LGDCP-PP-23-0401,1411,Construction / Rehabilitation of Road from Jamia Masjid Al Qamar to kalma Chowk UC # 11 and Construction / Rehabilitation of Road from Al Falah Mosque to Mohajir Chowk Shah Faisal Colony UC # 13 Karachi (Modified as per CSR on 20.09.2024),23,59,Approved,03.04.24,Jun-28,165.795,38.2,,2026-2027,
1412,LGDCP-PP-23-0403,1412,Construction and Rehabilitation of roads in Shah Faisal Colony (Modified as per CSR-2024 on 27.09.2024),23,59,Approved,03.04.24,Jun-27,175.088,12.0,,2026-2027,
1413,LGDCP-PP-23-0404,1413,"Construction of Road in Different areas of UC # 23,24,29 & 30 (Revised on 27.09.2024)",23,59,Approved,07.03.24,Jun-27,182.920,100.0,,2026-2027,
1414,LGDCP-PP-23-0405,1414,"Construction of Road in Different areas of UC # 31,33,34 (Revised on 27.09.2024)",23,59,Approved,07.03.24,Jun-27,187.810,100.0,,2026-2027,
1415,LGDCP-PP-23-0406,1415,"Construction of Metalled Roads in Differant Locations of UC # 08,11,12,13,17,19,27 & 28 Orangi Town District West (Modified as per CSR-2024 on 27.09.2024)",23,59,Approved,03.04.24,Jun-28,165.975,12.3,,2026-2027,
1416,LGDCP-PP-23-0407,1416,Construction of Metalled Roads in Differant Locations of UC # 16 & 17 Orangi Town District West (Modified as per CSR-2024 on 27.09.2024),23,59,Approved,19.04.24,Jun-27,174.192,100.0,,2026-2027,
1417,LGDCP-PP-23-0408,1417,Construction of Metalled Roads in Differant Locations of UC # 19 & 24 Orangi Town District West (Modified as per CSR-2024 on 27.09.2024),23,59,Approved,19.04.24,Jun-28,174.697,37.7,,2026-2027,
1418,LGDCP-PP-23-0409,1418,Construction of Metalled Roads in Differant Locations of UC # 26 & 28 Orangi Town District West (Modified as per CSR-2024 on 27.09.2024),23,59,Approved,19.04.24,Jun-27,165.909,100.0,,2026-2027,
1419,LGDCP-PP-23-0410,1419,"Construction of matelled road in different areas in UC-18,20,21,22,23,25 Orangi Town District West (Modified as per CSR-2024 on 27.09.2024)",23,59,Approved,03.04.24,Jun-27,165.711,100.0,,2026-2027,
1420,LGDCP-PP-23-0411,1420,Construction of Metalled Road in Different areas of UC # 38 Surjani Town District West (Modified as per CSR-2024 on 27.09.2024),23,59,Approved,03.04.24,Jun-28,174.200,28.4,,2026-2027,
1421,LGDCP-PP-23-0412,1421,Construction of Metalled Road in Different areas of UC # 38 & 39 Surjani Town District West (Modified as per CSR-2024 on 27.09.2024),23,59,Approved,03.04.24,Jun-27,173.440,100.0,,2026-2027,
1422,LGDCP-PP-23-0414,1422,"Construction / Improvement of Asphalt Concrete Road at Various Streets @ (i) Neron Kot Town UC- 16 & 18, (ii) Mian Sarfaraz Town UC - 19 & 27, UC - 29 to UC - 36 (iii) Pareetabad Town UC - 50 & UC 54 of PS-66 Taluka City District Hyderabad (Revised on 20.09.2024)",23,59,Approved,19.07.23,Jun-28,140.864,49.5,,2026-2027,
1423,LGDCP-PP-23-0415,1423,"Construction / Improvement of Asphalt Concrete Road at Various Roads / Streets @ (i)Neron Kot Town UC- 03 to 16, UC- 18, (ii) Pareetabad Town UC - 37 to UC 50 of PS-67 Taluka City District Hyderabad (Revised on 20.09.2024)",23,59,Approved,19.07.23,Jun-28,140.782,45.1,,2026-2027,
1424,LGDCP-PP-23-0416,1424,"Road Carpeting in Differant Locations of UC 25 Ward 1,2,3 & 4 District Korangi (Revised on 27.09.2024)",23,59,Approved,07.03.24,Jun-28,71.144,60.5,,2026-2027,
1425,LGDCP-PP-23-0417,1425,"Road Carpeting in Differant Locations of UC 26 Ward 1,2,3 & 4 District Korangi (Revised on 27.09.2024)",23,59,Approved,07.03.24,Jun-27,59.118,100.0,,2026-2027,
1426,LGDCP-PP-23-0418,1426,"Road Carpeting in Differant Locations of UC 27 Ward 1,2,3 & 4 District Korangi (Revised on 27.09.2024)",23,59,Approved,07.03.24,Jun-28,70.946,60.5,,2026-2027,
1427,LGDCP-PP-23-0419,1427,"Road Carpeting in Differant Locations of UC 28 Ward 1,2,3 & 4 District Korangi (Revised on 27.09.2024)",23,59,Approved,07.03.24,Jun-27,53.293,100.0,,2026-2027,
1428,LGDCP-PP-23-0423,1428,Improvement of Road in Differant Areas of UC # 01 & 02 Model Town District Korangi (Modified as per CSR-2024 on 27.09.2024),23,59,Approved,07.03.24,Jun-27,151.017,100.0,,2026-2027,
1429,LGDCP-PP-23-0424,1429,Improvement of Road in Differant Areas of UC # 03 & 04 Model Town District Korangi (Revised on 27.09.2024),23,59,Approved,07.03.24,Jun-27,142.290,100.0,,2026-2027,
1430,LGDCP-PP-23-0425,1430,Improvement of Road in Differant Areas of UC # 05 & 06 Model Town District Korangi (Revised on 27.09.2024),23,59,Approved,03.07.24,Jun-27,146.014,100.0,,2026-2027,
1431,LGDCP-PP-23-0426,1431,Road Carpeting in Ward 1 & 2 in UC 30 (Revised on 27.09.2024),23,59,Approved,07.03.24,Jun-27,76.321,100.0,,2026-2027,
1432,LGDCP-PP-23-0427,1432,Road Carpeting in Ward 1 & 2 in UC 35 (Revised on 27.09.2024),23,59,Approved,07.03.24,Jun-28,145.989,33.0,,2026-2027,
1433,LGDCP-PP-23-0428,1433,"Road Carpeting in UC 36 Altaf Town (Revised on 09.10.2024) Construction of 7000 road,50 Street Lights Pole",23,59,Approved,07.03.24,Jun-28,96.864,40.7,,2026-2027,
1434,LGDCP-PP-23-0429,1434,"with Solar Plate & Light, 321 Road Near Bakri Shop 35 Street Lights Pole with Solar Plate & Light,9000 to 7000 road, ""R"" Area internal road near Mehdi A Manji Lab 15 Street Lights Pole with Solar Plate & Light (Modified as per CSR- 2024 on 09.10.2024)",23,59,Approved,03.04.24,Jun-27,155.583,100.0,,2026-2027,
1435,LGDCP-PP-23-0430,1435,"Providing & Laying CC Tough Paver Blocks in Surrounding Areas of UC # 44,45,46 & 47 District Central (Revised on 06.09.2024)",23,59,Approved,07.03.24,Jun-27,137.184,100.0,,2026-2027,
1436,LGDCP-PP-23-0431,1436,"Providing & Laying CC Tough Paver Blocks in Surrounding Areas of UC # 47,48,49,50 & 51 District Central (Revised on 06.09.2024)",23,59,Approved,07.03.24,Jun-27,126.128,100.0,,2026-2027,
1437,LGDCP-PP-23-0432,1437,"Providing / Maintenance of Water Supply in different dia’s of P.E Pipe (3’’, 4’’ , 6’’ , 8’’ ,& 12’’ Dia) including fittings in UC # 1,2,3,4 & 5 North Karachi Town District Central. ( Revised on 28.1.25",23,59,Approved,07.03.24,Jun-27,198.428,10.7,,2026-2027,
1438,LGDCP-PP-23-0433,1438,"Providing / laying RCC Sewerage Line in UC # 1,2,3,4 & 5 North Karachi Town District Central (Revised Date: 12-05-2025 Capital: 244.48 Revenue: 0.00 Total Cost: 244.48)",23,59,Approved,07.03.24,Jun-27,244.478,9.6,,2026-2027,
1439,LGDCP-PP-23-0434,1439,"Rehabilitation / laying CC flooring & Tough Paver in UC # 1,2,3,4 & 5 North Karachi Town District Central (Revised on 06.09.2024)",23,59,Approved,07.03.24,Jun-27,137.184,29.7,,2026-2027,
1440,LGDCP-PP-23-0435,1440,"Improvement / Rehabilitation of Power House Water Pumping Station, Khwaja Ajmair Nagri Water Pumping Station & Alhameed Water Pumping Station in UC # 1,2,3,4 & 5 North Karachi Town District Central (Revised on 28.01.25)",23,59,Approved,07.03.24,Jun-27,199.833,100.0,,2026-2027,
1441,LGDCP-PP-23-0436,1441,"Rehabilitation/Improvement of Sewerage System in Sector 5-E, 5-F- J,& 11-D of New Karachi (Revised on 06.09.2024)",23,59,Approved,07.03.24,Jun-27,117.392,100.0,,2026-2027,
1442,LGDCP-PP-23-0437,1442,"Rehabilitation/Improvement of Sewerage System by Providing & Laying of 24"", 18"" & 15"" Dia Main Sewerage Line in Sector 5-D & 5-G, 5-A of New Karachi (Revised on 06.09.2024)",23,59,Approved,07.03.24,Jun-27,117.446,100.0,,2026-2027,
1443,LGDCP-PP-23-0438,1443,"Imp/Reh of Carpet Work & CC Flooring at UC No. 04, 5-A Sector 5-D, 5-A & 5-F New Karachi (Revised on 06.09.2024)",23,59,Approved,07.03.24,Jun-27,152.989,100.0,,2026-2027,
1444,LGDCP-PP-23-0439,1444,"Imp/Reh of Carpet Work & Paver Fixing at UC-9/A, UC-9-B & Sector 11-F & 11-D New Karachi (Revised on 06.09.2024)",23,59,Approved,07.03.24,Jun-27,152.989,100.0,,2026-2027,
1445,LGDCP-PP-23-0440,1445,Imp/Reh of Carpet Work & Paver Fixing at UC-9/B and UC-10 Sector 11-D & 11-G Sector 15A/3 Buffer Zone New Karachi (Revised on 06.09.2024),23,59,Approved,07.03.24,Jun-27,152.989,100.0,,2026-2027,
1446,LGDCP-PP-23-0441,1446,"Imp/Reh of Carpet Work & CC Flooring at UC-5B, UC-6, UC-7, UC-8, UC-9A Sector 5B/5F/5G/5E & 11-F New Karachi (Revised on 06.09.2024)",23,59,Approved,07.03.24,Jun-27,152.989,100.0,,2026-2027,
1447,LGDCP-PP-23-0442,1447,"Rehabilitation / Improvement of Streets & Internal Roads with Drainage System, Nallah & Sewerage Tough Paver Blocks in Surrounding Areas of UC # 35,36,39 District Central (Revised on 06.09.2024)",23,59,Approved,07.03.24,Jun-27,154.070,61.3,,2026-2027,
1448,LGDCP-PP-23-0443,1448,"Rehabilitation / Improvement of Streets & Internal Roads with Drainage System, Nallah & Sewerage Tough Paver Blocks in Surrounding Areas of UC # 40,41, 42 & 43 District Central (Revised on 06.09.2024)",23,59,Approved,07.03.24,Jun-27,154.070,100.0,,2026-2027,
1449,LGDCP-PP-23-0445,1449,Providing & Fixing Paver Blocks in Different UC's in District East (Revised on 06.09.2024),23,59,Approved,01.04.24,Jun-27,137.184,100.0,,2026-2027,
1450,LGDCP-PP-23-0447,1450,"Rehabilitation / Improvement of Streets and internal Roads with drainage system, Nala and sewerage system tough paver blocks in surrounding areas of UC-09 Lines area District East (Revised on 06.09.2024)",23,59,Approved,01.04.24,Jun-27,166.102,100.0,,2026-2027,
1451,LGDCP-PP-23-0448,1451,"Rehabilitation / Improvement of Streets and internal Roads with drainage system, Nala and sewerage system tough paver blocks in surrounding areas of UC-10 Lines area District East (Revised on 06.09.2024)",23,59,Approved,01.04.24,Jun-27,166.102,28.6,,2026-2027,
1452,LGDCP-PP-23-0449,1452,"Rehabilitation / Improvement of Streets and internal Roads with drainage system, Nala and sewerage system tough paver blocks in surrounding areas of UC-11 Lines area District East (Revised on 09.09.2024)",23,59,Approved,01.04.24,Jun-27,166.102,100.0,,2026-2027,
1453,LGDCP-PP-23-0450,1453,"Rehabilitation of contaminated / rusted 4"" dia, 6"" dia, 8"" dia, 10"" dia and 12"" dia PE pipe in different location of UC-09, UC-10 and UC-11 District East",23,59,Approved,23.05.24,Jun-27,50.000,20.0,,2026-2027,
1454,LGDCP-PP-23-0451,1454,Rehabilitation / Improvement of sewerage system District East (Revised on 09.09.2024),23,59,Approved,01.04.24,Jun-27,116.950,30.2,,2026-2027,
1455,LGDCP-PP-23-0452,1455,"Sewerage System in UC 01,02,03,04,05 & 06 District East ( Revised on 28.01.2025)",23,59,Approved,01.04.24,Jun-27,146.512,12.3,,2026-2027,
1456,LGDCP-PP-23-0453,1456,"CC Tough Pavers in UC 001,02,03,04,05 & 06 District East (Revised on 09.09.2024)",23,59,Approved,01.04.24,Jun-27,92.348,100.0,,2026-2027,
1457,LGDCP-PP-23-0454,1457,CC Tough Paver Blocks Yadgar Fish to Jahangir Road UC 13 (Revised on 09.09.2024),23,59,Approved,04.01.24,Jun-27,61.610,100.0,,2026-2027,
1458,LGDCP-PP-23-0455,1458,Sewerage System in Yadgar Fish to Jahangir Road Storm Water Drain in UC 13 (Revised on 09.09.2024),23,59,Approved,04.01.24,Jun-27,46.754,100.0,,2026-2027,
1459,LGDCP-PP-23-0457,1459,Replacement of Old Damage Contaminated 4'' dia AC Pipes into 110 mm PE Water Line at Sheet # 04 Abbasi Market & Mominabad Next to Nadeem Hotel Model Zone,23,59,Approved,23.05.24,Jun-27,3.700,100.0,,2026-2027,
1460,LGDCP-PP-23-0463,1460,Upgradation of pumping stations./ installation of Turbine i) Ali Raza imam bargha Pumping station UC-10 ii) KDA Pumping station UC-10 iii) Thanvi Pumping station UC-10 iv) sector 2- D Pumping station UC-10 v) Dhobi ghat Pumping station UC-10 UC-09 Kali Tanki Pumping station,23,59,Approved,23.05.24,Jun-27,77.280,12.9,,2026-2027,
1461,LGDCP-PP-23-0464,1461,"CC Tough Paver Blocks in Bahadur yar jang road, Soldier Bazar UC 16 (Revised on 09.09.2024)",23,59,Approved,07.03.24,Jun-27,56.744,100.0,,2026-2027,
1462,LGDCP-PP-23-0465,1462,"Construction of CC Tough Paver in Different areas of UC # 23,24,29 & 30 (Revised on 09.09.2024)",23,59,Approved,07.03.24,Jun-27,119.401,100.0,,2026-2027,
1463,LGDCP-PP-23-0466,1463,"Construction of CC Tough Paver in Different areas of UC # 31,33 & 34 (Revised on 09.09.2024)",23,59,Approved,07.03.24,Jun-27,119.401,100.0,,2026-2027,
1464,LGDCP-PP-23-0467,1464,"Rehabilitation / Improvement of Streets & Internal Roads with Drainage System,Nallah & Sewerage Tough Paver Blocks in Surrounding Areas of UC # 08,11,12,13 & 27 Orangi Town District West (Revised on 09.09.2024)",23,59,Approved,01.04.24,Jun-27,152.522,100.0,,2026-2027,
1465,LGDCP-PP-23-0468,1465,"Rehabilitation / Improvement of Streets & Internal Roads with Drainage System,Nallah & Sewerage Tough Paver Blocks in Surrounding Areas of UC # 17,19 & 28 Orangi Town District West (Revised on 09.09.2024)",23,59,Approved,01.04.24,Jun-27,152.522,100.0,,2026-2027,
1466,LGDCP-PP-23-0469,1466,"Rehabilitation of Contaminated / Rusted 900mm,450mm, 315mm, 200mm, 160mm, 110mm PE Pipe in Different Location of UC # 08,11,12,13,17,19,27 & 28 Orangi Town District West ( Revised on 24.12.2024)",23,59,Approved,23.05.24,Jun-27,115.970,8.6,,2026-2027,
1467,LGDCP-PP-23-0470,1467,"Rehabilitation / Improvement of Sewerage Sytem in UC 16,17,19,24 & 26 Orangi Town District West (Revised Date: 12-05-2025 Capital: 243.02 Revenue: 0.00 Total Cost: 243.02)",23,59,Approved,01.04.24,Jun-27,243.024,52.8,,2026-2027,
1468,LGDCP-PP-23-0471,1468,Rehabilitation of Al Hira Pumping Station UC 24 Orangi Town District West (Revised Date: 11-08-2025 Capital: 214.70 Revenue: 0.00 Total Cost: 214.70),23,59,Approved,23.05.24,Jun-27,214.704,9.0,,2026-2027,
1469,LGDCP-PP-23-0472,1469,"Providing laying CC Tough paver blocks in UC-18,20,21,22,23,25 Orangi Town District West (Revised on 09.09.2024)",23,59,Approved,01.04.24,Jun-27,137.184,100.0,,2026-2027,
1470,LGDCP-PP-23-0473,1470,"Replacement and rehabilitation water and sewerage lines DIA 4'', DIA 6'', DIA 8'',DIA 12'', DIA 24'' in UC-18,20,21,22,23,25 Orangi Town District West ( Revised on 24.12.24)",23,59,Approved,23.05.24,Jun-27,99.670,10.0,,2026-2027,
1471,LGDCP-PP-23-0474,1471,"Recoonstruction / Rehabilitation and Renovation of rain drains nallah & green belts UC-18,20,21,22,23,25 Orangi Town District West (Revised on 09.09.2024)",23,59,Approved,01.04.24,Jun-27,103.572,35.0,,2026-2027,
1472,LGDCP-PP-23-0476,1472,Repairing & Replacement of Water Supply Line in UC # 38 & 39 Surjani Town District West,23,59,Approved,23.05.24,Jun-27,50.000,100.0,,2026-2027,
1473,LGDCP-PP-23-0478,1473,Construction of CC Tough Pavers Block in Different areas of UC # 38 & 39 Surjani Town District West (Revised on 09.09.2024),23,59,Approved,01.04.24,Jun-27,137.184,40.1,,2026-2027,
1474,LGDCP-PP-23-0480,1474,"Construction of CC Paving Block, CC Topping and Sewerage System in Various Places of UC - 83.86, 88, 89, 90, 98, 124, 132, 133 Taluka Latifabad & UC - 28 Taluka City District Hyderabad (Revised on 20.09.2024)",23,59,Approved,19.07.23,Jun-27,127.682,62.9,,2026-2027,
1475,LGDCP-PP-23-0482,1475,"Providing Water Supply line P.E Pipe and External Drainage in Various Areas @ (i) Neron Kot Town UC- 16 to 18, (ii) Mian Sarfaraz Town UC - 19 to 27, UC - 29 to UC - 36 (iii) Pareetabad Town UC - 50 to UC 54 of Taluka City District Hyderabad (Revised on 14.11.2024)",23,59,Approved,08.03.24,Jun-27,154.188,25.2,,2026-2027,
1476,LGDCP-PP-23-0483,1476,"Construction of Open Surface Drain in various areas @ (i) Neron Kot Town UC- 16 to 18, (ii) Mian Sarfaraz Town UC - 19 to 27, UC - 29 to UC - 36 (iii) Pareetabad Town UC - 50 to UC 54 of Taluka City District Hyderabad (Revised 14.11.2024)",23,59,Approved,08.03.24,Jun-27,173.088,36.2,,2026-2027,
1477,LGDCP-PP-23-0484,1477,"Providing Water Supply Line P.E Pipe and External Draiange in Various areas @ (i) Neron Kot Town UC- 03 to 16, UC- 18, (ii) Pareetabad Town UC - 37 to UC 50 of Taluka City District Hyderabad (Revised on 14.11.2024)",23,59,Approved,08.03.24,Jun-27,175.733,66.0,,2026-2027,
1478,LGDCP-PP-23-0485,1478,"Construction of CC Paving Block in Various Streets / Roads @ (i) Neron Kot Town UC- 03 to 16, UC- 18, (ii) Pareetabad Town UC - 37 to UC 50 of Taluka City District Hyderabad (Revised on 22.08.2024)",23,59,Approved,19.07.23,Jun-27,105.216,100.0,,2026-2027,
1479,LGDCP-PP-23-0487,1479,"Construction of CC Paving Block / CC Block in Various Streets / Roads of UC - 107 to 112, UC114 to 124, UC - 129, 130, UC- 132 to UC- 139 of Taluka Latifabad District Hyderabad (Revised on 22.08.2024)",23,59,Approved,19.07.23,Jun-27,122.941,100.0,,2026-2027,
1480,LGDCP-PP-23-0488,1480,"Providing Water Supply line P.E Pipe in Various areas of UC - 107 to 112, UC- 114 to 124, UC - 129, 130, UC- 132 to UC- 139 of Taluka Latifabad District Hyderabad (Revised on 14.11.2024)",23,59,Approved,08.03.24,Jun-27,175.768,49.0,,2026-2027,
1481,LGDCP-PP-23-0489,1481,"Construction of External Sewerage Pipe Line & Open Suface Drain in various areas of UC - 107 to 112, UC- 114 to 124, UC - 129, 130, UC- 132 to UC- 139 of Taluka Latifabad District Hyderabad (Revised on 14.11.2024) (Revised Date: 16-02-2026 Capital: 409.62 Revenue: 0.00 Total Cost: 409.62)",23,59,Approved,08.03.24,Jun-27,409.616,54.0,,2026-2027,
1482,LGDCP-PP-23-0490,1482,"Construction / Imprvement of Asphalt Roads at various areas of UC - 107 to 112, UC- 114 to 124, UC - 129, 130, UC- 132 to UC- 139 of Taluka Latifabad District Hyderabad (Revised on 22.08.2024) (Revised Date: 16-02-2026 Capital: 552.14 Revenue: 0.00 Total Cost: 552.14)",23,59,Approved,27.07.23,Jun-27,552.142,48.4,,2026-2027,
1483,LGDCP-PP-23-0492,1483,"Work of CC Tough Paver Blocks at Different locations of UC 25 Ward 1,2,3 & 4 District Korangi (Revised on 09.10.2024)",23,59,Approved,07.03.24,Jun-27,65.567,100.0,,2026-2027,
1484,LGDCP-PP-23-0499,1484,"Work of CC Tough Paver Blocks at Different locations of UC 28 Ward 1,2,3 & 4 District Korangi (Revised on 20.09.2024)",23,59,Approved,07.03.24,Jun-27,68.377,100.0,,2026-2027,
1485,LGDCP-PP-23-0501,1485,"Repair, Maintenance and Replacement work of Sewerage Lines 12'' dia & 15'' dia at UC # 29 Ward 1,2,3 & 4 District Korangi (Revised on 09.10.2024)",23,59,Approved,07.03.24,Jun-27,35.873,100.0,,2026-2027,
1486,LGDCP-PP-23-0504,1486,"Repair, Maintenance and Replacement work of Sewerage Lines 12'' dia & 15'' dia at UC # 30 Ward 1,2,3 & 4 District Korangi (Revised on 28.1.2025)",23,59,Approved,07.03.24,Jun-27,70.560,27.7,,2026-2027,
1487,LGDCP-PP-23-0510,1487,"Replacement of Old Damage Contaminated 6''& 4''dia AC Pipes into 160 mm & 110 mm PE Water Line at Gilaniabad, Madina Colony, Saudia Colony, Pak Kohsar Town & Muzzaffarabad Khohkrapar for the betterment of Water Supply in Existing Areas of Model Zone District Korangi",23,59,Approved,23.05.24,Jun-27,39.890,100.0,,2026-2027,
1488,LGDCP-PP-23-0514,1488,Providing & Fixing 2 Nos DWT Pump Type 100 hp Turbine at Shaheed Chowk Water Pumping Station for Improvement of Water Supply in Existing Areas of Model Zone District Korangi,23,59,Approved,24.12.24,Jun-27,33.430,100.0,,2026-2027,
1489,LGDCP-PP-23-0515,1489,Providing & Fixing 2 Nos DWT Pump Type 100 hp Turbine at Malir Halt Water Pumping Station for Improvement of Water Supply in Existing Areas of Model Zone District Korangi,23,59,Approved,24.12.24,Jun-27,44.805,100.0,,2026-2027,
1490,LGDCP-PP-23-0516,1490,Rehabilitation / Improvement of Sewerage System by Replacement of Old Defective Deteriorated of 24'' dia RCC Sewer Line from Malir Halt to Model Colony Railway Phatak Via Service Road Portion 1 & from Malir Halt to S-1 Last Street Via Service Road in Model Zone District Korangi,23,59,Approved,23.05.24,Jun-27,100.000,20.1,,2026-2027,
1491,LGDCP-PP-23-0517,1491,Rehabilitation / Improvement of Sewerage System by Replacement of Old Defective Deteriorated of 18'' & 24'' dia RCC Sewer Line from Hashim Raza Road Railway Crossing to Jinnah Avenue Road Model Colony Model Zone District Korangi,23,59,Approved,23.05.24,Jun-27,55.390,24.3,,2026-2027,
1492,LGDCP-PP-23-0518,1492,Rehabilitation / Improvement of Sewerage System by Replacement of Old Defective Deteriorated of 24'' & 30'' dia RCC Sewer Line from Malir Halt to Tauheed Masjid Liaquat Ali Avenue Road Model Colony for the betterment of Sewerage System of Model Colony Model Zone District Korangi,23,59,Approved,23.05.24,Jun-27,103.460,15.9,,2026-2027,
1493,LGDCP-PP-23-0519,1493,"Repair, Maintenance & Replacement work of Sewerage lines 12'' & 15'' dia Ward 1& 2 in UC 30 (Revised on 09.10.2024)",23,59,Approved,07.03.24,Jun-27,119.288,100.0,,2026-2027,
1494,LGDCP-PP-23-0520,1494,Work of CC Tough Paver Block Ward 1 & 2 in UC 30 (Revised on 20.09.2024),23,59,Approved,07.03.24,Jun-27,86.825,38.5,,2026-2027,
1495,LGDCP-PP-23-0521,1495,"Repair, Maintenance & Replacement work of Sewerage lines 12'' & 15'' dia Ward 1& 2 in UC 35 (Revised on 09.10.2024)",23,59,Approved,07.03.24,Jun-27,119.635,38.0,,2026-2027,
1496,LGDCP-PP-23-0522,1496,Work of CC Tough Paver Block Ward 1 & 2 in UC 35 (Revised on 20.09.2024),23,59,Approved,07.03.24,Jun-27,123.066,40.5,,2026-2027,
1497,LGDCP-PP-23-0524,1497,CC Tough Paver Blocks in UC 36 Altaf Town (Revised on 20.09.2024),23,59,Approved,01.04.24,Jun-27,86.825,48.9,,2026-2027,
1498,LGDCP-PP-23-0525,1498,Water Supply Scheme with Solar Panel Installation in Mirwah Gorchani District Mirpurkhas (Revised on 22.08.2024) Drainage in Tehri Mirwah Gorchani,23,59,Approved,21.07.23,Jun-27,199.304,41.1,,2026-2027,
1499,LGDCP-PP-23-0526,1499,"Mirpurkhas, Community Hall with Washroom fixture, boundary wall and Drainage & Pavers in Tehri Mirwah Gorchani.CC Paver and road in Mirwah Gorchani Town (Revised Date: 12- 05-2025 Capital: 311.52 Revenue: 0.00 Total Cost: 311.52)",23,59,Approved,27.07.23,Jun-27,311.518,17.3,,2026-2027,
1500,LGDCP-PP-23-0386,1500,"Improvement, Renovation and Rehabilitation of Pedestrian Bridges at different places of District East Karachi",23,59,Approved,,Jun-28,50.000,10.0,,2026-2027,
1501,LGDCP-PP-23-0387,1501,"Improvement, Renovation and Rehabilitation of Pedestrian Bridges at different places of District South, West and Keamari Karachi",23,59,Approved,,Jun-28,50.000,10.0,,2026-2027,
1502,LGDCP-PP-23-0444,1502,"Rehabilitation of Contaminated / Rusted 900mm,450mm, 315mm, 200mm, 160mm, 110mm PE Pipe in Different Location of UC # 35,36,39,40,41, 42 & 43 District Central",23,59,Approved,,Jun-27,99.900,10.0,,2026-2027,
1503,LGDCP-PP-23-0462,1503,Rehabilitation of Water pumping Station No 03 & 04 at Shah Faisal Colony Karachi,23,59,Approved,,Jun-27,99.900,10.0,,2026-2027,
1504,LGDCP-PP-23-0475,1504,Water pumping station at Mangal Bazar for boost up water elevated areas,23,59,Approved,,Jun-27,200.000,5.0,,2026-2027,
1505,LGDCP-PP-23-0513,1505,Providing & Fixing 2 Nos DWT Pump Type 100 hp Turbine at Malir Tanki Water Pumping Station for Improvement of Water Supply in Existing Areas of Model Zone District Korangi,23,59,Approved,,Jun-27,24.000,100.0,,2026-2027,
1506,LGDOT-PP-16-0102,1506,"Constt: of Play Ground, Public Park & Library at Sakrand Town (SDG # 8) (Revised on 12.05.2025)",23,60,Approved,09.06.16,Jun-27,227.216,32.8,,2026-2027,
1507,LGDCS-PP-22-0956,1507,Rehabilitation of Galib & Tamooria Library & Beautification of Five Star Chowragi Nazimabad District Central (Revised on 15.11.2024),23,60,Approved,02.06.23,Jun-27,198.900,80.4,,2026-2027,
1508,LGDCS-PP-22-0957,1508,"Construction of Sports Ground at St-67 & 68, 5-F, North Karachi, District Central Lighting in Taluka & City Khairpur",23,60,Approved,25.11.22,Jun-27,99.905,100.0,,2026-2027,U/R
1509,LGDCS-PP-22-0971,1509,"(Installation of all in one LED Electrict Street Light Poles at Shah Hussain Over Head Bridge to Luqman Over Head Bridge, Education College for Male to Civic Center upto Mariam Canon, Al Sajjad Hotel to Over Head Bridge Faizabad Colony i/c Solar System of Water Disposal in various Places of City Khairpur) (Revised on 15.05.24).",23,60,Approved,12.06.22,Jun-27,100.000,100.0,,2026-2027,
1510,LGDCS-PP-22-0982,1510,"Repair of Buildings Dispensary Lakhat Union Council Mehrabpur, Veterinary Ali Bux Dharejo, Ameer Bux Detho, Mehdi Shah, Library Muqeem Dahri, RHC Mehrabpur (Repair) and C.C. Topping, Bricks Soling, 100 Culverts Taluka Sakrand / Qazi Ahmed",23,60,Approved,05.09.23,Jun-27,100.000,100.0,,2026-2027,
1511,LGDCS-PP-22-0983,1511,"Illumination of Sukkur Barrage, Lansdown Bridge & Ayoub Bridge Sukkur (Revised on 25.05.24)",23,60,Approved,19.04.23,Jun-27,436.827,100.0,,2026-2027,
1512,LGDRS-PP-22-1828,1512,"Installation, Upgradation & Automation of existing Traffic Signals in Karachi and Beautification of Shahra-e-Faisal and Adjacent areas of Karachi",23,60,Approved,17.03.23,Jun-27,198.700,100.0,,2026-2027,U/R
1513,LGDRS-PP-22-1945,1513,"Development / Construction of Boundary Wall & Infrastructure of Graveyard at Block-7, Hawksbay, Scheme-42, Karachi",23,60,Approved,29.05.23,Jun-27,384.107,2.6,,2026-2027,
1514,SYASO-PP-23-0001,1514,Upgradation of New Pind Cricket Stadim City Sukkur (Revised on 12.11.2024),23,60,Approved,22.02.24,Jun-27,252.360,100.0,,2026-2027,
1515,ISTIT-PP-23-0005,1515,Beautification of City Mirpur Bathoro & Provision of Missing Facilities (Revised Date: 24-04-2025 Capital: 86.64 Revenue: 0.00 Total Cost: 86.64),23,60,Approved,24.04.25,Jun-27,86.642,52.2,,2026-2027,
1516,LGDCS-PP-23-0302,1516,"Remaining Works of Rehabilitation and Improvement of Karachi Zoo, KMC (Phase-II)",23,60,Approved,03.11.24,Jun-27,163.480,6.1,,2026-2027,
1517,LGDCS-PP-23-0303,1517,"Construction of Shaheed Mohtarma Benazir Bhutto Family Park with Walking Track. Plantation, Grassy Area, Food Street, under Ground Water Tank, Boundary Fencing and Standby Generator",23,60,Approved,18.02.25,Jun-27,100.000,16.3,,2026-2027,
1518,LGDCS-PP-23-0304,1518,Construction of Shaheed Shahjahan Park and Supply of Electric Generator and Solar System for Drainage scheme Dadu City and Provide Dustbins and Repair of Tractors Loaders and Refuse Vans and Fire Brigades and other Machinery,23,60,Approved,30.04.24,Jun-27,100.000,100.0,,2026-2027,
1519,LGDCS-PP-23-0305,1519,Construction of Community Centre I/C Allied works. Construction / Rehabilitation of Jetties Providing Paver Blocks and C.C Flooring Providing and Laying of Water Supply and Sewerage System at Different Places of UC-11 TMC Maripur,23,60,Approved,18.02.25,Jun-27,99.800,22.5,,2026-2027,
1520,LGDCS-PP-23-0307,1520,"Construction / Reconstruction / Rehabilatation of Libraries alog with Community Center Halls at District Malir, Karachi (Revised 02.08.2024)",23,60,Approved,06.03.24,Jun-27,186.654,81.2,,2026-2027,
1521,LGDCS-PP-23-0308,1521,Construction / Rehabilitation of Internal Roads / Streets Paver Block in Lyari Town,23,60,Approved,08.02.24,Jun-27,162.179,100.0,,2026-2027,
1522,LGDCS-PP-23-0309,1522,Construction of Amusement Park in Bachal Shah Park City Sukkur,23,60,Approved,26.07.23,Jun-27,230.000,100.0,,2026-2027,
1523,LGDCS-PP-23-0310,1523,Model Graveyard Muncipal Committee Rohri,23,60,Approved,19.07.23,Jun-27,154.209,100.0,,2026-2027,
1524,LGDCS-PP-23-0311,1524,Construction of Civic Center Muncipial Committee Rohri (Revised on 16.12.2024),23,60,Approved,03.08.24,Jun-27,322.055,100.0,,2026-2027,
1525,LGDCS-PP-23-0312,1525,Repair & Construction of Town Hall and Library at Muncipal Committee Rohri (Revised on 14.11.2024),23,60,Approved,03.08.24,Jun-27,118.315,100.0,,2026-2027,
1526,LGDCS-PP-23-0314,1526,Rehabilitation / Reconstruction of Graveyards within Jurisdiction of PS-24 City Sukkur with Electric / Solar lights (Revised on 08.10.2024),23,60,Approved,27.07.23,Jun-27,105.500,100.0,,2026-2027,
1527,LGDCS-PP-23-0315,1527,Up-gradation of Khalid Khan Park Sukkur (Revised on 08.10.2024),23,60,Approved,27.07.23,Jun-27,81.950,100.0,,2026-2027,
1528,LGDCS-PP-23-0316,1528,Rehabilitation / Improvement of Khaji Ground Nazimabad (Under High Cout order CMA No. 8518 of 2022) (Revised Date: 09-03-2026 Capital: 325.18 Revenue: 0.00 Total Cost: 325.18),23,60,Approved,06.03.24,Jun-27,325.175,100.0,,2026-2027,
1529,LGDCS-PP-23-0317,1529,"Rehabilitation of Parks and Sports Grounds of Taluka & MC Khairpur Parks-Faiz Abad Bux Terminal Park, Phool Bagh, Faizabad Family Park, New Citizen Colony, Ostagahi Park Near Eid Gah, Ladies Children Luqman Park, Dilshad Park Banaras Colony, Mill colony Park opposite Foot Ball Ground, Railway Track Park opposite Azam Colony. Grounds-Mumtaz Ground, Therhi Shooting Ball Stadium Ground, Shah Ladhani Ground Stadium, Mill Colony Foot Ball Ground, Wada Scarp Ground.",23,60,Approved,06.03.24,Jun-27,51.688,19.3,,2026-2027,
1530,LGDCS-PP-23-0318,1530,"(Revised Date: 26-09-2025 Capital: 51.69 Revenue: 0.00 Total Cost: 51.69) Remaining Work of Syed Aijaz Ali Shah Sheerazi Sport Stadium, Provision of Drainage village Haji Abdullah Kandoro and Construction of Community Hall at village Shahnawaz Turk Belo Water Supply",23,60,Approved,29.02.24,Jun-27,50.000,100.0,,2026-2027,
1531,LGDCS-PP-23-0319,1531,Beautifucation of Town Committee Kheme Jo Par and Town Committee Chachro,23,60,Approved,04.03.24,Jun-27,80.061,23.6,,2026-2027,
1532,LGDCS-PP-23-0320,1532,Community Center UC 02 Lal Bhiai in Diffrent areas of PS-112 Maripur,23,60,Approved,18.02.25,Jun-27,80.000,31.3,,2026-2027,
1533,LGDCS-PP-23-0321,1533,Rehabilitation / Reconstruction of Paver streets alongwith Street Lights of New Yard & Loco Shed at Rohri City.,23,60,Approved,19.07.23,Jun-27,80.000,100.0,,2026-2027,
1534,LGDCS-PP-23-0322,1534,Installation of Solar Lights Shikarpur & Khanpur,23,60,Approved,24.05.24,Jun-27,99.997,100.0,,2026-2027,
1535,LGDCS-PP-23-0323,1535,Construction of retaining wall Sodho Chano to Pyar Ali Sundrani,23,60,Approved,29.02.24,Jun-27,99.991,45.7,,2026-2027,
1536,LGDCS-PP-23-0324,1536,Construction of retaining wall Sindh Dhoro to Makhwani road to Indus Highway upto BS Feeder,23,60,Approved,29.02.24,Jun-27,99.993,43.4,,2026-2027,
1537,LGDCP-PP-23-0384,1537,Renovation and Repair of Shri Kha Warri Darbar Shikarpur,23,60,Approved,24.05.24,Jun-27,20.000,50.0,,2026-2027,
1538,LGDCS-PP-25-0004,1538,Construction of Bird Aviary at Kidney Hill Park,23,60,Approved,21.07.25,Jun-27,200.000,62.5,,2026-2027,
1539,LGDCS-PP-25-0005,1539,Development of Public Park and Ground at Gutter Baghicha,23,60,Approved,21.07.25,Jun-27,147.400,62.5,,2026-2027,
1540,LGDCS-PP-25-0010,1540,Construction of Football Ground/Cricket Grounds in PS 85 Malir Karachi. [Ref#207],23,60,Approved,26.09.25,Jun-27,100.000,100.0,,2026-2027,
1541,LGDCS-PP-25-0011,1541,Costruction Jam Bijar khhan Jokhio Football Ground And Community Center (Hall) at Dhani Parto Goth UC Chokhandi NA-229 Malir-I [Ref#215],23,60,Approved,26.09.25,Jun-27,50.000,100.0,,2026-2027,
1542,LGDCS-PP-25-0012,1542,"Construction of Community Center Halls/Libraries in UC Gadap UC Darsano, UC Chowkhandi NA-229 Malir-I [Ref#216]",23,60,Approved,26.09.25,Jun-27,100.000,100.0,,2026-2027,
1543,LGDCS-PP-25-0013,1543,"Construction of Community Centers/Digital Libraries in PS-85 Malir and Cosnruction of Community Centers at Jalal Murad Goth Deh Sharafi , Haji Gul Hassan Deh Amilano and Hashim Goth Deh Sharafi [Ref#401]",23,60,Approved,26.09.26,Jun-27,75.000,100.0,,2026-2027,
1544,LGDCS-PP-25-0015,1544,"Construction of Community Centre in Village Mari Sher Muhammad Khan Bijarani, Mir Mehran Khan Bijarani, Mir Fateh Muhammad Khan Bijarani, Mir Hamza Khan Bijarani, Muhammad Alam Ghunio, Shafiullah Gujrani [Ref#388]",23,60,Approved,02.09.25,Jun-27,90.000,100.0,,2026-2027,
1545,LGDCS-PP-25-0016,1545,"Installation of Solar Street Lights in various villages of Taluka Tangwani including villages of UC Rasaldar, UC Malguzar, UC Doulatpur of Taluka Kandhkot (Constituency PS-06). [Ref#390]",23,60,Approved,26.09.25,Jun-27,100.000,100.0,,2026-2027,
1546,LGDCS-PP-25-0017,1546,Repair & Maintenance of Sport Complex at UC Sherpao [Ref#721],23,60,Approved,16.10.25,Jun-27,130.000,100.0,,2026-2027,
1547,LGDCS-PP-25-0018,1547,"Establishment / Development of Sports grounds / Parks (Padar Ground & Jama Masjid Ground & Park) in Keamari PS-115, District Keamari [Ref#706]",23,60,Approved,23.10.25,Jun-27,100.000,100.0,,2026-2027,
1548,LGDCS-PP-25-0019,1548,Construction of three Community Centers in different Ucs of PS-115 District Keamari [Ref#707],23,60,Approved,23.10.26,Jun-27,100.000,100.0,,2026-2027,
1549,LGDWS-PP-25-0022,1549,Kandhkot City Park Rehabilitation [Ref#820],23,60,Approved,16.10.25,Jun-27,50.000,100.0,,2026-2027,
1550,LGDCS-PP-25-0023,1550,Constructions/Installation Solar Street Lights in City Jacoababad & various UCs of Taluka Jacobabd [Ref#360],23,60,Approved,16.10.25,Jun-27,50.000,100.0,,2026-2027,
1551,LGDCS-PP-25-0024,1551,Establishment of Public Park including Pever Block & CC Block at Chachro Town [Ref#194],23,60,Approved,03.04.26,Jun-27,50.000,100.0,,2026-2027,
1552,LGDCS-PP-25-0026,1552,Solar Street Lights At Town Committee Talhar [Ref#645],23,60,Approved,12.12.25,Jun-27,50.000,100.0,,2026-2027,
1553,LGDCS-PP-25-0027,1553,Solar Street Lights At MC Matli [Ref#644],23,60,Approved,12.12.25,Jun-27,50.000,100.0,,2026-2027,
1554,LGDCS-PP-25-0029,1554,Development of Playground Ali Khan Muhalla Kambar City [Ref#1071],23,60,Approved,12.12.25,Jun-27,60.000,100.0,,2026-2027,
1555,LGDCS-PP-25-0030,1555,Construction of Community Centers in UC Shah Mureed and UC Gadap [Ref#441],23,60,Approved,23.10.25,Jun-27,100.000,100.0,,2026-2027,
1556,LGDCS-PP-25-0031,1556,Construction of Community Center in UC Darsano Channo PS-84 [Ref#443],23,60,Approved,23.10.25,Jun-27,50.000,100.0,,2026-2027,
1557,LGDCS-PP-25-0032,1557,"Construction of Public Park & Playground in NA-241, Block 2&7 Clifton District South, Karachi [Ref#246]",23,60,Approved,23.10.25,Jun-27,66.500,100.0,,2026-2027,
1558,LGDCS-PP-25-0033,1558,Installation of Solar Light at Various Villages PS-05 Kashmore Kandhkot. [Ref#960],23,60,Approved,23.10.25,Jun-27,100.000,100.0,,2026-2027,
1559,LGDCS-PP-25-0034,1559,Rehabilitation / Improvement of Christen Cemetery / Graveyard Boundry Wall Work and P/F Solar Lights Union Committee Cattle Colony [Ref#890],23,60,Approved,19.11.25,Jun-27,50.000,100.0,,2026-2027,
1560,LGDCS-PP-25-0036,1560,Renovation of sports complex with modern indoor and outdoor facilities and walking track and solar light with backup generator or solar system [Ref#26],23,60,Approved,26.09.25,Jun-27,50.000,100.0,,2026-2027,
1561,LGDCS-PP-25-0038,1561,Providing & Fixing Solar Lights of Various Villages Taluka Garhi Khairo [Ref#345],23,60,Approved,27.01.26,Jun-27,130.000,100.0,,2026-2027,
1562,LGDCS-PP-25-0039,1562,Providing & Fixing Solar Lights of Various Villages Taluka Jacobabad [Ref#346],23,60,Approved,27.01.26,Jun-27,120.000,100.0,,2026-2027,
1563,LGDCS-PP-25-0040,1563,Buildings (i) Additional Rooms and Compound for Imam Bargah at Village Korki (ii) Brick Pavement and Construction at Village Hameed U Rehman Town Korandi of Taluka Faizgunj (iii) Construction of Roza and Musafirkhana at Dargah Randhan Mashak UC Razaabad Taluka Faiz Gunj [Ref#504],23,60,Approved,08.01.26,Jun-27,50.000,100.0,,2026-2027,
1564,LGDCS-PP-25-0041,1564,Installation of Solar Sistem in various villages of Taluka Garhi Khairo and Taluka Jacobabad. [Ref#T23],23,60,Approved,27.01.26,Jun-27,150.000,100.0,,2026-2027,
1565,LGDCS-PP-25-0045,1565,Rehabilitation/ RE-construction of Graveyards within Jurisdiction of Sukkur Municipal Corporation.,23,60,Approved,09.03.26,Jun-27,156.553,34.4,,2026-2027,
1566,LGDCS-PP-25-0055,1566,Improvement/ Construction / Reconstruction of Eid Gaahs & Imam Bargahs in various Villages/ Areas of PS-10 [Ref#996],23,60,Approved,26.02.26,Jun-27,80.000,100.0,,2026-2027,
1567,LGDCS-PP-25-0056,1567,Construction/ Recondition of Compound Wall to Graveyard in various Villages of PS-10 [Ref#997],23,60,Approved,26.02.26,Jun-27,80.000,100.0,,2026-2027,
1568,LGDCS-PP-25-0057,1568,"Construction of Community Center at UC Saleh Muhamamd and Rehabilitaion of Road and providing / laying of paver blocks in PS-86, District Malir [Ref#365]",23,60,Approved,07.05.26,Jun-27,130.000,100.0,,2026-2027,
1569,LGDCS-PP-25-0058,1569,"Construction of Raees Hakim Ali Zardari Memorial Park Nawabshah Taluka Nawabshah, District Nawabshah [Ref#1020]",23,60,Approved,26.02.26,Jun-27,100.000,100.0,,2026-2027,
1570,LGDCS-PP-25-0059,1570,Rehabilitation & Renovation of Public Park at Garhi Khuda Bux Bhutto [Ref#1059],23,60,Approved,26.02.26,Jun-27,50.000,100.0,,2026-2027,
1571,LGDCS-PP-25-0061,1571,Solor Lights With Pole for Various Villages of Talka Sakrand & Talka Qazi Ahmed. [Ref#451],23,60,Approved,12.12.25,Jun-27,50.000,100.0,,2026-2027,
1572,LGDCS-PP-25-0063,1572,"Special Development, Ecological Protection and Community Recreational Initiative through Introduction of Eco-Friendly Vessels, Rehabilitation and Upgradation of the Indus Blind Dolphin and Freshwater Turtles Care & Conservation Center, along with Provision of Search & Rescue Vehicles for Protected Species and Strengthening of Ecological Restoration for Achievement of SDGs in",23,60,Approved,15.05.26,Jun-27,499.966,100.0,,2026-2027,
1573,LGDCS-PP-25-0071,1573,"Sukkur [Ref#454] Construction of Shaheed Zulfiqar Ali Bhutto Sports Park At Giddu Chowk, Latifabad",23,60,Approved,19.05.26,Jun-28,473.673,25.0,,2026-2027,
1574,LGDWS-PP-25-0091,1574,"Establishment/ Construction of Community Center in Different Union Committees in PS 111, District Kemari Karachi. [Ref#312]",23,60,Approved,26.09.25,Jun-27,70.000,100.0,,2026-2027,
1575,LGDWS-PP-25-0140,1575,"Providing / Fixing of Street Lights in Different UC'S of NA-237, TMC Chanesar, District (East) [Ref#938]",23,60,Approved,02.09.25,Jun-27,50.000,100.0,,2026-2027,
1576,LGDCP-PP-25-0001,1576,Installation of Streetlights /Solar Lights at various villages of UC Janooji of Taluka Saleh Pat.,23,60,Approved,04.05.26,N/A,19.260,100.0,,2026-2027,
1577,LGDHE-PP-25-0006,1577,"Development & Up-gradation of Shaheed Mohtarma Benazir Bhutto Wellness & Recreational Park, Sukkur, adjacent to SICVD (Sindh Institute of Cardiovascular Diseases) and opposite to SICHN (Sindh Institute of Child Health & Neonatology).",23,60,Approved,18.05.26,Jun-27,228.500,25.0,,2026-2027,
1578,LGDCS-PP-25-0009,1578,Construction of Graveyard (Jannat-e-Tayyaba at District Hyderabad.,23,60,Approved,03.11.25,Jun-27,252.206,25.0,,2026-2027,
1579,LGDWS-PP-25-0151,1579,Rehabilitation / Construction of Stadium along with Provision of Pedal Courts in Jinnah Municipal Stadium.,23,60,Approved,22.12.25,Jun-27,108.280,34.4,,2026-2027,
1580,LGDCS-PP-22-0974,1580,Providing / Installation of Solar lights of various villages of Taluka Shuja Abad,23,60,Approved,,Jun-27,50.000,100.0,,2026-2027,
1581,LGDCS-PP-22-0977,1581,Construction of Hindu Community Hall Kashmore,23,60,Approved,,Jun-27,50.000,20.0,,2026-2027,
1582,LGDCS-PP-25-0001,1582,Beautification of Nara Canal both bank side Taluka Rohri District Sukkur.,23,60,Approved,,Jun-27,700.000,85.7,,2026-2027,
1583,LGDCS-PP-25-0002,1583,Rehabilitation of Municipal Stadium Larkano,23,60,Approved,,Jun-27,100.000,10.0,,2026-2027,
1584,LGDCS-PP-25-0003,1584,Rehabilitation / Beautification of Larkano City Parks,23,60,Approved,,Jun-27,75.000,13.3,,2026-2027,
1585,LGDCS-PP-25-0006,1585,development of graveyards in Karachi,23,60,Approved,,Jun-27,400.000,50.0,,2026-2027,
1586,LGDCS-PP-25-0007,1586,"Development of hockey Ground in front of Ziauddin Hospital, Block B, North Nazimabad",23,60,Approved,,Jun-27,350.000,50.0,,2026-2027,
1587,LGDRS-PP-25-0038,1587,The installation of New Street lights and upgradation of infrastructure along major Roads,23,60,Approved,,Jun-28,994.260,25.0,,2026-2027,
1588,LGDCS-PP-25-0072,1588,"Rehabilitation of Quaid-e-Azam Park, Asifa Bhutto Park and Benazir Bhutto Park at Municipal Corporation Mirpurkhas",23,60,Approved,,Jun-27,137.870,25.0,,2026-2027,
1589,LGDCS-PP-26-0001,1589,"Construction of Sports Facilities including Badminton Court, Indoor Hall, Kids Play Area, Indoor Cricket, Syed Kumail Hyder Shah Sports Academy New Yard and Awami Community Center Multipurpose Indoor Games – MC Rohri",23,60,Approved,,Jun-28,100.000,25.0,,2026-2027,
1590,LGDCS-PP-26-0002,1590,Provision of Solar LED Lights Scheme in District Sukkur,23,60,Approved,,Jun-28,100.000,25.0,,2026-2027,
1591,LGDED-PP-25-0001,1591,Construction/Reconstruction/ Rehabilitation & Renovation of Existing Primary/ Middle Schools Rain/Flood Damaged District Council Area of Taluka Pano Akil & Sukkur [Ref#1103],23,61,Approved,27.01.26,Jun-27,175.000,100.0,,2026-2027,
1592,LGDED-PP-25-0002,1592,Construction/Reconstruction/ Rehabilitation & Renovation of Existing Primary/ Middle Schools Rain/Flood Damaged District Council Area of Taluka Rohri and Salehpat [Ref#1027],23,61,Approved,27.01.26,Jun-27,175.000,100.0,,2026-2027,
1593,LGDOT-PP-17-0207,1593,Procurement of Fire Brigade Vehicle for Town and Municipal Committees in Sindh (SDG # 15) (2nd Revision on 27.04.22) (4th Revisvision on 23.09.24),23,62,Approved,12.01.18,Jun-27,2506.280,98.1,,2026-2027,
1594,LGDOT-PP-17-0208,1594,Procurement of Refuse Trucks and Bins for Municipal Committees in Sindh (SDG # 15),23,62,Approved,08.12.17,Jun-27,895.668,56.7,,2026-2027,U/R
1595,LGDEV-PP-26-0001,1595,Modernization of Firebrigade Department KMC in Accordance with Recognized International Standards (EN/NFPA),23,62,Approved,,Jun-28,7690.720,50.0,,2026-2027,
1596,LGDHE-PP-11-0025,1596,"Rehabilitation of District Council Medical Dispensaries (13 Nos), Maternity Homes (09 Nos) and Construction/ Rehabilitation of Dispensaries (02 Nos) in District Khairpur (24 Units). (C: 89.681+R: 11.265) (SDG # 3)",23,63,Approved,17.04.12,Jun-27,100.946,88.8,,2026-2027,
1597,LGDHE-PP-11-0026,1597,"Rehabilitation of RHCs in various Talukas at Sobhodero, Kingri, Faiz Ganj & Thari Mirwah (04 Nos) (C: 261.993+R: 50.208) (SDG # 3) Construction of Government Dispensary at",23,63,Approved,17.04.12,Jun-27,312.201,83.9,,2026-2027,
1598,LGDHE-PP-12-0042,1598,Village (i) Qadir Bux Jalbani UC Machyoon Taluka and District Khairpur (ii) Hafeez Chandio Taluka Kingri District Khairpur (iii) Kumbai Metlo UC Pir Mangio Taluka and District Khairpur (iv) Pir Bux Metlo UC Morai Taluka and District Khairpur. (C: 18.000+R:,23,63,Approved,17.12.12,Jun-27,24.000,100.0,,2026-2027,
1599,LGDHE-PP-14-0063,1599,6.000) (SDG # 3) Construction of New Building of TB Hospital at Khairpur (C: 140.690+R: 18.439) (SDG # 3),23,63,Approved,18.02.15,Jun-27,159.129,100.0,,2026-2027,
1600,LGDHE-PP-14-0064,1600,"Construction of Heart Centre in Civil Hospital, Khairpur (SDG # 3) (Revised Date: 24-03-2025 Capital: 399.01 Revenue: 1255.11 Total Cost: 1654.11)",23,63,Approved,18.02.15,Jun-28,1654.113,24.7,,2026-2027,
1601,LGDHE-PP-14-0065,1601,"Construction of RHC at Village Pir Bux Shujra, Taluka Khanpur, District Shikarpur (SDG # 3) (Revised Date: 06-06-2022 Capital: 102.39 Revenue: 18.88 Total Cost: 121.27)",23,63,Approved,02.01.12,Jun-27,121.271,100.0,,2026-2027,
1602,LGDHE-PP-14-0066,1602,"Construction of 10 Bedded Hospital at Village Mazarjo, Taluka Khanpur, District Shikarpur (C: 52.775 + R: 7.225) (SDG # 3)",23,63,Approved,02.01.15,Jun-27,60.000,100.0,,2026-2027,
1603,LGDHE-PP-14-0067,1603,"Construction of 10 Bedded Hospital at Village Bacha Bund, Taluka Pithoro, District Umerkot (C: 52.760+R: 7.240) (SDG # 3)",23,63,Approved,15.05.15,Jun-27,60.000,100.0,,2026-2027,
1604,LGDHE-PP-14-0068,1604,"Construction of 10 Bedded Hospital at Village Ali Nawaz Shahani, Union Council Sohelo, Taluka Daur, District Shaheed Benazirabad (C:52.744+R:7.256) (SDG # 3)",23,63,Approved,15.05.15,Jun-27,60.000,100.0,,2026-2027,
1605,LGDHE-PP-14-0069,1605,"Construction of 10 Bedded Hospital at Village Khadim Hussain Zardari, Taluka Shahdadpur, District Sanghar. (C: 53.637+R: 6.363) (SDG # 3)",23,63,Approved,15.05.15,Jun-27,60.000,100.0,,2026-2027,
1606,LGDHE-PP-14-0070,1606,Up-gradation of BHU to RHC at Khawaja Goth Sultanabad District Tando Allahyar (C: 49.826+R: 5.876) (SDG # 3),23,63,Approved,04.02.15,Jun-27,55.702,100.0,,2026-2027,
1607,LGDHE-PP-14-0071,1607,"Construction of 10 Bedded Hospital at Village Ghohram Khan Chandio Taluka Tando Ghulam Hyder, District T.M. Khan. (C: 38.667+R: 4.655) (SDG # 3)",23,63,Approved,02.01.15,Jun-27,43.322,100.0,,2026-2027,
1608,LGDHE-PP-25-0001,1608,"Construction & Repair of Bagirji Hopsital, Taluka New Sukkur (C: 50.00) [Ref#1029]",23,63,Approved,10.09.25,Jun-27,50.000,100.0,,2026-2027,
1609,LGDHE-PP-25-0002,1609,"THQ Kandhkot Emergency Ward Remaining Works, Taluka Hospital Kandhkot, District Kashmore (C: 20.553 + R: 29.447) [Ref#819]",23,63,Approved,27.01.26,Jun-27,50.000,100.0,,2026-2027,
1610,LGDHE-PP-25-0003,1610,Construction New Block Taluka Hospital Rohri District Sukkur (C: 100.000) [Ref#1028],23,63,Approved,26.02.26,Jun-27,100.000,100.0,,2026-2027,
1611,LGDHE-PP-25-0004,1611,"Rehabilitation/ Renovation of Medical Dispensaries (07-units) in Taluka Dahli & Chachro i/c Rehabilitation/ Renovation of Residential Accommodation at THQ Hospital Kheme Jo Par, District Tharparkar (C: 50.00) [Ref#189]",23,63,Approved,04.03.26,Jun-27,50.000,100.0,,2026-2027,
1612,LGDHE-PP-25-0005,1612,"Provision of Additional facilities i.e OPD Block (Male, Female & Peads) and store for Medicines to Taluka Hospital Mirpur Bathoro (C: 44.679 + R: 18.728) [Ref#59]",23,63,Approved,26.02.26,Jun-27,63.407,100.0,,2026-2027,
1613,LGDHT-PP-14-0073,1613,"Development of Township in Major Urban Centers (50,000 120 Square Yard Plots with All Civic Services",23,64,Approved,13.01.15,Jun-27,9420.880,88.4,,2026-2027,
1614,LGDHT-PP-22-0984,1614,"Re-Settlement of affectees of Gujjar, Mehmoodabad & Orangi Nallahs, Karachi (Revised on 27.11.2024)",23,64,Approved,23.12.21,Jun-27,5360.342,34.9,,2026-2027,
1615,LGDHT-PP-22-4169,1615,Preparation of Greater Karachi Regional Plan- 2047,23,64,Approved,15.02.23,Jun-27,1933.658,41.4,,2026-2027,
1616,LGDHP-PP-23-0323,1616,"Rehabilitation / Improvement / Upgradation of Main Disposal P/Station Unit No: 09, LD-2 & LD-4 P/Station Taluka Latifabad District Hyderabad (Revised 24.11.2024) Reconstruction of Pump Room. 125 BHP",23,65,Approved,15.05.24,Jun-27,199.817,33.0,,2026-2027,
1617,LGDHP-PP-23-0324,1617,"Pumping Set & Providing laying jointing P.E Rising Main 24"" Dia from Main Disposal Unit No. 11 to S.S.T.P & 12"" dia P.E Rising main from Madina P/ST to PSO Petrol Pump Opposite Latif Niazi School Unit No: 11 Taluka Latifabad District Hyderabad (Revised",23,65,Approved,15.05.24,Jun-27,138.009,100.0,,2026-2027,
1618,LGDHP-PP-23-0325,1618,24.11.2024) Shifting of Hashmi Colony Pumping Station to Bilal Masjid Sump Well at Unit No: 04 Taluka Latifabad District Hyderabad (Revised 24.11.2024),23,65,Approved,15.05.24,Jun-27,178.904,32.7,,2026-2027,
1619,LGDHP-PP-23-0326,1619,Rehabilitation / Improvement Upgradation of Main Bazzar Pumping Station at Unit No: 02 Taluka Latifabad District Hyderabad. (Revised on 24.11.2024),23,65,Approved,15.05.24,Jun-27,49.272,100.0,,2026-2027,
1620,LGDHP-PP-23-0328,1620,Widening / Reconditioning of Dual Carriage Way Road from Baby Afza Park to Hyderabad Airport via Khuda Hafiz Chowk Taluka Latifabad District Hyderabad. (Revised on 27.11.2024),23,65,Approved,20.07.24,Jun-28,334.467,73.6,,2026-2027,
1621,LGDHP-PP-23-0329,1621,Widening / Reconditioning of Dual Carriage Way Road from A-Section Police Station to Sabz Ali Korai Chowk via Comprihensive Boys High School Taluka Latifabad District Hyderabad (Revised on 27.11.2024),23,65,Approved,19.07.23,Jun-28,272.757,77.8,,2026-2027,
1622,LGDHP-PP-23-0330,1622,"Reconditioning of Asphalt Concrete Road from Moosa Khatiyan City to Khatiyan Station Phatak via Village Jam Magsi, Abu Talib, Mureed Sipio, Khuda Bux, Taj Muhammad Junejo & Jan Muhammad Khaskheli Taluka Rral District Hyderabad. (Revised on 20.09.2024)",23,65,Approved,19.07.23,Jun-28,141.753,65.6,,2026-2027,
1623,LGDHP-PP-23-0331,1623,Reconditioning of Asphalt Concrete Road from Main Tando Fazal Road at Point Chutty jo Khoh to Tando Ghulam Muhammad via Tando Bhawal & Village Khair Muhammad Babbar Taluka Rural District Hyderabad. (Revised on 08.10.2024),23,65,Approved,19.07.23,Jun-27,154.778,100.0,,2026-2027,
1624,LGDIT-PP-22-4171,1624,"Implementation of Municipal Finance and Human Resources Management System (Development of Software with Infrastructure & Technical HR at Local Government Department, Govt. of Sindh",23,66,Approved,05.03.23,Jun-28,98.000,10.2,,2026-2027,
1625,LGDOT-PP-19-0317,1625,Rehabilitation & Completion of Remaining Civil Works of Cattle Colony at Sukkur (Revised Date: 05-05-2025 Capital: 296.75 Revenue: 54.48 Total Cost: 351.23),23,67,Approved,29.05.20,Jun-27,351.225,100.0,,2026-2027,
1626,LGDOT-PP-19-0318,1626,Rabies Control Program Sindh (Revised Date: 26-07-2023 Capital: 0.00 Revenue: 963.32 Total Cost: 963.32),23,67,Approved,02.12.20,Jun-27,963.316,69.4,,2026-2027,
1627,LGDRS-PP-13-0028,1627,"Hawksbay Elevated Freeway (11.5 Km), PC-II (SDG # 9)",23,68,Approved,09.05.14,Jun-27,35.100,27.9,,2026-2027,U/R
1628,LGDRS-PP-14-0054,1628,Construction/Reconditioning of Road Jacobabad-Thul Road to RQC Highway Mile 0/0-9/4 (15.29 Km) (SDG # 9),23,68,Approved,14.11.14,Jun-27,431.777,100.0,,2026-2027,U/R
1629,LGDRS-PP-17-0202,1629,Construction of Shaheed Mohtarma Benazir Bhutto Flyover including approach road and allied components (remaining / Balance Work) (Revised on 09.10.17) (SDG#9),23,68,Approved,23.12.16,Jun-28,445.870,36.1,,2026-2027,
1630,LGDRS-PP-19-0270,1630,Construction of Internal roads and CC flooring at Hijrat Colony UC-29 Karachi (4.26 Km),23,68,Approved,08.08.19,Jun-28,69.378,2.9,,2026-2027,
1631,LGDRS-PP-19-0271,1631,Construction of Main Roads Carperting With Curb Stone and Footpath in Defence View and all Surrounding connected areas of District East Karachi (4.30 Km),23,68,Approved,08.08.19,Jun-28,85.288,2.3,,2026-2027,
1632,LGDRS-PP-19-0272,1632,Construction of Ramps and At-Grade Works at Azeempura Malir-15,23,68,Approved,08.08.19,Jun-28,97.736,25.0,,2026-2027,
1633,LGDRS-PP-19-0273,1633,"Construction of Road Along with Footpath From Metrovill Post Office to Goal Building Metrovil Road Orangi Town Sector 4F, Karachi (2.44 Km)",23,68,Approved,08.08.19,Jun-28,75.806,2.6,,2026-2027,
1634,LGDRS-PP-19-0282,1634,"Reconstruction of Drainage System And Road From Ziauddin Hospital to Manzoor Pump at Shahrah-e-Ghalib Service Road and Surrounding Area, Karachi (2.44 Km)",23,68,Approved,08.08.19,Jun-28,74.518,2.7,,2026-2027,
1635,LGDRS-PP-19-0291,1635,"Improvement / Rehabilitation of Drainage System and Internal Roads, at Kashmir Colony, Akhtar Colony & Azam Basti Near Defence View Mehmood Abad. (3.81 Km)",23,68,Approved,08.08.19,Jun-28,91.918,2.2,,2026-2027,
1636,LGDRS-PP-19-0292,1636,Improvement/Rehabilitation of Internal Roads/Streets from Block-9 to 19 Gulshan-e- Iqbal Karachi. (1.89 Km),23,68,Approved,08.08.19,Jun-28,89.243,2.2,,2026-2027,
1637,LGDRS-PP-19-0293,1637,Improvement of road Karachi Administration Society (3.26 Km),23,68,Approved,08.08.19,Jun-28,69.618,2.9,,2026-2027,
1638,LGDRS-PP-19-0294,1638,"Improvement of Sewerage system including Road work in Chishty Nagar, Gulistan-e-Johar, District East, Karachi (2.89 Km)",23,68,Approved,08.08.19,Jun-28,79.020,2.5,,2026-2027,
1639,LGDRS-PP-19-0303,1639,"Establishment and Operation of Project Management Unit (PMU) (in the Local Government Department, Government of Sindh, for the execution of Malir Expressway Project, Karachi)",23,68,Approved,21.01.20,Jun-27,87.217,100.0,,2026-2027,
1640,LGDRS-PP-21-0848,1640,"Construction of road village Abdul Kareem Lashari, Construction of road village Mubarak Lashari, Construction of road village Muhammad Khan Katiyar, Construction of road village Mitho Lashari to Ragwah Mori, Construction of main road Ghulamullah to Dargah Dars Dad, Construction of road village",23,68,Approved,12.08.21,Jun-27,63.500,100.0,,2026-2027,
1641,LGDRS-PP-21-0857,1641,"Jharo Khan Lashari Construction of Bridge Over Malir Nadi near Goth Siddique Jokhio, UC Choohar, District Malir Karachi (Revised on 20-02-25)",23,68,Approved,21.04.22,Jun-27,626.124,100.0,,2026-2027,
1642,LGDRS-PP-21-0858,1642,"Construction of road Village Rawal Kandra, Construction of Road village Mubeen Jakhro, Construction of Road village Yasin Bhai, Construction of Road village Wadero Gul Muhammad Babro, Construction of Road village Gulsher Machi, Construction of Road village Haji Ahmed Khoso, Construction of Road village Rahim Charan, Construction of Road village Lakha Dino Lothiya, Construction of Road village Haji Mirbhar. Improvement of road village Walro repair, Improvement of road village Muhammad Khan Magsi repair,",23,68,Approved,08.12.21,Jun-27,77.857,38.4,,2026-2027,
1643,LGDRS-PP-22-0870,1643,"Improvement of road village Abdulullah Sodho repair (Phased out - ADP 2165 of 2022-23) Construction of Dual Carriage Way Ring Road (Auto Bhan) from, Hero Chowk to Hala Naka via Ghanghra Mori, i/c drain Nala's District Hyderbabad (Revised Date: 18-05-2026 Capital: 5870.06 Revenue: 0.00 Total Cost: 5870.06)",23,68,Approved,12.10.22,Jun-28,5870.061,63.8,,2026-2027,
1644,LGDRS-PP-22-0871,1644,Construction of Bridge and Re-Designing of Fly Over (Hyderabad-Mirpurkhas Road),23,68,Approved,26.10.22,Jun-27,1994.714,100.0,,2026-2027,
1645,LGDRS-PP-22-0883,1645,Construction & Rehabilitation alongwith Drainage System Foot Path Services Road Bara Board to Golimar interchange District West (Revised on 20.02.25),23,68,Approved,24.11.22,Jun-27,375.880,100.0,,2026-2027,U/R
1646,LGDRS-PP-22-0885,1646,"Construction of Link Road alongwith Nallah from RCD Highway Moach Goth to Hawksbay, Karachi",23,68,Approved,17.05.23,Jun-28,740.000,80.1,,2026-2027,
1647,LGDRS-PP-22-0886,1647,"Improvement / Construction / Rehabilitation of Road from Murtaza Chowrangi to Landhi Graveyard, Karachi",23,68,Approved,07.12.22,Jun-27,799.660,100.0,,2026-2027,U/R
1648,LGDRS-PP-22-0887,1648,"Construction / Rehabilitation of Road Korangi ""J-1"" Area main Road 13000 to Road 12000, Karachi",23,68,Approved,12.07.22,Jun-27,499.944,100.0,,2026-2027,U/R
1649,LGDRS-PP-22-0888,1649,"Construction of Sea Wall including Road from Dolman Mall to China Port, Clifton, Karachi Construction of road from Ghous pur BS feeder",23,68,Approved,22.05.23,Jun-28,1430.000,33.8,,2026-2027,
1650,LGDRS-PP-22-0892,1650,bridge to Makwani road via Sohri bund upto Mulaa Lakhan Bhayo & Shahmir Bhayo internal road of Town Committee Ghouspur ward No. 6 and village Raees Muhammad Hayat Ogahi to Sheval Landhi upto village Buxo Ogahi Construction of road from House of Hassan Golo to main road Kandhkot via Fakhar,23,68,Approved,06.02.23,Jun-27,119.970,100.0,,2026-2027,
1651,LGDRS-PP-22-0893,1651,"Nasirani, Mangi Muhallah upto C.1 Centre Indus Highway to village Huzoor Bux Golo upto Sardar Taj Muhammad Mahmamdani, to Faqeer Muhammad Khoso upto PPL link road to village Jahangir Sanwand upto Indus Highway to village Ghulam Sarwar Golo via Qalandarabad upto Habit link road Khahi Minor to village Soobo Faqeer Sundrani upto Bahu Picket Tangwani road to House of Rahib Sohryani upto Chachar Gas Field road to village Muhammad Sharif Chachar upto Khahi",23,68,Approved,06.02.23,Jun-27,109.903,100.0,,2026-2027,
1652,LGDRS-PP-22-0952,1652,Pul to Allah Dino Bhangwar and road village Kalu Khan Bhayo Dualization of road 15 Check post G.T. Road to War Mubarak Taluka Rohri,23,68,Approved,12.12.22,Jun-27,80.000,100.0,,2026-2027,U/R
1653,LGDRS-PP-22-0953,1653,"Construction of road Sujawal Bathoro road to Sheerazi village, Construction of road village Hassan Sain Dad Magsi, Construction of road Village Ibrahim Lund, Construction of road village Chanhiyo Stop, Construction of road village Mir Khair Muhammad Zaur Abral Road, Construction of road village Gul Muhammad Bhatti, Construction of road village Haji Misri Lund village, Construction of road village Abdul Rasheed Palejo, Improvement of road Dar Malook Shah, Improvement of road village Saleh Muhammad Abro, Improvement of road Daro Bathoro road",23,68,Approved,15.02.22,Jun-27,151.797,83.5,,2026-2027,
1654,LGDWS-PP-23-0179,1654,"to village Raees Shahnawaz Leghari, Improvement of road village Haji Papan Shaikh (Phased out - ADP No. 2230 of 2024-25) Lyari - Gujjar Nala Connectivity (Revised Date: 19-05-2025 Capital: 2554.43 Revenue: 0.00 Total Cost: 2554.43)",23,68,Approved,09.09.24,Jun-27,2554.431,100.0,,2026-2027,
1655,LGDRS-PP-23-0182,1655,"Construction / Reconstruction of roads of Mansehra colony, Sharafi District Malir Karachi (Revised on 25.07.24)",23,68,Approved,17.05.23,Jun-28,236.588,61.1,,2026-2027,
1656,LGDRS-PP-23-0183,1656,"Construction of various Roads Asphalt, Street Paver and Footpaths etc. in Sukkur (Revised Date: 26-05-2025 Capital: 480.08 Revenue: 0.00 Total Cost: 480.08)",23,68,Approved,17.05.23,Jun-27,480.080,100.0,,2026-2027,
1657,LGDRS-PP-23-0185,1657,Construction / Improvement of asphalt road from Alamdar Chowk to Hyderabad Jamshoro Road via Bhittai Chowk and filter plant Bhittai Nagar (dual carriage way) (Revised on 12.11.24),23,68,Approved,26.02.24,Jun-27,544.327,84.5,,2026-2027,
1658,LGDRS-PP-23-0186,1658,Various Roads in Taluka Golarchi (Shaheed Fazil Rahu) (Revised on 16.12.24),23,68,Approved,27.07.23,Jun-27,339.068,76.6,,2026-2027,
1659,LGDRS-PP-23-0187,1659,Various Roads Taluka Badin (Revised on 16.12.24),23,68,Approved,27.07.23,Jun-28,259.750,62.7,,2026-2027,
1660,LGDRS-PP-23-0188,1660,Various Roads in Taluka Tando Bago (Revised on 18.02.25),23,68,Approved,27.07.23,Jun-27,90.093,100.0,,2026-2027,
1661,LGDRS-PP-23-0189,1661,"Construction of small roads of taluka Badin, Tano Bago, Matli and Shaheed Fazil Rahu District Badin (Revised on 16.12.24) Improvement of road from Qazia Wah",23,68,Approved,27.07.23,Jun-28,243.100,54.3,,2026-2027,
1662,LGDRS-PP-23-0191,1662,Regulator to Village Reban (ii) Construction of road from Haji Mattaro Umrani to Jamal Umrani (iii) Construction of road from Parto Arrisar to Village Khair Muhammad Chandio (iv) Construction of road from Peeru shah Trail road to Umer Chandio / Khan Muhammad Chandio & Village Manthar Umrani. (Revised on 13.12.24),23,68,Approved,08.03.24,Jun-27,163.020,100.0,,2026-2027,
1663,LGDRS-PP-23-0192,1663,Construction of road from Peeru Gharo road @ point Mir Wah to Village Ali Qasim Chandio Via Lakha Dino Solangi (ii) Improvement / Construction of road from Abu Shakha to Javed Chang Lala Chang & Haji Murad Chang. (Revised on 13.12.24),23,68,Approved,22.02.24,Jun-27,170.050,100.0,,2026-2027,
1664,LGDRS-PP-23-0202,1664,"Construction of road from Haji Sawan Rajo Khanani at Bheel Stop Oil field road to village Gullo Junejo, Jumman Junejo, Gelpur Deh Khudhi Taluka Matli Road",23,68,Approved,21.07.23,Jun-27,99.920,100.0,,2026-2027,
1665,LGDRS-PP-23-0205,1665,(i) Construction of road from Kario Ganhwar Bagh Ali Mehari road to village Hamzo Rind via village Shafi Muhammad Ghuman and other villages (ii) Construction of road @ point Khorwah chowk to village Darya Khan Jamali UC Khorwah Chowk,23,68,Approved,21.07.23,Jun-27,107.000,100.0,,2026-2027,
1666,LGDRS-PP-23-0206,1666,"(i) Construction of road from Shaheed Fazal Rahu Badin @ point Ali Abad Sim Nala to village Usman Jatoi via village Sharif Pathan, Akbar Pathan, Aslam Arain , Ghulsar Rind Mohbat Jatoi and Shafi Rind (ii) Construction of road from Ghulam Hussain Perhyar Haji Amir Shah Sim Nala from @ point Chakar Jamali Mor to village Ghulam Nabi Mosepoto via Bachal Mosepoto, Jumo Mosepto & others.",23,68,Approved,27.07.23,Jun-28,184.660,81.3,,2026-2027,
1667,LGDRS-PP-23-0208,1667,(Revised on 18.02.25) Construction of Various Roads Taluka Tando Bago (Revised on 16.12.24),23,68,Approved,25.03.24,Jun-28,521.980,64.2,,2026-2027,
1668,LGDRS-PP-23-0209,1668,Construction of Various Roads Taluka Badin (Revised on 16.12.24) Construction / Reconditioning of road from,23,68,Approved,27.07.23,Jun-28,345.866,62.9,,2026-2027,
1669,LGDRS-PP-23-0211,1669,Dari to village Din Muhammad Khoso. Construction / Reconditioning of road from Kamangar Sojhro Mirwani road to village Ali Khan Bughio. Construction / Reconditioning of road from Hasil Khoso to Saeindad Gogani village. Construction / Reconditioning of road from I.H.Way to village Pipri,23,68,Approved,18.03.24,Jun-27,99.997,100.0,,2026-2027,
1670,LGDRS-PP-23-0212,1670,"Construction / Reconditioning of road from Mehar Faridabad road to Mehar Mangwani road. Laying of Paver block and Drain at Mehar City Rafique Mahesar Town Benazir Colony, Gahi Mahesar, Dawood Mahesar, Qazi Arif, Loung Mahesar Poracho pipri Hasil Khoso Saeindad Gogani, Khad Jo Goth, Wahdat",23,68,Approved,18.03.24,Jun-27,99.997,100.0,,2026-2027,
1671,LGDRS-PP-23-0213,1671,"Colony. construction of road from Yousif Naich johi Barrage stop to Ali Akbar Shah Bridge along johi Barrage PAth, Mile 0-0/4-5",23,68,Approved,05.03.24,Jun-27,99.881,100.0,,2026-2027,
1672,LGDRS-PP-23-0214,1672,construction / Reconditioning of road from sanwal Arwal road to village Murad Ghalu Connecting to Gul hassan Chandio Village Mile 0-0/1/6. Reconditioning of road from Andryan Tragga road to Master Abdullah Chandio Village connecting to Qaim din Chandio Village mile 0-0/2-4,23,68,Approved,05.03.24,Jun-27,100.000,100.0,,2026-2027,
1673,LGDRS-PP-23-0215,1673,Reconditioningof Road from Gozo to Baid I.H Way to Qurban Bhurgari Vilalge i/c Nagan Loolja & dost Muhammad Bhurgri village Mile 0/0-5/0 Construction of road Rice Canal Bridge at,23,68,Approved,05.03.24,Jun-27,99.999,100.0,,2026-2027,
1674,LGDRS-PP-23-0216,1674,"Sindh Butra to mumtaz Qambrani house Mile 0/0-0/3 i/c R//Wall, Laying of Paver vlock & Surface Drain at various Union council and various villages of taluka K.N Shah, Fatehpur chord Qumb Gozo Parya Thalho, Rahuja, dhani Bux Bughio, Kandi Chukhi, Burria, Gadehi, Sindhi Burtra Borriri, Chandan, Mitho Babar, Kakar",23,68,Approved,05.03.24,Jun-27,100.000,100.0,,2026-2027,
1675,LGDRS-PP-23-0217,1675,"Reconditioning of road from Radhan Village of Mehar nao goth road. Laying of Paver Block, CC Block & Surface Drain at various union Councils and various villages of Taluka Mehar, Sojro Gorar, Litan Poracho, Faridabad, Charo, Saeedpur, Khan jo Goth, Qazi Arif, Gahi Mahesar, Village Dubi Mirza Shah & Mehar",23,68,Approved,18.03.24,Jun-27,99.961,100.0,,2026-2027,
1676,LGDRS-PP-23-0218,1676,"City, UC Baledai Recondition of road from Meena Mori to village Noorpur / Gihlpur via Meena village and other village Reconstruction of road Phulji Byepass road to Purano Dero",23,68,Approved,05.03.24,Jun-27,100.000,100.0,,2026-2027,
1677,LGDRS-PP-23-0219,1677,Construction and improvement of prestressed bridge with road from village Qaim Kharal to village Deen Muhammad Solangi,23,68,Approved,05.03.24,Jun-27,100.000,100.0,,2026-2027,
1678,LGDRS-PP-23-0220,1678,Reconditioning of road Mehar to Village Ghari. Reconditioning of road from I.H. Way (Kolachi Stop) to Thalho Via Raham Ali Khoso & Gahi Khan jJanwery (In portion),23,68,Approved,18.03.24,Jun-27,99.997,100.0,,2026-2027,
1679,LGDRS-PP-23-0221,1679,Reconditioning of road from I.H. Way to village Buxial Khan Dahar. Reconditioning of road from Mehar Faridabad road to village Qadir Bux Depar. Reconditioning of road from Shah Panjo to Perozshah road.,23,68,Approved,18.03.24,Jun-27,99.993,100.0,,2026-2027,
1680,LGDRS-PP-23-0223,1680,Construction of Asphalt concrete road from Main Moosa Shoro road to Kathar road along Phuleli canal (5.0 KMs) PS-64 Taluka Latifabad Hyderababad (Revised on 13.12.24),23,68,Approved,19.07.23,Jun-28,290.468,74.1,,2026-2027,
1681,LGDRS-PP-23-0225,1681,"Construction of Asphalt Concrete Road from Lined Channal to New Hyderabad City Road PS-67, Taluka City District Hyderabad (Revised on 20.09.24)",23,68,Approved,19.07.23,Jun-27,125.576,100.0,,2026-2027,
1682,LGDRS-PP-23-0226,1682,Improvement of Various Asphalt concrete Road in PS-67 Taluka City District Hyderabad (Revised on 22.08.24) Village Ibrahim Shah Bukhari to Villaga,23,68,Approved,19.07.23,Jun-27,172.834,100.0,,2026-2027,
1683,LGDRS-PP-23-0228,1683,"Rarahimdad Jakhro, Village Ibrahim Horai, Village Muhammad Soomar Halo, Lakho Bhambhro to Ramzan Hejab, Village Hafiz Muhammad Channa, Meher Village to Molvi Qadir Bux Kehar, Village Noor Muhammad Hadyo & Qasim Sathiyo, Village Imam Dino Sheerazi,",23,68,Approved,03.04.24,Jun-27,100.000,100.0,,2026-2027,
1684,LGDRS-PP-23-0229,1684,"Village Adam Bhambhro to Village Noor Muhammad Hejab, Village Aziz Burfat Thatta, Village Latif Samejo Bhurara, Village Allu Barch , NHW Thatta road to Shaikh Ismail Village Qasim Tandio to village Allah Bux lashari , Village Haji Muhammad Usman Shoro Dumani , Village Molvi Muhammad Ibrahim, Village Kahiya Road, Village Imam Bux Shodo Dumani Thatta, Village Arbab Muhammad Khan Samoon",23,68,Approved,03.04.24,Jun-27,120.000,100.0,,2026-2027,
1685,LGDRS-PP-23-0230,1685,"Village Haji Hussain Walhari, Village NHW Thatta Road to Sada Bahar via Dingo jakro via Umeed Ali Magsi, Village Mehram Khaskheli, Gulmanda to Ali Asghar Shah, Village Abdullah Kehar, Village K.B Federal Onger Road to Village Arbab Obhayo Babar, NHW Hyderabad Road to Haji Sakhani Babar, NHW Thatta Dadori to Village Roshan Ali Patni, Village Rahwat Magsi, Village Allah bux lashari Village Ali Muhammad Rind, Village Amir Bux Baloch Dabechi,",23,68,Approved,03.04.24,Jun-27,110.000,100.0,,2026-2027,
1686,LGDRS-PP-23-0231,1686,"Village Ghaffar Khaskheli, Village Muhammad Ali Gabar, Village Qaim Shoro, Viillage Nim khoso. GBPS Village Umar Shodo UC Dumani Thatta, Imam Bux Shodo Thatta, Muhammad Ali Katiar Ghorabari, Muhammad Ali Katiar UC Jaradari Ghorabari, Arab Khaskheli Makli, Hashim Taro Sonda, Mehrab Solangi Sonda, Bachal Jamari Makli, Ghulma Hussain Pitafi Sakro, Abdul Hameed Jamari Simki Sakro, Abdul Hakeem Khishk Ghorabari, Anwar Palari Ghulamullah Sakro, Jumu Mirbahar Gullel Ghorabari, Ramzan Shoro Kalakot Thatta, Bilawal Khaskheli Ketibandar, Suleman Burrio Ketibandar, Sajan Kahiyo Sakro, Chatto Kahiyo Ghulamullah Sakro, Nabi Bux Pitafi Chobandi Sakro, Uris Kehar Ghorabari, Abdullah Kehar Ghorabari, Allah Dino Khaskheli Chilliya Thatta, Umar Chandio Karampur Sakro, Muhammad Hanif Lashari",23,68,Approved,03.04.24,Jun-27,50.000,100.0,,2026-2027,
1687,LGDRS-PP-23-0232,1687,"Ghorabai, GBPS & GGPS Village Abdul Qadir Lashari MP Sakro, Hanif Lashari Ghoabari, Haji Ghulam Muhammad Jakhro Chilliya Thatta. Repair of roads of various areas of PS-76 District Sujawal (Revised on 13.12.24) Construction / Improvement roads Daro Banu",23,68,Approved,30.04.24,Jun-28,157.800,58.7,,2026-2027,
1688,LGDRS-PP-23-0233,1688,"Road to Village Ali Nawaz Magsi, Villge Gul Muhammad Bhatti to Jamali to Shah Wah, Amra Stop to Mitio Gujjo Sujawal, Village Hussain Dars, Village Mola Bux Detho to Village Achar Chang, Village Nazir Kehar, Village Arif Khati, Village Allah Rakhio Mallah",23,68,Approved,29.02.24,Jun-27,70.000,100.0,,2026-2027,
1689,LGDRS-PP-23-0234,1689,"Construction / Improvement roads Village Sultan Magsi, Village Shafi Magsi, Village Raees Amanullah Khan, Jar Road to Village Adam Dal, Daro to Village Haji Allah Wasayo via Village Muhammad Soomar Memon, Village Muhammad Shareef khor, Sujawal Bathoro Road to Village Qasim Soomro to Village Baboo Memon, Near Village Panjari Wazeer Khado, Sim Naala Jumma mari, Village Juman Otho",23,68,Approved,29.02.24,Jun-27,100.000,100.0,,2026-2027,
1690,LGDRS-PP-23-0235,1690,"Construction / Improvement roads Bathoro Kharwah Road to Ali Muhammad Kotai Via Memonki, Village mangi Ladho Chaniyan, Village Sain Dad Magsi, Daro to Village Basar Amro, Village Gohram Kharik to Bagaro, Bathoro Khorwah Road to Village Allah Dito Arain, Village Master Saleh Mallah, Village Soomar Rahoo, Village Zahoor Rakhal",23,68,Approved,29.02.24,Jun-27,80.000,100.0,,2026-2027,
1691,LGDRS-PP-23-0236,1691,"Construction / Improvement roads Village Pir Haji Allah Dino Shah to Road Dali Dal, Jhoke shareef Main Road to Village Jumu Narejo- Jumu Mughal, Mehmooda Dar Malook Shah- Qasim Vukero via Nisar Khaskheli, Village Hajan Zangejo, Bathoro Abral Road to Village Behram Chandio Bathoro, Village Hassan Shah Road, Village Munawar Karolai",23,68,Approved,29.02.24,Jun-27,100.000,100.0,,2026-2027,
1692,LGDRS-PP-23-0237,1692,"Construction / Improvement roads Khan Bahadur Uris Khaskheli Daro via mehmood Jakhro, Village Khan Muhammad Chandio via From Abral Road, Pir Qasim Dargha to Village Qadir Bux Dars, Village Mamoon Parehar to Bakhu Parehar, Village Mirza khan Chandio Deh Ubrando-Ali Bahar wah to Village Hazar Khan Chandio, Abral Dars to Khaki Dars, sujawal Bathoro Road to Village Basrio Khan Laghari via Haji Suleman othar, Sujawal Badin Link Road Village Qasim Ali Shah",23,68,Approved,29.02.24,Jun-27,150.000,100.0,,2026-2027,
1693,LGDRS-PP-23-0238,1693,"Construction / Improvement roads Village Altaf Magsi, Village mir Muhammad Laghari, Jar Road to Ali Nawaz Ramzan Chajndani, Village UsmanAmro, Belo Daro Road to Village Rahim Charan, Village Amb Sodo, Village Hussain Machi Choti, Rani Village Baboo Manajo, Bridge Near Village Panjari Wazeer Khado, Bridge Sim Naali Jumma Mari, Bridge Village Jumon Otho, Village Salar Samejo to Kharo Kapai, Village Mashooque Joyo",23,68,Approved,29.02.24,Jun-27,100.000,100.0,,2026-2027,
1694,LGDRS-PP-23-0239,1694,"Construction / Improvement roads Badin Sujawal Road to Shah Nasar via Farooq Amin Qureshi Sujawal, Sujawal Jati Road to Aijaz Khan Jatoi, Bachando Gehrano to Suleman Parheri Sujawal, Belo Village Basar Charan to Ali Morai, Village Gul Hassan Lashari, Jaar Road to Village Golu Khan Zaur, Village Aijaz Laghari to Lakha Dino Lothio via Vikyo Lothio, Village Shahnawaz Lashari to Village Haji Allah Wasauo Shoro via Nim Tetri, Sujawal Borano Banglow to Chairman Ramoon Parai via Mehar Parai",23,68,Approved,29.02.24,Jun-27,120.000,100.0,,2026-2027,
1695,LGDRS-PP-23-0240,1695,"Construction / Improvement roads Village Pir Age Dino Shah, Village Noor Hassan Oplanu Shahbandar, Village Muhammad Anwar Soomro, Village Mirza Mori to Ayoob Jamali, Village Allah Dad solangi, Ali Bahar to Village Alam Lashari-Chandan Lashari & Ladiya, Village Edu Pinyaro, Village Wadero Wikyo Magsi, Village Muhammad Ali Qazi, Kot Alam to Village dodo Jakhro, Village Liyar Shoro, Village Haji Imam dino chandio to Village Wahid Dino Shaikh",23,68,Approved,29.02.24,Jun-27,100.000,100.0,,2026-2027,
1696,LGDRS-PP-23-0241,1696,"Construction / Improvement roads Juman jaro to Usman Machi, Village Noor Muhammad Parheri, Village khamiso Mallah UC Shakapur Deh Loyo Jajti shop mehran Form, Jati Ladiyoon Road to Jaffar Dohar, Chuhar Ladiyoon Village achu Magsi via Village Muhammad Shah Miskin, Village Juman Otho",23,68,Approved,29.02.24,Jun-27,130.000,100.0,,2026-2027,
1697,LGDRS-PP-23-0242,1697,Construction of road from Nawra road to village Sohrab Sheerwani village via Naich and Nabi Bux Brohi District Jacobabad,23,68,Approved,30.04.24,Jun-27,50.000,100.0,,2026-2027,
1698,LGDRS-PP-23-0243,1698,"Reconditioning of road from Punhoon Bhatti to Lal Shah Barri via Muhammad Usman Dahani / Syed Alam Shah / Abdul Kareem Nechari / Baig Muhammad Dahani, District Jacobabad",23,68,Approved,30.04.24,Jun-27,150.000,100.0,,2026-2027,
1699,LGDRS-PP-23-0244,1699,"Reconstruction of Road, 01 from Guddu Road via Village Shabir Ahmed upto Village Ghulam Hussain Mazari & Lali Khan Mazari, Maloo Khan mazari, 02. Reconstruction of Road remaining portion of Khair Shah road, 03. Reconstruction of road from Indus highway upto Shahi Waah.",23,68,Approved,05.03.24,Jun-27,100.000,100.0,,2026-2027,
1700,LGDRS-PP-23-0245,1700,"01. Reconstruction of Road from Manghar Phatic upto shahi Saah, 02. Reconstruction of Road Village Malik Laaro, 03. Reconstruction of Road from Indus highway upto Adv Abdul Rauf.",23,68,Approved,05.03.24,Jun-27,100.000,100.0,,2026-2027,
1701,LGDRS-PP-23-0246,1701,"Construction of Road, 01. From Shakh road upto Elsi Road, 02. Vilalge Shukark muhammad Jakhrani, 03. Village hair Din upto new road, 04 fromGuddu road via Village Wadera Ali Gohar Khan Mazari upto Old Shahi Waah",23,68,Approved,05.03.24,Jun-27,100.000,100.0,,2026-2027,
1702,LGDRS-PP-23-0247,1702,"Construction of road, 01. Village Jam Khan Golato, 02. Village Mir Ghous Bux Khan Wazirani Domki, 03. Village Afzal Khan & Muqdim Khan Domki, 04. Village Abdul Rehman Waghur, 05. Village BAkhal Ali Khan Jakhrani Uc-Kumb",23,68,Approved,05.03.24,Jun-27,100.000,100.0,,2026-2027,
1703,LGDRS-PP-23-0248,1703,"01. Reconstruction of Road Village Abdul Bari Khoso, 02. Reconstruction of Road Village Mir Zulfiqar Khan Wazirani, 03. Reconstruction of road Village Dakhan School",23,68,Approved,05.03.24,Jun-27,100.000,100.0,,2026-2027,
1704,LGDRS-PP-23-0249,1704,Reconstruction of Paver asphalt road (18 feet width) from Guddu-Kashmore road via Village Meharullah malik upto murad waah Town Committee Kashmore (Length) 04 Km,23,68,Approved,05.03.24,Jun-27,100.000,100.0,,2026-2027,
1705,LGDRS-PP-23-0250,1705,Reconstruction of Paver asphalt road (24 feet sidth) from Indus Highway via Eidgah along Murad Waah upto murad Waah Drainage Scheme (Phase-l),23,68,Approved,05.03.24,Jun-27,100.000,100.0,,2026-2027,
1706,LGDRS-PP-23-0251,1706,"Reconstruction of paver asphalt road (24 feet width) from Murad waah drainage Scheme upto Indus Highway (Phase-ll) Reconstruction of Road from, 01. Sui-",23,68,Approved,05.03.24,Jun-27,100.000,100.0,,2026-2027,
1707,LGDRS-PP-23-0252,1707,"Linepurani road upto Village Waryo Machhi, 02. From Murad Waah upto B.S Feeder, 03. Construction of road from chandool road upto Village Wadera Shaban Khan Mazari, 04. Construction of Road village Barkat Lanjwani & Village Rais Kando Khan Lanjwani",23,68,Approved,05.03.24,Jun-27,100.000,100.0,,2026-2027,
1708,LGDRS-PP-23-0253,1708,"Construction of road, 01. Village Rais Wahid Bux Chachar, 02. Village Rais Bahadur Chachar, 03. Village Naich, 04. Village Banho khan Lashari, 05. Village Haji Gahlani Mazari, 06. Eidgah Muhallah & Kalwar Mohallah Kashmore",23,68,Approved,05.03.24,Jun-27,100.000,100.0,,2026-2027,
1709,LGDRS-PP-23-0254,1709,"Construction of Metal Road from Saiful Road to Village Bhar, Khan Suhyrani UC Wakro via Kandhkot minor to village Shah Dino Suhryani from Indus Highway to Village. Muhammad Bux Bangwar UC Akhero via khair Shah Road to Village Chaman Khan Bangwar UC Akhero from Indus highway Road to Village Noor Khan Bangwar UC Akhero via Highway Road to Village Noor Khan Bangwar UC Akhero via BS Feeder RD 169 to Village Malhar Khan Golo, UC Akhero from PPI road to Village Syed Reham Ali Shah near BS Feeder UC Malheer via BS Feeder to RD 151 to Villlage Haji Haibat Khan Golo UC Zorgarh from",23,68,Approved,29.02.24,Jun-28,99.967,68.9,,2026-2027,
1710,LGDRS-PP-23-0255,1710,"Bypass CIA Centre to Village Fiaz Muhammad Khan Mehamdani via Sangi Bridge to Haji Mubarak Soomro UC Badani Reconditioning of road from Bhore-ja -Bhan to Garello Arthur Regulator via Badeh, Ghujar (I/c M. Structure ) (26.0 KMs)",23,68,Approved,22.02.24,Jun-27,189.799,100.0,,2026-2027,
1711,LGDRS-PP-23-0256,1711,Construction of road from Shaheed Mohtarma Benazir Bhutto Medical University (Arija) village Muhammad Ayoub Seharo and Jhundo Seharo village (5.0 KMs) 1) Construction / Reconditioning of road from,23,68,Approved,22.02.24,Jun-27,54.877,100.0,,2026-2027,
1712,LGDRS-PP-23-0258,1712,Mehrabpur road to Ahsan Wahan village to Mundar Shakh (3.40 KMs) i/c -M/S (2) Construction / Reconstruction of road from Mehrabpur road to Bakhudero and Approaches Jatoi Houses (2.60 KMs) (3) Reconditioning of road from Larkana Khairpur road Hatri Ghulam,23,68,Approved,22.02.24,Jun-27,148.899,100.0,,2026-2027,
1713,LGDRS-PP-23-0259,1713,"Shah 4.0 KMs Reconditioning of road from Karani road to Buttra, Fateh Muhammad Kesar Tatri Regulator Taluka Dokri",23,68,Approved,22.02.24,Jun-27,49.852,100.0,,2026-2027,
1714,LGDRS-PP-23-0260,1714,Constuction of Pedestrian Bridge between Dadu Canal Hakim Sandelo Village. (260 Rft) Redestrian bridge over Dadu Canal @ Hakim Sandelo i/c M. Structure. (1) Reconditioning of road from Airport Road to Village Habib Bughio (Revised on 22.08.24),23,68,Approved,22.02.24,Jun-28,199.704,78.2,,2026-2027,
1715,LGDRS-PP-23-0261,1715,"Construction / Rehabilitation of road from ADP road to Village Qasir Brohi, Abdul Rehman Shaikh via jumo Langah upto Mirwah & Pandhi golo (M/S). Rehabilitation road from Larkana Ratodero road to Village Ghari Baqa Rehabilitation road from Dhamrah Kehar to Village Ali Sher Khokhar",23,68,Approved,22.02.24,Jun-27,99.587,100.0,,2026-2027,
1716,LGDRS-PP-23-0262,1716,Construction / Rehabilitation of road from Mian Lal to Village Amir khan Mugheri up to Sim Drain. construction of Road from sim Drain to khan Muhammad jinjhin. Construction of Road from Larkana Ratodero road to Village illahi Bux Gopang. Construction of Road from Naich Road to Mohram Mari & Mahi Khan,23,68,Approved,22.02.24,Jun-27,99.508,100.0,,2026-2027,
1717,LGDRS-PP-23-0263,1717,"Chandio Reconditioning of Road from l) Rahimabad Thul road to Redhu, 2) Mian-jo-Goth Zarkhail road to Garhi Syed Road",23,68,Approved,18.03.24,Jun-27,99.975,100.0,,2026-2027,
1718,LGDRS-PP-23-0264,1718,Reconditioning of road from Sultankot road to Zarkhail road,23,68,Approved,24.05.24,Jun-27,99.975,100.0,,2026-2027,
1719,LGDRS-PP-23-0265,1719,"Construction / Improvement of road in various villages of UC Turk Alli Mari, and UC Khan Taluka Hussain Bux Mari, District Mirpurkhas (Revised on 09.12.24)",23,68,Approved,21.07.23,Jun-28,219.519,76.9,,2026-2027,
1720,LGDRS-PP-23-0267,1720,"Construction / Improvement of roads in various villages of UC Pir Azem Shah, UC Ahmed Bux Narijo and UC Old Mirpur, Taluka Hussain Bux Mari, District Mirpurkhas (Revised on 20.09.24)",23,68,Approved,21.07.23,Jun-27,186.495,100.0,,2026-2027,
1721,LGDRS-PP-23-0268,1721,"Construction of Road, Various Villages Taluka Hussain Bux Mari, Sindhri & Shujaabad Length 3.5 Kilometer (Revised on 13.12.24)",23,68,Approved,21.07.23,Jun-27,103.253,100.0,,2026-2027,
1722,LGDRS-PP-23-0269,1722,Construction of Various Roads in Taluka Diplo (Revised on 03.02.25),23,68,Approved,27.07.23,Jun-28,399.720,65.8,,2026-2027,
1723,LGDRS-PP-23-0270,1723,Construction of Various Roads Taluka Kaloi (Revised on 03.02.25),23,68,Approved,27.07.23,Jun-28,300.820,40.1,,2026-2027,
1724,LGDRS-PP-23-0271,1724,Construction of Various Roads Taluka Mithi (Revised on 16.12.24),23,68,Approved,27.07.23,Jun-28,281.556,58.7,,2026-2027,
1725,LGDRS-PP-23-0272,1725,Construction & Recondition of Road Baiji to Erazi Road Taluka Pano Akil (Revised on 20.09.24),23,68,Approved,19.07.23,Jun-27,160.059,100.0,,2026-2027,
1726,LGDRS-PP-23-0273,1726,"Recondition of Road from Salhani Cantt road to Village Kamal Khan inhar via Long Qazi, Faqeer Goth Village Mia muhammad Salih Indhar & Village Shaho Indhar & various Villages Link Roads (Revised on 20.09.24)",23,68,Approved,19.07.23,Jun-27,165.517,100.0,,2026-2027,
1727,LGDRS-PP-23-0274,1727,Recondition of Road sultanpur dhandhi Road to Jalal Goth Stop to Village Misri Indhar & Rustam Indhar via Jalal goth & Wazeer Malano (Revised on 20.09.24),23,68,Approved,19.07.23,Jun-27,162.507,100.0,,2026-2027,
1728,LGDRS-PP-23-0275,1728,Recondition of Road Sultanpur to Salih Mahar Via Village Rooja & Chechro (Revised on 20.09.24),23,68,Approved,19.07.23,Jun-27,161.092,100.0,,2026-2027,
1729,LGDRS-PP-23-0276,1729,A. Recondition of Road to Village Dur Muhammad Thaheem to Village Yaqoob Idhar B.. Ghurio Phatk to Salihani Cantt Road via Sabal Dharjo (Revised on 20.09.24),23,68,Approved,19.07.23,Jun-27,160.128,100.0,,2026-2027,
1730,LGDRS-PP-23-0277,1730,"(a) Repair from Nauabad Jam Nawaz Ali Road to Mari Minor via Village Haji Tharoo Bhanbhro, Sahib Khan Junejo, Cadet College Jam Nawaz Ali, other Villages (b) Repair from Sanghar Mirpurkhas road to Village Gulan Bhanbhro (Revised on 08.10.24)",23,68,Approved,21.07.23,Jun-27,105.821,100.0,,2026-2027,
1731,LGDRS-PP-23-0278,1731,"Repair from dalore to Mangrari mori via Kakopir, Bagho Khan Buzdar, Dhani Parto Babur, Kalu Khan Punjabi & Ibrahim Qureshi, Ali Gul Khaskheli Dalor Shakh Bridge (Revised on 08.10.24) (a) Repair & New Construction road from",23,68,Approved,21.07.23,Jun-28,103.905,53.2,,2026-2027,
1732,LGDRS-PP-23-0280,1732,"Berani Jam Nawaz to Village Dargah Miskeen Shah Via Bassar Mallah, Abdulalh Sangrasi, haji Allah Wasayo, Muhammad Yousuf Rind (b) Repair road from sim Nala to Ghulam Nabi Arain via Village Muhammad Ali Kori, Ari malokhani, Mushtaq Malokhni, Badal Malokhkani, Bachal Malokhani, Dargah Mehmood Shah (Revised on 20.09.24)",23,68,Approved,21.07.23,Jun-27,128.578,100.0,,2026-2027,
1733,LGDRS-PP-23-0282,1733,(A) Construcion of Tayyab Dars Road to ghulam Nabi Shar Road Rs. (50.00 Million) (B) Reconditioning / Construction of Khipro Khahi Road to Village Pabbam via Hingoro via Sultan Mangrion Road Rs. 50.00 Million (Revised on 08.10.24),23,68,Approved,27.07.23,Jun-28,191.751,77.5,,2026-2027,
1734,LGDRS-PP-23-0283,1734,Construction of Road reconditioning at various UC's Taluka Nawabshah and Tariqabad Choudhry Manzoor Ahmed Arain,23,68,Approved,03.02.25,Jun-28,308.350,66.2,,2026-2027,
1735,LGDRS-PP-23-0284,1735,New Road and Reconditioning Muncipal Corporation Nawabshah City Portion,23,68,Approved,02.03.25,Jun-28,209.750,66.4,,2026-2027,
1736,LGDRS-PP-23-0285,1736,Construction of Road from National Highway to Taimoor Shah Village along Budka Destry & Approach to Gazi Khan Gopang Shair Khan Khoso Taluka Kandiaro,23,68,Approved,30.04.24,Jun-27,100.000,100.0,,2026-2027,
1737,LGDRS-PP-23-0286,1737,"Recondition of Road from Village Allan Shah Chowk to Lorhai Fakfir, approach Nibhando Ujjan, Murad Kalhoro",23,68,Approved,08.03.24,Jun-27,110.000,100.0,,2026-2027,
1738,LGDRS-PP-23-0287,1738,Road from Halani emore to Connect Lakha Road Kandairo Road and from Temore to Misri Khan Lashari (Lundo mori). (Remaining Portion),23,68,Approved,08.03.24,Jun-27,120.000,100.0,,2026-2027,
1739,LGDRS-PP-23-0288,1739,1. Road from Khanwan Minor to Mir Muhammad Siyal. 2. Road from Khanwan Kotri Road to Mula Baharo. 3. Road from moli Dino Nagor to Saleh Nagor. 4. Road fromTando Gulshan to Mohbat Dero Siyal 5. Road from Chibhar Minor to Chibhar Bambhan Widening / Reconditioning / Construction of,23,68,Approved,30.04.24,Jun-27,100.000,100.0,,2026-2027,
1740,LGDRS-PP-23-0289,1740,"Road from Naushahro Feroze Padiden Road to Abbasi House, Moosa Rajper, Yar Muhammad Rajper, Amanullah Rajpepr, High School Cheeho, Godown to Areja Colony, National highway to Agha Dino Solangi, Mithaini (Revised on 08.10.24)Naushahro Feroze Road to Wadero Ghulam Hyder Bhurt, Peer Juman to Nazir Chandio, Mithiani Moro Road to Murad Korejo, Sehra, Bhurty Road to Saleman Panhwar, Thatt to Zahid Chandio, Tharoshah",23,68,Approved,27.07.23,Jun-28,264.952,79.0,,2026-2027,
1741,LGDRS-PP-23-0290,1741,"Naushahro Feroze to mola Bux Wagan 8Km (Revised on 06.01.25) Construction / Reconstruction of causeways / Culvert / Road of rural areas of PS-87 District Malir, Karachi",23,68,Approved,02.08.25,Jun-27,162.229,100.0,,2026-2027,
1742,LGDRS-PP-23-0292,1742,"Reconstruction of Road from Northern bypass via Naik Muhammad Khair Muhammad Brohi Goth, Hub Dam Road Shah Mureed PS-87, District Malir",23,68,Approved,02.08.25,Jun-27,137.744,100.0,,2026-2027,
1743,LGDRS-PP-23-0296,1743,Construction of Road in Different UC of NA- 248 District Kemari Karachi (Revised on 30.10.24),23,68,Approved,16.05.24,Jun-28,129.393,63.1,,2026-2027,
1744,LGDRS-PP-23-0297,1744,Road Carpet Baldia Town UC-13,23,68,Approved,30.10.24,Jun-27,91.646,100.0,,2026-2027,
1745,LGDRS-PP-23-0298,1745,"Construction of Roads & Patch works of Roads in UC-12, TMC Mangopir PS-122 Gulshan-e- Maymar, & Surronding areas Karachi (Revised on 30.10.24)",23,68,Approved,16.05.24,Jun-27,65.373,100.0,,2026-2027,
1746,LGDRS-PP-23-0301,1746,Construction of Road from Ahsanabad Road to High Court Housing Society Scheme-33 Karachi (Revised on 02.08.24),23,68,Approved,26.02.24,Jun-27,186.514,100.0,,2026-2027,
1747,LGDRS-PP-24-0001,1747,"Construction / Rehabilitation of Road 13000 From Road 12000 to Road 20000 Including Service Roads and Storm Water Drain Korangi, Karachi. (Revised on 25.07.24) (Revised Date: 02-12-2025 Capital: 2095.55 Revenue: 0.00 Total Cost: 2095.55)",23,68,Approved,14.05.24,Jun-27,2095.548,100.0,,2026-2027,
1748,LGDRS-PP-24-0002,1748,"Rehabilitation of 10000 Road (3000 to 13000) Korangi, Karachi (Revised on 25.07.24) (Revised Date: 11-08-2025 Capital: 2476.23 Revenue: 0.00 Total Cost: 2476.23)",23,68,Approved,14.05.24,Jun-27,2476.234,100.0,,2026-2027,
1749,LGDRS-PP-24-0003,1749,Improvement / Rehabilitation of Road from Allahwala town to Road 3000 (Revised on 25.07.24),23,68,Approved,05.06.24,Jun-27,480.593,100.0,,2026-2027,
1750,LGDRS-PP-24-0006,1750,"Widening of Existing vide Road connecting Korangi Causeway to Baloch Colony Expressway Road, District Korangi, Karachi.",23,68,Approved,08.12.24,Jun-27,293.745,100.0,,2026-2027,
1751,LGDRS-PP-24-0030,1751,Construction/Reconditioning of Asphalt Concrete Road from Shahbaz Flyover to Railway underpass Latifabad Unit No.7 Taluka Latifabad and Construction of Asphalt Concrete Road from Ex-National Highway to Alamdaar Chowk Taluka Qasimabad (Dual Carriageway) District Hyderabad,23,68,Approved,19.05.25,Jun-27,1038.608,100.0,,2026-2027,
1752,LGDRS-PP-25-0001,1752,Construction / Rehabilitation of Road from Check Post No.4 Malir Cant to M-9 Super Highway Karachi,23,68,Approved,13.08.25,Jun-27,130.219,100.0,,2026-2027,
1753,LGDRS-PP-25-0002,1753,"Construction and Rehabilitation of Different Roads Of Scheme-33,District East Karachi",23,68,Approved,08.09.25,Jun-27,1987.470,100.0,,2026-2027,
1754,LGDRS-PP-25-0003,1754,"Sehwan Development Plan, Taluka Sehwan, District Jamshoro",23,68,Approved,29.09.25,Jun-27,649.678,100.0,,2026-2027,
1755,LGDRS-PP-25-0004,1755,Construction of Road From CP-03 To Malir Expressway through Malir River Road,23,68,Approved,08.09.25,Jun-27,1428.821,100.0,,2026-2027,
1756,LGDRS-PP-25-0005,1756,"Construction and Rehabilitation of Storm Water Drain including Road At I.B. Soomro Road, Maymar, Karachi",23,68,Approved,08.09.25,Jun-27,1350.994,100.0,,2026-2027,
1757,LGDRS-PP-25-0006,1757,"Contruction of Flyover at Azeempura Intersetion and Rehabilitation/ Widening of Road including roundabout, drainage and electrification from Malir River Bridge up to Shama Shopping Centre, Shah Faisal Town Karachi.",23,68,Approved,15.09.25,Jun-27,1562.171,100.0,,2026-2027,
1758,LGDRS-PP-25-0007,1758,"construction and rehabilitation of Road from Gulshan e Hadeed Mor to Allahwali Chowrangi, Malir",23,68,Approved,15.09.25,Jun-28,499.305,75.0,,2026-2027,
1759,LGDRS-PP-25-0008,1759,Rehabilitation and Reconstruction of Hub River Road towards Toori Bangash Itehad Town,23,68,Approved,11.08.25,Jun-28,999.960,75.0,,2026-2027,
1760,LGDRS-PP-25-0009,1760,Improvement and Rehabilitation of traffic corridors of Karachi,23,68,Approved,13.10.25,Jun-28,4169.506,62.0,,2026-2027,
1761,LGDRS-PP-25-0011,1761,"Rehabilitation / Reconstruction of Roads in Scheme-41 Surjani, Scheme-36 Gulistan-e- Johar, Scheme-33 Gulzar-e-Hijri and Scheme- 5, Clifton Karachi",23,68,Approved,12.09.25,Jun-28,2876.250,59.4,,2026-2027,
1762,LGDRS-PP-25-0013,1762,Construction of Bridges/ Culverts in Various UCs of Taluka Jacobabad [Ref#358],23,68,Approved,16.10.25,Jun-27,52.743,100.0,,2026-2027,
1763,LGDRS-PP-26-0007,1763,"Rehabilitation of Shaikh Ayaz Road from Sindh Museum to Ali Palace Pumping Station alongwith Storm Water Drain (Both Sides), Qasimabad, Hyderabad",23,68,Approved,19.05.26,Jun-28,499.680,25.0,,2026-2027,
1764,LGDRS-PP-25-0036,1764,Reconditioning/ Rehabilitation of Internal Roads Connectivity of Major Roads in different Districts of Karachi.,23,68,Approved,03.02.26,Jun-28,5530.000,75.0,,2026-2027,
1765,LGDRS-PP-25-0037,1765,"Improvement / Rehabilitation of Road Infrastructure in 5 Town Municipal Corporations (TMCs) in District East, Karachi",23,68,Approved,06.04.26,Jun-28,2918.163,25.0,,2026-2027,
1766,LGDRS-PP-25-0039,1766,"Improvement / Rehabilitation of Road Infrastructure in 5 Town Municipal Corporations (TMCs) in District Central, Karachi",23,68,Approved,24.03.26,Jun-28,3181.151,25.0,,2026-2027,
1767,LGDRS-PP-25-0040,1767,"Improvement / Rehabilitation of Road Infrastructure in 3 Town Municipal Corporations (TMCs) in District Malir, Karachi",23,68,Approved,06.04.26,Jun-28,2324.576,25.0,,2026-2027,
1768,LGDRS-PP-25-0041,1768,"Improvement / Rehabilitation of Road Infrastructure in Saddar Town Municipal Corporations (TMCs) in District South, Karachi",23,68,Approved,24.03.26,Jun-28,1277.603,25.0,,2026-2027,
1769,LGDRS-PP-25-0042,1769,"Improvement / Rehabilitation of Road Infrastructure in 6 Town Municipal Corporations (TMCs) in District West, Karachi",23,68,Approved,06.04.26,Jun-28,2340.408,25.0,,2026-2027,
1770,LGDRS-PP-25-0043,1770,"Improvement / Rehabilitation of Road Infrastructure in 4 Town Municipal Corporations (TMCs) in District Korangi, Karachi",23,68,Approved,27.04.26,Jun-28,957.827,25.0,,2026-2027,
1771,LGDCS-PP-25-0070,1771,"Construction of Underpass, Link Roads, and Beautification at Qasim Chowk, Qasimabad.",23,68,Approved,04.06.26,Jun-28,2186.323,25.0,,2026-2027,
1772,LGDCS-PP-25-0073,1772,"Rehabilitation of Road from Giddu Chowk to Ya Ali Colony Giddu Naka via Mir Fateh Colony and Mehran Oil Mills Near Pathan Goth Giddu Naka along with Storm Water Drain and Pump House, Hyderabad",23,68,Approved,19.05.26,Jun-28,535.842,25.0,,2026-2027,
1773,LGDCS-PP-26-0074,1773,"Rehabilitation of Road from Fateh chowk to Kalu Chowk and Old Sabzi Mandi Chowk to Muhammadi Chowk via Badin stop along with Storm Water Drain, Hyderabad",23,68,Approved,19.05.26,Jun-28,821.610,25.0,,2026-2027,
1774,LGDCS-PP-25-0075,1774,"Rehabilitation of Alamdar Chowk to Naseem Nagar Chowk along with drain (both sides) and Rehabilitation of Road from Naseem Nagar Chowk to Sehrish Nagar (one Side), Qasimabad, Hyderabad",23,68,Approved,19.05.26,Jun-28,550.061,25.0,,2026-2027,
1775,LGDWS-PP-25-0152,1775,"Rehabilitation of different roads of Sukkur City along with Cat Eyes, Road Signage and Lane Marking within the limits of Sukkur Municipal Corporation",23,68,Approved,22.12.25,Jun-28,99.450,34.4,,2026-2027,
1776,LGDWS-PP-25-0153,1776,"Expansion and dualization of Frere Road, Sukkur along with parking space, waiting area and provision of Solar panels at Sukkur.",23,68,Approved,22.12.25,Jun-28,174.120,34.4,,2026-2027,
1777,LGDWS-PP-25-0155,1777,"Up-Gradation, Widening and Beautification of Road at the Entrance of Sukkur City along with Fire Brigade Station, Water Filter Plant, Public Washroom, Afforestation and Lighting, Public Awarness Visual Display at Sukkur",23,68,Approved,22.12.25,Jun-28,1098.620,34.4,,2026-2027,
1778,LGDRS-PP-22-0884,1778,"Construction / Improvement / Rehabilitation of Link Road from Hub River Road RCD Highway to Mubarak Goth, Hawksbay,Karachi",23,68,Approved,,Jun-28,500.000,10.0,,2026-2027,
1779,LGDRS-PP-25-0010,1779,Construction of Gujjar Nallah Flyover crossing Sir Shah Suleman Road District Central Karachi,23,68,Approved,,Jun-28,1650.000,50.0,,2026-2027,
1780,LGDRS-PP-26-0001,1780,"Construction of Drain Nala Widening and Recondition of Main Road from Asphalt Road from Jamshoro Road to Happy Home Chowk (Via Citizen Colony, Sachalabad)",23,68,Approved,,Jun-28,618.397,25.0,,2026-2027,
1781,LGDRS-PP-26-0002,1781,Rehabilitation of urban road infrastructure of ps-60 Qasimabad,23,68,Approved,,Jun-28,400.000,25.0,,2026-2027,
1782,LGDRS-PP-26-0003,1782,Construction of Bund Road Start from IOBM Institute to Bhittai Colony Connecting Industrial Park (PC-II),23,68,Approved,,Jun-28,70.000,0.1,,2026-2027,
1783,LGDRS-PP-26-0004,1783,Construction of Flyover at Intersection of I.I.chundigar Road & M.R.Kayani Road at Shaheen Complex (PC-II),23,68,Approved,,Jun-28,50.000,0.0,,2026-2027,
1784,LGDRS-PP-26-0005,1784,Construction of Road from Cement Factory along Umarkas Wah Right and Left Bank towards Loco Shed Road – MC Rohri,23,68,Approved,,Jun-28,100.000,25.0,,2026-2027,
1785,LGDRS-PP-26-0006,1785,"Widening of University Road from Beri Chowk via New Yard, Loco Shed towards NHA Rohri – MC Rohri",23,68,Approved,,Jun-28,200.000,25.0,,2026-2027,
1786,LGDSM-PP-14-0072,1786,"Establishment of Six Garbage Transfer Stations with Material Recovery (MR) and Refuse Derived Fuel (RDF) facility in Karachi (i) Mewa Shah near Graveyard, (ii) Korangi Causeway on Malir River, (iii) Sharafi Goth Near Graveyard (iv) Sohrab Goth Near Lyari Expressway, (v) Essa Nagri, Near Lyari Expressway (vi) Safora Goth Near New Racecourse on University Road",23,69,Approved,22.04.15,Jun-27,1660.796,22.2,,2026-2027,
1787,LGDSM-PP-16-0105,1787,(C:1155.343+R:505.453) (SDG # 12) Development of Sanitary Engineered existing two Landfill Sites & their Scientific improvement (i) Jam Cahkro (Surjani) (ii) Gond Pass (Hub River Road) . (C:618.376+R:568.871) (SDG # 12),23,69,Approved,17.02.17,Jun-27,1187.247,3.3,,2026-2027,
1788,LGDSM-PP-16-0107,1788,"Establishment of Sanitary Landfill Site, Hyderabad. (C:248.096+R:213.812)(SDG # 12)",23,69,Approved,17.02.17,Jun-27,461.909,2.2,,2026-2027,
1789,LGDSM-PP-19-0320,1789,Establishment of Sukkur Landfill Site. (C:341.881+R:394.709) (SDG # 12),23,69,Approved,05.12.20,Jun-27,736.590,100.0,,2026-2027,
1790,LGDSM-FP-20-0089,1790,"Solid Waste Emergency and Efficiency Program (SWEEP) (Total Cost Rs.29213.57 M, W.B. Share of Rs.27820 M and GoS Share of Rs.1393.57 M) SDG # 12 (Revised on 25.11.24)",23,69,Approved,14.01.21,Jun-27,1393.570,91.0,,2026-2027,
1791,LGDWS-PP-14-0050,1791,65 MGD Additional Water Supply upto High Point (Forebay) Phase-I(SDG # 6),23,70,Approved,07.04.22,Jun-27,9146.440,13.5,,2026-2027,
1792,LGDMA-FP-14-0074,1792,"Greater Karachi Water Supply Scheme (K-IV Phase-I, 260 MGD) Cost Rs. 25.551 Billion with 50% by GoS.",23,70,Approved,18.07.14,Jun-27,12775.500,102.8,,2026-2027,
1793,LGDWS-PP-16-0085,1793,Allocation for land acquisition for K-IV Project (SDG # 6),23,70,Approved,30.05.17,Jun-27,5000.000,75.0,,2026-2027,
1794,LGDWS-PP-17-0155,1794,Revamping of Gujjar Nallah including Service road (SDG # 6),23,70,Approved,14.07.17,Jun-27,1100.000,62.6,,2026-2027,
1795,LGDWS-PP-17-0170,1795,"Construction of road, retaining wall, drain Nallah i/c prestressed bridge along right side of old Phuleli canal from Preetabad bridge to Darya khan Pumping Station crossing Ghanghra Mori road Mile 0/0-2/6 (SDG # 6) (Revised on 29.05.23)",23,70,Approved,27.11.17,Jun-27,4932.529,86.2,,2026-2027,
1796,LGDWS-PP-17-0179,1796,Rehabilitation of 400 MGD Presettlement Lagoons Construction of Settlement lagoons Canstruction of Security /Boundary Wall & Guard Post at Jamshoro road Hyderabad (Revised on 22.05.23),23,70,Approved,01.06.18,Jun-27,1220.552,87.8,,2026-2027,
1797,LGDMA-FP-17-0210,1797,Greater Karachi Sewerage Plan (S-III) [Cost Rs.36117.459 million with Federal Share of Rs.18058.730 million],23,70,Approved,07.02.18,Jun-27,32126.459,32.2,,2026-2027,
1798,LGDOT-FP-18-0025,1798,"Competitive and Livable City of Karachi Project (CLICK) (Total Cost Rs. 33.6 billion (US $ 240 million), World Bank Share Rs. 32.20 billion (US $ 230.0 million), GoS share Rs. 1.400 billion (US $ 10.0 million) (LGD Share: 25,472.086 m, WB Share: 24,150.0 m, GoS Share: 1,322.086 m) (Revised Scheme",23,70,Approved,26.06.19,Jun-27,57360.140,2.3,,2026-2027,
1799,LGDWS-PP-19-0222,1799,"Cleared by PDWP on 05.04.2023) Up-gradation of Hub Pumping Station and Hub Filter Plant, Manghopir road, District West, Karachi Karachi Water & Sewerage Services",23,70,Approved,17.03.20,Jun-27,535.185,64.6,,2026-2027,
1800,LGDWS-FP-19-0227,1800,"Improvement Project (KWSSIP) Phase-I. (Total Revised Cost Rs.25,471.163 Million (US $ 100 Million)), World Bank Share Rs. 5,891.664 Million (US $ 42.084 Million), AIIB Share Rs. 5,891.644 Million (US $ 42.084 Million) and GoS Share Rs. 2,945.822 Million (US $ 21.042 Million) (Revised Scheme approved by ECNEC on 30-12-2024)",23,70,Approved,29.08.19,Jun-27,25471.164,17.1,,2026-2027,
1801,LGDWS-PP-19-0228,1801,Providing and Laying over Ground 32” Dia M.S Pipe Line from Sindhi Hotel Bridge to Bakra Piri along with Lyari Express way Layri River (Revised on 23.11.21) (Revised Date: 09- 08-2025 Capital: 1590.17 Revenue: 0.00 Total Cost: 1590.17),23,70,Approved,03.10.20,Jun-27,1590.169,100.0,,2026-2027,
1802,LGDWS-PP-19-0229,1802,"Providing, Laying & Jointing of 33"" Dia M.S 24"" DIA M.S Main & 16"" DIA M.S for Improvement of Water Supply of Qayumabad, West point Tower and DHA at Joining Area",23,70,Approved,07.11.19,Jun-27,299.210,14.0,,2026-2027,
1803,LGDWS-PP-19-0233,1803,"Rehabilitation / Replacement / Improvement of Water Supply and Sewerage System including Pumping Stations in District Central, Karachi",23,70,Approved,10.03.20,Jun-27,149.978,100.0,,2026-2027,
1804,LGDWS-PP-19-0235,1804,"Rehabilitation / Replacement / Improvement of Water Supply and Sewerage system including Pumping Stations in District West, Karachi",23,70,Approved,13.09.19,Jun-27,150.000,43.5,,2026-2027,
1805,LGDWS-PP-20-0066,1805,Larkano Development Plan (SDG # 6) (Revised on 09.10.20),23,70,Approved,24.10.14,Jun-27,837.723,82.1,,2026-2027,
1806,LGDWS-FP-20-0069,1806,"Environmental, Social Safeguards and Design Studies to prepare Sub-Projects of SOP-II of KWSSIP (KW&SB) Phase-II through AIIB (Total Cost Rs. 661.760 Million) (US$ 4.136 M)",23,70,Approved,04.11.20,Jun-27,0.001,100.0,,2026-2027,
1807,LGDWS-PP-21-0717,1807,Providing & Laying of Water Supply Lines in UC-32 Bilal Colony UC-8 Natha Khan Colony & UC-23 Awami Colony,23,70,Approved,28.01.22,Jun-27,149.681,55.9,,2026-2027,
1808,LGDWS-PP-22-0651,1808,Widening/Reconditioning of asphat Concrete Road from Main City gatge Chuhar Jamali Road to by-pass Chowk shah Aqeeq Road Via Main City Road including RCC Drain Nala/C.C Paver Block Taluka Chuhar Jamali District Sujawal,23,70,Approved,14.04.22,Jun-27,424.447,100.0,,2026-2027,
1809,LGDWS-PP-22-0671,1809,Construction of Roads at Taluka Hussain Bux Mari,23,70,Approved,23.02.23,Jun-27,99.841,100.0,,2026-2027,
1810,LGDWS-PP-22-0676,1810,"Construction / Improvement of Roads and provision of Culverts in various villages of Chuhar Jamali, Dsitrict Sujawal",23,70,Approved,11.05.23,Jun-27,200.000,100.0,,2026-2027,
1811,LGDWS-PP-22-0721,1811,Provision of Paver Block in Various Villages of Taluka Kandhkot & Kashmore,23,70,Approved,06.02.23,Jun-27,100.000,100.0,,2026-2027,U/R
1812,LGDWS-PP-22-0824,1812,"Construciton of road Mitho Chacher and recondition of road GBS Bhelar to Sadhuja and Paver C.C drain of various villages UC Bulla, Taluka Pano Akil",23,70,Approved,12.12.22,Jun-27,150.000,100.0,,2026-2027,
1813,LGDWS-PP-22-0830,1813,Establishment of Project Management & Implementation Unit (PM&IU) for Execution of Local Government Projects in Sindh (Revised on 03.06.23) (Revised Date: 22-10- 2025 Capital: 0.00 Revenue: 189.74 Total Cost: 189.74),23,70,Approved,06.12.22,Jun-27,189.740,7.9,,2026-2027,
1814,LGDWS-PP-22-1907,1814,Improvement of Drainage System of Sukkur City (Phase-II) (Revised Date: 28-07-2025 Capital: 3352.34 Revenue: 0.00 Total Cost: 3352.34),23,70,Approved,17.05.23,Jun-27,3352.340,100.0,,2026-2027,
1815,LGDWS-PP-22-1910,1815,"Improvement / Rehabilitation of Roads, Installation of Paver Blocks, C.C Streets, Sewerage, Water Supply Line at Old U.C 07/04 Jahanabad, Keamari (Revised on 30.10.2024)",23,70,Approved,29.05.23,Jun-27,174.487,35.6,,2026-2027,
1816,LGDWS-PP-22-4160,1816,Construction of CC paving blocks/cc blocks i/c drain nail and road in UC Behram UC Hatri UC Barchani & UC Masoo Bhurgri Taluka Rural District Hyderabad,23,70,Approved,08.03.23,Jun-27,249.921,68.4,,2026-2027,
1817,LGDWS-PP-22-4161,1817,"Construction/Improvement of CC paving block and drainage system in various wards of Taluka Qasimabad, District Hyderabad Construction / Providing Cement Paving Block",23,70,Approved,08.03.23,Jun-27,249.421,81.2,,2026-2027,
1818,LGDWS-PP-23-0012,1818,"Flooring Road from Teen Talwar Chowk via Public Health Office to Ghousia Chowk Chachro road to Connect Police Station, Ismail Chowk Boys Degree College, High School No.01, Post Office, Jeelani Chowk Chania Masjid Umerkot",23,70,Approved,21.07.23,Jun-27,90.134,100.0,,2026-2027,
1819,LGDWS-PP-23-0013,1819,Construction / Providing of Cement Paving Block Flooring Road froom Old Court Daro Kolhi road via SSP Chow from Kunri Road Umerkot (Revised on 02.12.2024),23,70,Approved,21.07.23,Jun-27,94.832,100.0,,2026-2027,
1820,LGDWS-PP-23-0020,1820,"Providing and Laying 630 MM 400 MM PE Pipe By Pass System at COD to Ameer Khusro Road for Improvement of Water Supply System for UC # 01, 02, 03, 05 and 06 i/c Providing / Fixing 24"" Dia Butterfly Valve 16"" dia Sluice Valve and Construction Block Masonry Chamber in Jamshed Town (Revised Date: 10- 08-2025 Capital: 239.91 Revenue: 0.00 Total",23,70,Approved,11.03.24,Jun-27,239.914,16.0,,2026-2027,
1821,LGDWS-PP-23-0021,1821,"Cost: 239.91) Construction /Reconditioning / Fixing or paving blocks in various damaged road of Sakrand Town portion storm water drain, Taluka Sakrand District Shaheed Benazirabad",23,70,Approved,09.08.23,Jun-27,269.872,58.3,,2026-2027,
1822,LGDWS-PP-23-0023,1822,"Construction / Improvement, Extension of Filter Plant 5 MGD to 10 MGD including Lagoons, including external water supply pipe lines at Ghangra Mori",23,70,Approved,26.02.24,Jun-27,1333.700,80.0,,2026-2027,
1823,LGDWS-PP-23-0026,1823,Construction of CC paving block of Matli city and Tando Bago city District Badin,23,70,Approved,27.07.23,Jun-27,59.911,100.0,,2026-2027,
1824,LGDWS-PP-23-0028,1824,Paver Block Scheme various wards Municipal Committee City Tando Muhammad Khan,23,70,Approved,27.07.23,Jun-27,150.000,100.0,,2026-2027,
1825,LGDWS-PP-23-0029,1825,Construction of CC Block various Union Councils Taluka Tando Ghulam Hyder & Taluka Tando Muhammad Khan,23,70,Approved,27.07.23,Jun-27,150.000,100.0,,2026-2027,
1826,PHEWS-PP-23-0029,1826,Up-Gradation / Rehabilitation of existing water system of Sukkur City,23,70,Approved,26.07.23,Jun-27,2138.500,100.0,,2026-2027,
1827,LGDWS-PP-23-0030,1827,Constuction of CC Block various wards of town Tando Ghulam Hyder,23,70,Approved,27.07.23,Jun-27,50.000,100.0,,2026-2027,
1828,LGDWS-PP-23-0031,1828,Paver Block of various villages of Taluka Tando Muhammad Khan & Taluka Tando Ghulam Hyder,23,70,Approved,27.07.23,Jun-27,100.000,100.0,,2026-2027,
1829,LGDWS-PP-23-0032,1829,Paver Block of various villages of Taluka Bulri Shah Karim,23,70,Approved,27.07.23,Jun-27,100.000,100.0,,2026-2027,
1830,LGDWS-PP-23-0033,1830,"Construction of Complete Drainage Disposals 03 Nos. with main drainage lines connected and paver Block, CC Block surface Drain A and B Type of various areas within the limits of Muncipal Committee Tando Allahyar",23,70,Approved,14.05.24,Jun-27,869.778,51.8,,2026-2027,
1831,LGDWS-PP-23-0034,1831,"Construction of Paver Blocks & Drains in various streets Union Council Bhitshah, Union Council Ajan Shah, Union Council Karama Khan Niazamani and Town Committee Bhitshah.",23,70,Approved,30.04.24,Jun-27,100.000,100.0,,2026-2027,
1832,LGDWS-PP-23-0035,1832,"Construction of Paver Blocks & Drains in various streets @ Municipal Committee Hala New, Town committee Hala Old, Union council Makhdoom Joo Landhiyoo, Union Council Fateh Muhammad Shah Ajnani nand Union Council Bhanoth.",23,70,Approved,30.04.24,Jun-27,100.000,100.0,,2026-2027,
1833,LGDWS-PP-23-0036,1833,"Construction of Paver Blocks in various streets @ Town Committee Saeedabad, Union Council Shahmir Rahu, Faqirabad, Saeedabad Old, Bhaledino Kaka, Sikandarabad, Zairpir, Abdul Wahid Buriro and Muhammad Ramzan Unar.",23,70,Approved,30.04.24,Jun-27,50.000,100.0,,2026-2027,
1834,LGDWS-PP-23-0037,1834,"Beautification, Paver, Various streets of muncipal committee kotri",23,70,Approved,30.04.24,Jun-27,50.000,30.0,,2026-2027,
1835,LGDWS-PP-23-0038,1835,Provision / Laying of Paver Block and surface Drain at MRD Shaheed Chowk to Meer Hassan Chowk City k.n Shah,23,70,Approved,05.03.24,Jun-27,99.998,100.0,,2026-2027,
1836,LGDWS-PP-23-0039,1836,Provision / Laying of Paving Block & surface Drain in muncipal Committee sita Road & Various Villages of Taluka K.N Shah,23,70,Approved,05.03.24,Jun-27,99.990,100.0,,2026-2027,
1837,LGDWS-PP-23-0040,1837,Water Supply Scheme village Sanwal Arwal & surrounding area UC Singhi Burira & Water Supply Scheme Khatt Lashkar UC Kakar Taluka K.N Shah,23,70,Approved,15.05.24,Jun-27,100.000,100.0,,2026-2027,
1838,LGDWS-PP-23-0041,1838,Laying of Paver Block Paver Block & surface Drain from Meer Hassan Chowk to Muneer Shaikh Rice Mil to Syed Judial Shah,23,70,Approved,05.03.24,Jun-27,99.990,100.0,,2026-2027,
1839,LGDWS-PP-23-0042,1839,"Government High School Gozo Solar System Water Supply Scheme at village langha connected village Rahuja, Children Park at Village Juma Chawhan, Water Supply Scheme at village Zafarbad, Pary Mazar Channa, Miani, Shabiabad, Sita City i/c Paver Block & Drain",23,70,Approved,15.05.24,Jun-27,100.000,100.0,,2026-2027,
1840,LGDWS-PP-23-0043,1840,Supply and fixing RO Plants with Solar system of Dadu Cityand other villages of Taluka Dadu,23,70,Approved,05.03.24,Jun-27,50.000,100.0,,2026-2027,
1841,LGDWS-PP-23-0044,1841,"Construction of paving block, CC block drainage system for Dadu City and M/R and compound wall of graveyard Lalhilndi and Eid Gah and Nanaza Gah Lal hindi compound wall of Pir Shakir graveyard and Pir Muhammad Murad graveyard.",23,70,Approved,05.03.24,Jun-27,150.000,100.0,,2026-2027,
1842,LGDWS-PP-23-0045,1842,"Construction / Reconditioning of road from Mehar Faridabad road to village Ali Hyder Khoso via Harha Pharha Village. Laying of paver Block, CC Block & Drain and Supplying and fixing of Pipe Line at village Qazi Arif",23,70,Approved,18.03.24,Jun-27,99.993,100.0,,2026-2027,
1843,LGDWS-PP-23-0046,1843,"Laying of Paver Block, CC Block & Drain at Mehar City, village Butt Sirai, Thariri Mohabat, Mankani, Masoo Sahar.",23,70,Approved,18.03.24,Jun-27,99.956,100.0,,2026-2027,
1844,LGDWS-PP-23-0047,1844,"Laying of Paver Block, CC Block & Drain at Village Nao Goth, Qaim Shah Agro, Faiz Muhammad Agro, Mehrab Lakhiar, Kirir Khoso, Mureed Lakhiar, Adur Lakhiar, Mohabat Lakhiar, Bhand Mari, Gullan Lakhiar, Bux lakhiar, Aghamani, Peroz Shah",23,70,Approved,18.03.24,Jun-27,99.993,100.0,,2026-2027,
1845,LGDWS-PP-23-0048,1845,Construction of road from Chhinni byepass to village Gaji Shah Byepass via Tando Raheem Khan i/c CC Block and drain,23,70,Approved,18.03.24,Jun-27,100.000,100.0,,2026-2027,
1846,LGDWS-PP-23-0049,1846,"Construction of Byepass road from Juhi Bhan road to Juhi Chhinni road, Construction of paving block, CC block and drain via Eidgah road",23,70,Approved,18.03.24,Jun-27,100.000,100.0,,2026-2027,
1847,LGDWS-PP-23-0050,1847,"construction of road from Johi -Wahi road to Chhiddi and paving block, CC block and drain at village Fato Brohi Sher Muhammad Talpur",23,70,Approved,18.03.24,Jun-27,100.000,100.0,,2026-2027,
1848,LGDWS-PP-23-0051,1848,"Constuction of Improvement CC Paving Block, CC Block & open Surface Drain in Various U.C's in Hyderabad(Revised on 22.08.2024)",23,70,Approved,19.07.23,Jun-27,191.254,100.0,,2026-2027,
1849,LGDWS-PP-23-0052,1849,"Construction / Improvement of CC topping, CC paving block and open surface drain in various UCs of Taluka Latifabad Hyderabad (Revised on 22.08.2024)",23,70,Approved,19.07.23,Jun-27,124.340,100.0,,2026-2027,
1850,LGDWS-PP-23-0053,1850,"Construction of drainage, water supply and CC paving block at Kathar village Taluka Latifabad Hyderabad (Revised on 22.08.2024)",23,70,Approved,27.07.23,Jun-27,77.034,100.0,,2026-2027,
1851,LGDWS-PP-23-0054,1851,Constructin of CC Block & CC Paving Block in Various UC's Taluka City District Hyderabad (Revised on 09.12.2024),23,70,Approved,26.07.23,Jun-27,294.053,100.0,,2026-2027,
1852,LGDWS-PP-23-0055,1852,Providing & Laying Water Supply and Drainage work in Taluka City District Hyderabad (Revised on 14.11.2024),23,70,Approved,08.03.24,Jun-27,86.381,38.1,,2026-2027,
1853,LGDWS-PP-23-0058,1853,"Construction of CC Blocks, CC Paving Block and Open Surface Drain Work in UC-51, 52, 53, 54 of TMC Paretabad Taluka City District Hyderabad (Revised on 20.09.2024)",23,70,Approved,19.07.23,Jun-27,131.351,100.0,,2026-2027,
1854,LGDWS-PP-23-0059,1854,Construction / Improvement of CC Block and paving blocks in various UCs and wards in Taluka Qasimabad District Hyderabad,23,70,Approved,19.07.23,Jun-27,199.975,81.5,,2026-2027,
1855,LGDWS-PP-23-0060,1855,"Provdiding and laying water supply and drainage lines work in various areas of Taluka Qasimabad District Hyderabad (Revised on 14.11.2024) Stadium Ground Ver Syed Aijaz Ali Shah Sheerazi Family Park Makli Foot Ball Ground. Paver Bloks/ Drainage & Pipe lines, Water Supply in Various Villages of Makli, Drainage",23,70,Approved,08.03.24,Jun-27,130.438,66.9,,2026-2027,
1856,LGDWS-PP-23-0061,1856,"& Cc for Sheerazi Mohallah Thatta, Village Baboo Shoro Extention & Repair Water Tank, Village Hassan Jakhro Water Tank, Village Haji Muhammad Ali Shoro, Village Pinhu Gandro, illage Kolhi Mohallah, Village Rasool Bux Brohi, Village Aboro Jakhro Providing 20 Hand Pumps with Solor Systems Village Soof KhaskheliV, Village Muhammad Khaskheli, Village Ali Muhammad Brohi, Village Imam Bux, Villgae Haji Ghulam Muhammad Jakhro, Village Haji Shafi Muhammad Jokhio, Village Rafique Shoro, Village Aban Shoro, Village",23,70,Approved,15.05.24,Jun-27,189.975,55.3,,2026-2027,
1857,LGDWS-PP-23-0062,1857,"Dodo Shoro, Village Waqar Jakhro, Village Yaro Mangarhar, Village Saleem Palari, Village Juman Jokhio and Other's (Revised on 24.10.2024) Rehabilitation of Urban Drainage Scheme Jati District Sujawal",23,70,Approved,08.03.24,Jun-27,100.000,100.0,,2026-2027,
1858,LGDWS-PP-23-0064,1858,Construction of Paver Blocks roads in various areas of Town Committee Chuhar Jamali District Sujawal,23,70,Approved,08.03.24,Jun-27,100.000,100.0,,2026-2027,
1859,LGDWS-PP-23-0065,1859,Construction of Paver Blocks roads in various areas of Town Committee Jati District Sujawal,23,70,Approved,08.03.24,Jun-27,100.000,100.0,,2026-2027,
1860,LGDWS-PP-23-0070,1860,Provision of Paver Block and Drainage at Municipal Committee Thul City (Revised on 13.12.2024) (Revised Date: 13-12-2024 Capital: 119.61 Revenue: 0.00 Total Cost: 119.61),23,70,Approved,29.02.24,Jun-27,119.607,100.0,,2026-2027,
1861,LGDWS-PP-23-0071,1861,Provision of Paver Block and Drainage at Sardar Sohrab Khan Sarki Town (Revised on 13.12.2024) (Revised Date: 13-12-2024 Capital: 116.84 Revenue: 0.00 Total Cost: 116.84),23,70,Approved,29.02.24,Jun-27,116.842,100.0,,2026-2027,
1862,LGDWS-PP-23-0072,1862,"Construction of Tough Tile and Culverts at various villages of Taluka Thul District, Jacobabad ( Revised on 13.12.2024) (Revised Date: 13-12-2024 Capital: 108.00 Revenue: 0.00 Total Cost: 108.00) Construction of Tough Paver at Various Streets",23,70,Approved,29.02.24,Jun-27,108.003,100.0,,2026-2027,
1863,LGDWS-PP-23-0073,1863,/ Wards of Jacobabad City (Name of Streets: Nursing College Street / Iqra School to Shikarpur Naka via Girls College / Tikundo Bagh to Vikram Hospital Chowk / Town School Street Ghareebabad / Wapda Grid Station Channa Muhallah / X.E.N Highway Bungalow to ADC Colony / Sadhayo House Road Bolan,23,70,Approved,30.04.24,Jun-27,100.000,100.0,,2026-2027,
1864,LGDWS-PP-23-0074,1864,Construction of Tough Paver / Culverts in Villages of Taluka Jacobabad Taluka Thul (Village Mir Babat Khan Jakhrani / Paver Village Rehan Khan Brohi / Village Mir Azad Khan Jakhrani / Village Sachal Katto / Village Haji Arbab Unar / Village Viram Sadhayo,23,70,Approved,30.04.24,Jun-27,150.000,100.0,,2026-2027,
1865,LGDWS-PP-23-0075,1865,Construcution of Road & Tough Paver at various main Streets / Mohalla's / Wards from 17 to 23 of City Jacobabad (Revised on 13.12.2024) (Revised Date: 13-12-2024 Capital: 114.12 Revenue: 0.00 Total Cost: 114.12),23,70,Approved,08.03.24,Jun-27,114.116,100.0,,2026-2027,
1866,LGDWS-PP-23-0078,1866,Tuff Tile Paver Road Ward No. 01 to 10 Town Committee Ghouspur Reconstruction of Road from mehboob Shaikh,23,70,Approved,29.02.24,Jun-27,99.830,42.9,,2026-2027,
1867,LGDWS-PP-23-0079,1867,to Disposal ware House 2km. Construction of Pavior Block CC Drain / Culvert's Different Villages Taluka Larkana and Village Dhamrah. Construction of road from Badah Dokri Bypass road to Mohalla Taqi Shah & House of Sadar Ali Dino Gadhi Dokri City,23,70,Approved,18.03.24,Jun-27,100.000,100.0,,2026-2027,
1868,LGDWS-PP-23-0081,1868,"Installation of CC block / paver in various UCs 1. UC-16, 2. UC-18, 3. UC -20, 4. Fareedabad, 5. Mahota, 6. Mitho Dero, 7.Bheero Chandio, 8. Naich. (Revised Date: 14-04-2025 Capital: 69.85 Revenue: 0.00 Total Cost: 69.85)",23,70,Approved,03.04.24,Jun-27,69.854,100.0,,2026-2027,
1869,LGDWS-PP-23-0082,1869,Construction of C.C Drain & R.C.C Nala and Paver Block of various U.C's of Larkana (Old UC's 1 to 5) (Revised),23,70,Approved,03.04.24,Jun-27,231.437,75.0,,2026-2027,
1870,LGDWS-PP-23-0083,1870,Construction of C.C Drain & R.C.C Nala and Paver Block of various U.C's (Old UC's 6 to 10) (Revised on 16.12.2024),23,70,Approved,03.04.24,Jun-27,342.327,69.6,,2026-2027,
1871,LGDWS-PP-23-0084,1871,Construction of C.C Drain & R.C.C Nala and Paver Block of various U.C's of Larkana (Old UC's 11 to 15) (Revised on 16.12.2024),23,70,Approved,03.04.24,Jun-27,212.319,64.9,,2026-2027,
1872,LGDWS-PP-23-0085,1872,"(1) Construction of Paver Blolck from Garhi Yaseen mor Karan dar to Qazi Pump (2) Construction of Paver Block from Wagnodar Memon mohalla, Bhittai hospital to Larkana Shikarpur road (3) Construction of Paver Block from Shikarpur Larkana Bypass to Goal Market via Anaj Mandi (4) construction of Road from Shikarpur Larkana Road to Niaz Sundrani House Construction / Rehabilitationi of Road from Jano to Booja Naper Road to Village",23,70,Approved,18.03.24,Jun-27,100.000,100.0,,2026-2027,
1873,LGDWS-PP-23-0086,1873,"Ghahi khan Jaffari. (5) Construction of Paver Block from Gole Market to Jaggan Road (1) Construction of Paver Block in UC Machi, Ladra mureed Sethar (2) Construction of Paver Block in Uc Karan Jano, Shahul",23,70,Approved,18.03.24,Jun-27,100.000,100.0,,2026-2027,
1874,PHEDR-PP-23-0086,1874,Rehabilitation and upgradation of Mirani and Azizabad Disposal and Paver Block of various areas of Sukkur-IV.,23,70,Approved,16.02.24,Jun-27,907.600,100.0,,2026-2027,U/R
1875,LGDWS-PP-23-0087,1875,"(1) Construction of Paver Block in UC Hamayoon, Sultan kot, Mian jo Goth (55 M). (2) Construction of Culverts & Bridges in verious Village to Taluka Shikarpur (25 M). (3) Construction / Rehabilitation of Paver Block in verious Streets of Khanpur city (20 M)",23,70,Approved,18.03.24,Jun-27,100.000,100.0,,2026-2027,
1876,PHEDR-PP-23-0087,1876,"Up-Gradation of Jail Garden, Waspur and Bakhar Disposal works Taluka Sukkur City District Sukkur. Revised on 12.11.2024)",23,70,Approved,25.05.24,Jun-27,340.300,100.0,,2026-2027,
1877,LGDWS-PP-23-0088,1877,Construction / Rehabilitation of Paver Block / Drains in verious Streets of Shikapur City (1 to 30) Wards,23,70,Approved,18.03.24,Jun-27,100.000,100.0,,2026-2027,
1878,LGDWS-PP-23-0089,1878,"Providing of Paver Block / Drains 1) Different Villages of UC-Karan Sharif, 2) UC-Machi, 3) Dargah Ali Shah, 4) UC-Bijarani",23,70,Approved,18.03.24,Jun-27,100.000,100.0,,2026-2027,
1879,LGDWS-PP-23-0090,1879,"Constructin / Providing of Paver Block/Road, in UC Mirzapur, UC Masti Khan, UC Amrot UC-Kandhar",23,70,Approved,18.03.24,Jun-27,100.000,100.0,,2026-2027,
1880,LGDWS-PP-23-0091,1880,"Construction / Providing of Paver Block/Road in UC NIM Sharif, UC-Waryaso, UC Walisabad Bado UC Sangi",23,70,Approved,18.03.24,Jun-27,100.000,100.0,,2026-2027,
1881,LGDWS-PP-23-0092,1881,"Construction / Providing of Paver Block/Road in UC Chatto magsi, UC-Dakhan, Madeji Town",23,70,Approved,20.01.25,Jun-27,314.052,61.8,,2026-2027,
1882,LGDWS-PP-23-0093,1882,"Construction / Providing of Paver Block/Road in UC Shahpur Jakhro, Ghano Wah, UC Gaheja, UC Jindodero",23,70,Approved,18.03.24,Jun-27,80.000,100.0,,2026-2027,
1883,LGDWS-PP-23-0094,1883,"Construction of Metalled Road, CC Block, CC Paver Block in various places of Taluka Digri, District Mirpurkhas (Revised Date: 12-05-2025 Capital: 509.80 Revenue: 0.00 Total Cost: 509.80)",23,70,Approved,15.04.24,Jun-27,509.800,54.0,,2026-2027,
1884,LGDWS-PP-23-0095,1884,"Construction / Improvement and Reconditioning of asphalt Roads, CC Block Cc Paver Block Ext: Drainage, Ext: Water Supply in various places of Taluka Jhudo District Mirpurkhas",23,70,Approved,08.03.24,Jun-27,199.760,91.4,,2026-2027,
1885,LGDWS-PP-23-0100,1885,"Providing & Laying of Paver Block in various villages of UC Turk Ali Mari, UC Khan, UC Patoyoon & UC Pir Azeem Shah, Taluka Hussain Bux Mari, District Mirpurkhas",23,70,Approved,21.07.23,Jun-27,99.960,100.0,,2026-2027,
1886,LGDWS-PP-23-0101,1886,"Providing & laying of paver Block in various villages of Deh Pir Azeem Shah, UC Old Mirpur, UC Ahmed Bux Narijo & Khan Town Taluka Hussain Bux Mari, District Mirpurkhas",23,70,Approved,21.07.23,Jun-27,99.907,100.0,,2026-2027,
1887,LGDWS-PP-23-0103,1887,"Constuction of Road, CC & Paver Block in various palces in Taluka Jhudo, Taluka Kot Ghulam Muhammad (Revised on 08.10.2024)",23,70,Approved,30.04.24,Jun-27,63.949,100.0,,2026-2027,
1888,LGDWS-PP-23-0104,1888,C.C roads in different muhallas of Chachro Town (Revised on 20.09.2024),23,70,Approved,27.07.23,Jun-27,96.888,100.0,,2026-2027,
1889,LGDWS-PP-23-0105,1889,C.C Roads in different Muhallas of Diplo Town and Islamkot,23,70,Approved,27.07.23,Jun-27,195.507,46.1,,2026-2027,
1890,LGDWS-PP-23-0106,1890,C.C Roads in different Muhallas of Chelhar Town (Revised on 13.12.2024),23,70,Approved,27.07.23,Jun-27,84.716,100.0,,2026-2027,
1891,LGDWS-PP-23-0107,1891,"Providing Paving Blocks in various Villages (i) Jhangal Malik (ii) Lal Bux (iii) Dodo Khan Bhutto and Fog Khan Bhutto (iv) Chak Mari near by-pass Ubauro (v) Pirano / Lari Khan / Rind Street & Ajaz Streets (vi) Hakim Pathan & various Streets of Ubauro City A) Construction of Agriculture Office, Waiting",23,70,Approved,03.04.24,Jun-27,100.000,100.0,,2026-2027,
1892,LGDWS-PP-23-0111,1892,"Shade, Compound Wall at Village Muhammad Hassan Chandio U.C Sadhno Taluka & District Sanghar. B) Construction of Public Park @ Village Muhammad Hassan Chandio UC Sadhno Taluka & District Sanghar. C) Construction of Pumping Room / Disposal Sewerage System Paving Block various Streets, 02 Nos. Filter Plant, Pipe Lining, Main Holes 02 Nos. Heavy Motors Streets Lights Solar System at Village Muhammad Hassan Chandio",23,70,Approved,15.05.24,Jun-27,166.130,56.0,,2026-2027,
1893,LGDWS-PP-23-0112,1893,U.C Sadhno Taluka & District Sanghar (Revised on 13.12.2024) Repair of Old Water Wroks & Replacement of Distributiojn lines of Water Supply Scheme of City Jhol. City Sinjhoro & city khandro,23,70,Approved,21.07.23,Jun-27,154.974,51.6,,2026-2027,
1894,LGDWS-PP-23-0113,1894,"Rural Drainage Scheme of Village Palyo leghari, Village Ghulam Shah Bhutto Deh.Kunro, Village karim Dino Wassan Deh. Bothro & City Rukan Burirrra (Revised Date: 12-05-2026 Capital: 234.13 Revenue: 0.00 Total Cost: 234.13)",23,70,Approved,21.07.23,Jun-27,234.128,27.5,,2026-2027,
1895,LGDWS-PP-23-0114,1895,"Rural Drainage Scheme of Village 32 Jamrao, & 25A jamrao & 25C Jamrao. Rural water Supply Scheme of Deputy Village Rural Drainage Scheme of Village Bhaji Deh.",23,70,Approved,21.07.23,Jun-27,189.219,25.3,,2026-2027,
1896,LGDWS-PP-23-0115,1896,"Bhaji, Village Hameer Khan Jariko Deh. Shahpurchakar & Village Haji Lal Muhammad Wasoo Deh. Pano Leghari. Rural Water Supply Scheme of Village Sahib Khan Rind Deh 33 Jamrao, Village Gidro Machi Deh 35 Jamrao & Village Leemo Khan Junejo Deh. Duthro (Revised Date: 12-05-2025 Capital: 231.81 Revenue: 0.00 Total Cost: 231.81)",23,70,Approved,21.07.23,Jun-27,231.811,64.4,,2026-2027,
1897,LGDWS-PP-23-0116,1897,(A) Construction of Paver block road from Dr. Mohan Lal Khatri hospital to Various Streets of Kumbhar Muhalla via Al-Falah Masjid Road (B) Construction of CC Drain & Paver Block at Various Streets of Maghwar Muhalla Hathungo town (Revised on 08.10.2024),23,70,Approved,27.07.23,Jun-27,110.862,100.0,,2026-2027,
1898,LGDWS-PP-23-0117,1898,Construction of Village Mir Hassan Mari Road to Village Bahadur Mari Road Mile Construction of Paver Block Khipro Khahi Road to Ashraf Colony (Revised on 20.09.2024),23,70,Approved,27.07.23,Jun-27,161.137,59.0,,2026-2027,
1899,LGDWS-PP-23-0118,1899,"Provision of Paver Block, Surface Drain and compound Wall of Eid Gah, Town committee Kandiaro",23,70,Approved,19.04.24,Jun-27,100.000,100.0,,2026-2027,
1900,LGDWS-PP-23-0119,1900,"Provision of Paver Block and surface Drain Different UC's Ghulam Shah, kandhar, Moria Jam noorullah. Muhbat Dero, Darbello. manchut. Kamal Dero, Shahmir Dero, Shaikhani. Ghanghra. Koro Khushik. muhabat Dero Sial, Kamal Dero, Dehat, Kotri Kabir. Behlani, Town Committee Halani",23,70,Approved,08.03.24,Jun-27,120.000,100.0,,2026-2027,
1901,LGDWS-PP-23-0120,1901,Provision of Paver Block and surface drain & Pumping Schemes Khanwan,23,70,Approved,30.04.24,Jun-27,70.000,100.0,,2026-2027,
1902,LGDWS-PP-23-0121,1902,"CC Paver Block and Drainage for Town Committee Tharushah Mehrabpur, Bhiria City Bhiria Road",23,70,Approved,19.04.24,Jun-27,50.000,100.0,,2026-2027,
1903,LGDWS-PP-23-0122,1903,(A) Drainage and Paver for TC Tharo Shah (B) Drainage and Paver for TC Behria Road (C) Road from Halani Tunia Baqa Shah to Allah Yar Punjabi (D) Drainage & Paver Block Kotri Kabeer (E) Road from Kotri Khanwan Roaod to Hayat Sahito,23,70,Approved,08.03.24,Jun-27,100.000,100.0,,2026-2027,
1904,LGDWS-PP-23-0123,1904,"1. Road from mohabat Dero to Fateh ali Jatoi 2Km. (2. Drainage & Bricks Payment for Uc Pacca Ghange, Khanwan and Various Villages of Taluka Kandiaro",23,70,Approved,08.03.24,Jun-27,100.000,100.0,,2026-2027,
1905,LGDWS-PP-23-0124,1905,"Drains, CC Topping / Paver Block, Brick Soling in Muntipal Committee Naushahro Feroze Town Committee Mithiani (Revised on 14.11.2024)",23,70,Approved,27.07.23,Jun-27,138.280,100.0,,2026-2027,
1906,LGDWS-PP-23-0125,1906,"Drains, CC Topping, Paver Block, Brick Soling Culvers in union Council, Lat. Thatt goraho. Dalipota, Abran, Bhurt (in various Villages) (Revised on 14.11.2024)",23,70,Approved,27.07.23,Jun-27,161.029,75.4,,2026-2027,
1907,LGDWS-PP-23-0126,1907,"Drains, CC Tpoing. Paver Block, Brick Solving, Culverts in Union Council Noorpur, Wagan, Phull, Bambhry Dangeja, Ladho Rano (in various Villages) (Revised on 14.11.2024)",23,70,Approved,27.07.23,Jun-27,154.279,69.8,,2026-2027,
1908,LGDWS-PP-23-0127,1908,"Drains, CC Tpoing. Paver Block, Brick Solving, Culverts in Union Council Detha, Palhano Cheeho Kliohi Talal (in various Villages) (Revised on 22.08.2024)",23,70,Approved,27.07.23,Jun-27,78.740,100.0,,2026-2027,
1909,LGDWS-PP-23-0128,1909,"Providing of C.C Paver Blocks & Surface Drains, C.C Topping and Culverts in Various Wards of. Muncipal Committee Moro, Naushahro Feroze and Town Committee Mithiani, Padidan, Darya Khan Mari",23,70,Approved,19.04.24,Jun-27,100.000,100.0,,2026-2027,
1910,LGDWS-PP-23-0129,1910,"Water supply line with all equipments and drain / Nallah sewerage line at Sharpao, Muslimabad, Muzaffarabad Malir (Revised Date: 11-05-2025 Capital: 404.99 Revenue: 0.00 Total Cost: 404.99)",23,70,Approved,11.03.24,Jun-27,404.990,10.8,,2026-2027,
1911,LGDWS-PP-23-0130,1911,Water supply line with all equipments and sewerage line at Majeed Colony Malir (Revised Date: 11-05-2025 Capital: 257.69 Revenue: 0.00 Total Cost: 257.69),23,70,Approved,11.03.24,Jun-27,257.690,39.0,,2026-2027,
1912,LGDWS-PP-23-0131,1912,"Water supply line with all equipment and sewerage line, Drain / Nallah at Cattle Colony Malir (Revised Date: 11-05-2025 Capital: 212.52 Revenue: 0.00 Total Cost: 212.52)",23,70,Approved,11.03.24,Jun-27,212.520,13.2,,2026-2027,
1913,LGDWS-PP-23-0133,1913,"Water supply line, sewerage pipe line, drain / nallah, paver block and road at Sherpao, Muslimabad, Muzaffarabad, Ibrahim Hyderi & Ali Akbar Shah Malir",23,70,Approved,02.08.23,Jun-27,179.911,100.0,,2026-2027,
1914,LGDWS-PP-23-0134,1914,"Construction / Reconstruction of roads, CC Paver along with sewerage, water suply at TMC Malir",23,70,Approved,02.08.23,Jun-27,99.885,100.0,,2026-2027,
1915,LGDWS-PP-23-0136,1915,"Construction of Road, Paver Block, Sewerage & Street Lights, in UC-Majeed Colony & khuldabad Malir Karachi",23,70,Approved,02.08.23,Jun-27,99.769,100.0,,2026-2027,
1916,LGDWS-PP-23-0137,1916,"Construction of Road, Paver Block, Sewerage & Street Lights, in UC-Cattle Colony, Malir Karachi",23,70,Approved,02.08.23,Jun-27,99.828,100.0,,2026-2027,
1917,LGDWS-PP-23-0138,1917,"Construction of Road, Paver Block, Sewerage, in UC-Shah Latif, Malir Karachi",23,70,Approved,02.08.23,Jun-27,99.909,100.0,,2026-2027,
1918,LGDWS-PP-23-0139,1918,"Construction / Rehabilitation of roads providing paver blocks and C.C flooring, providing and laying of water supply and sewerage system etc at different places of UC -6 TMC Maripur (Revised on 30.10.2024)",23,70,Approved,16.05.24,Jun-27,169.856,51.2,,2026-2027,
1919,LGDWS-PP-23-0140,1919,"Construction / Rehabilitation of roads, providing paver blocks and C.C flooring providing and laying of water supply and sewerage system at different places of UC-7 and 8 TMC Maripur (Revised on 30.10.2024)",23,70,Approved,16.05.24,Jun-27,185.195,50.9,,2026-2027,
1920,LGDWS-PP-23-0141,1920,"Construction / Rehabilitation of roads, providing paver blocks and C.C flooring providing and laying of water supply and sewerage system at different places of UC-9 TMC Maripur (Revised on 30.10.2024)",23,70,Approved,16.05.24,Jun-27,185.186,50.9,,2026-2027,
1921,LGDWS-PP-23-0142,1921,"Construction / Rehabilitation of roads, providing paver blocks and C.C flooring providing and laying of water supply and sewerage system at different places of UC-10 TMC Maripur (Revised on 30.10.2024)",23,70,Approved,16.05.24,Jun-27,185.175,72.7,,2026-2027,
1922,LGDWS-PP-23-0143,1922,"Construction / Improvement of Roads, Sewerage System, Paver Blocks & Water Supply in Old Golimar UC 06 & UC 07, District Keamari, Karachi. (Revised on 30.10.2024)",23,70,Approved,19.04.24,Jun-27,197.482,50.7,,2026-2027,
1923,LGDWS-PP-23-0144,1923,"Improvement of Sewerage System, Carpeting of roads, Paver Blocks & Istallation of water Supply at Surrounding Areas of Shershah, District Keamari, Karachi (Revised on 30.10.2024)",23,70,Approved,19.04.24,Jun-27,89.729,100.0,,2026-2027,
1924,LGDWS-PP-23-0145,1924,"Rehabilation of Roads, Installation of Sewarage / Drainage System & Water Supply, Paver Streets at surrounding areas of Jahanabad, District Keamari, Karachi. (Revised on 30.10.2024)",23,70,Approved,19.04.24,Jun-27,89.737,100.0,,2026-2027,
1925,LGDWS-PP-23-0146,1925,"Construction of Nala, Sewerage Line, in Defferent Ucs of Keamari (Revised on 26.02.2025)",23,70,Approved,03.06.24,Jun-27,279.022,100.0,,2026-2027,
1926,LGDWS-PP-23-0147,1926,Rehabilitation of Road Paver Blocks in Deferent Ucs of District Kemari Karachi (Revised on 30.10.2024),23,70,Approved,19.04.24,Jun-27,132.067,52.2,,2026-2027,
1927,LGDWS-PP-23-0148,1927,"Rehabilitation / Improvement of different streets road including water line, Sewerage Nala line, CC flooring and Paver Works at UC- 1 & 2, District Keamari Karachi. (Revised on 30.10.2024)",23,70,Approved,16.05.24,Jun-27,167.421,51.2,,2026-2027,
1928,LGDWS-PP-23-0149,1928,"Rehabilitation / Improvement of different streets road including water line Sewerege Nala Line CC Flooring and Paver Works at UC 2 & 3, District Keamari Karachi (Revised on 30.10.2024)",23,70,Approved,16.05.24,Jun-27,197.912,100.0,,2026-2027,
1929,LGDWS-PP-23-0150,1929,"Rehabilitation / Improvement of different streets road including water line Sewerege Nala Line CC Flooring and Paver Works at UC 4 & 5 & 6 & 7 & 8, District Keamari Karachi (Revised on 30.10.2024)",23,70,Approved,16.05.24,Jun-27,191.140,50.8,,2026-2027,
1930,LGDWS-PP-23-0151,1930,"Rehabilitation / Improvement of different streets road including water line Sewerege Nala Line CC Flooring and Paver Works at UC 9 & 10 & 11 & 12 & 13, District Keamari Karachi (Revised on 30.10.2024)",23,70,Approved,16.05.24,Jun-27,196.813,72.8,,2026-2027,
1931,LGDWS-PP-23-0152,1931,"Rehabilitation / Improvement of different streets road including water line Sewerege Nala Line CC Flooring and Paver Works at Pathan Colony, Metrovill, Site and New Included area of District Keamari Karachi (Revised on 30.10.2024)",23,70,Approved,16.05.24,Jun-27,194.698,50.7,,2026-2027,
1932,LGDWS-PP-23-0153,1932,Road Carpet and Paver Block in Baldia Town UC-12 (Revised on 30.10.2024),23,70,Approved,19.04.24,Jun-27,129.001,52.3,,2026-2027,
1933,LGDWS-PP-23-0154,1933,Road Carpet and Paver Block in Gapopat (Revised on 30.10.2024),23,70,Approved,19.04.24,Jun-27,102.624,54.3,,2026-2027,
1934,LGDWS-PP-23-0155,1934,Road Carpet and Paver Block at Lal Bakhar- Budni Goth and Musharaf Colony (Revised on 30.10.2024),23,70,Approved,19.04.24,Jun-27,131.041,52.3,,2026-2027,
1935,LGDWS-PP-23-0156,1935,Road Carpet and Paver Block Maripur and Muhammadi Colony (Revised on 30.10.2024),23,70,Approved,16.05.24,Jun-27,199.945,100.0,,2026-2027,
1936,LGDWS-PP-23-0157,1936,"Rehabilitation & upgradation of water lines 24- 28-12-10-08-06-04 inches MS Pipe for improvement of water supply in Yousif Goth, Abdul Raheem Goth, Siddique Goth, Nasri Goth etc in Gadap Town and Surjani West ( revised on 18.02.2025)",23,70,Approved,22.05.24,Jun-27,130.607,23.2,,2026-2027,
1937,LGDWS-PP-23-0158,1937,"Upgradation of sewerage system and drainage system in Several toths of Uc-12, TMc Manghopir, Gulshan-e-Maymar and surrounding areas Karachi. ( Revised on 26.02.2025)",23,70,Approved,16.05.24,Jun-27,313.318,100.0,,2026-2027,
1938,LGDWS-PP-23-0159,1938,Road Carpet & Paver Block in Moach Goth UC 1 & UC4 (Revised on 30.10.2024),23,70,Approved,19.04.24,Jun-27,76.951,100.0,,2026-2027,
1939,LGDWS-PP-23-0160,1939,Sewerage Line at Yousuf Goth (Revised on 30.10.2024),23,70,Approved,19.04.24,Jun-27,187.949,51.6,,2026-2027,
1940,LGDWS-PP-23-0162,1940,Improvement / Rehabilitation of different roads and Lyaing of paver blocks along with Sewerage system in Christian/Minority areas in District West (Revised on 30.10.2024),23,70,Approved,03.06.24,Jun-27,89.659,100.0,,2026-2027,
1941,LGDWS-PP-23-0164,1941,Improvement / Rehabilitation of Different roads and Laying of paver blocks along with Sewerage system in Christian / Minority areas in Karachi East,23,70,Approved,02.08.23,Jun-27,99.997,100.0,,2026-2027,
1942,LGDWS-PP-23-0166,1942,"Construction of metaled road and tuff paver tile in internal and surrounding areas of UC-1 Sohrab Goth Town, Jangabad, Seven Star and Ganna Mandi District East, Karachi.",23,70,Approved,02.08.23,Jun-27,59.969,100.0,,2026-2027,
1943,LGDWS-PP-23-0173,1943,"Improvement of Roads, Paving Street and Sewerage system in different street and surrounding areas of Khamiso Goth Karachi",23,70,Approved,02.08.23,Jun-27,199.861,100.0,,2026-2027,
1944,LGDWS-PP-23-0175,1944,"Rehabilitation / Improvement of roads, watersupply, sewerage, storm water drainage, electrical works in Nazimbabad zone",23,70,Approved,02.08.23,Jun-27,99.923,100.0,,2026-2027,
1945,LGDWS-PP-23-0176,1945,"Rehabilitation / Improvement of roads, watersupply, sewerage, storm water drainage, electrical works in North Nazimabad zone",23,70,Approved,02.08.23,Jun-27,99.907,100.0,,2026-2027,
1946,LGDWS-PP-23-0180,1946,"Tough Tile Paver Road Ward No. 01 to 16, MC Kandhkot, Phase-II",23,70,Approved,29.02.24,Jun-27,99.973,40.5,,2026-2027,
1947,LGDWS-PP-24-0001,1947,"Karachi Water & Sewerage Services Improvement Project (KWSSIP) Phase-II. (Total Cost Rs.167,100.000 Million (US $ 600 Million)), (World Bank 40%, AIIB 40%, GoS 20%)",23,70,Approved,29.06.24,Jun-27,33420.000,19.0,,2026-2027,
1948,LGDWS-PP-24-0002,1948,Lyari Transformation Project (Survey & Feasibility Study) (PC-II),23,70,Approved,03.02.25,Jun-27,170.636,100.0,,2026-2027,
1949,LGDWS-PP-25-0001,1949,Rehabilitation / Replacement for Improvement of water supply system including pumping station in District Malir in different UC’s of PS-89,23,70,Approved,02.09.25,Jun-27,148.000,13.7,,2026-2027,
1950,LGDWS-PP-25-0002,1950,Improvement & replacement of A Area Pumping Station at Khokhrapar #4 UC-1 Gahreebabad TMC Malir,23,70,Approved,02.09.25,Jun-27,144.143,13.2,,2026-2027,
1951,LGDWS-PP-25-0003,1951,Rehabilitation of Khuldabad Water Pumping station under Distt. Malir E&M-W Town KW&SC,23,70,Approved,02.09.25,Jun-27,88.830,17.5,,2026-2027,
1952,LGDWS-PP-25-0004,1952,Functionalization of Adam Hingora Goth Water Supply Pumping Station at UC-01 Ghareebabad TMC Malir,23,70,Approved,02.09.25,Jun-27,170.240,100.0,,2026-2027,
1953,LGDBD-PP-25-0004,1953,Construction of Disposal at Shaikh Zaid Colony,23,70,Approved,27.01.26,Jun-27,45.000,100.0,,2026-2027,
1954,LGDWS-PP-25-0005,1954,"Construction of Lal Shahbaz Qalandar road by cement Concrete Paver and Replacement of Old Sewerage line (Trunk Line) from Taj Masjid to Friend CNG station, including Water Supply in Mehmoodabad TMC Chanesar District East., Karachi",23,70,Approved,24.03.26,Jun-27,548.000,4.6,,2026-2027,
1955,LGDBD-PP-25-0005,1955,Development of old city area in Karachi,23,70,Approved,11.08.25,Jun-27,744.500,99.9,,2026-2027,U/R
1956,LGDWS-PP-25-0006,1956,"Development of infrastructure of sewerage work, water supply work, RCC Drain & RCC Culverts of Block-68, Hawksbay Scheme-42, allotted to Members of Karachi Press Club",23,70,Approved,23.10.25,Jun-27,200.000,20.0,,2026-2027,
1957,LGDBD-PP-25-0006,1957,improvement and development of various business areas in Karachi,23,70,Approved,11.08.25,Jun-27,1050.250,75.0,,2026-2027,
1958,LGDWS-PP-25-0007,1958,Improvement of drainage system at Sukkur (Phase-III),23,70,Approved,18.02.26,Jun-27,1498.997,100.0,,2026-2027,
1959,LGDWS-PP-25-0008,1959,Allocation for Cap-rp and gap of K-IV main Phase-I (260 mgd) being associated facility of augmentation works under WB esf for KWSSIP-II,23,70,Approved,10.06.25,Jun-27,1221.890,100.0,,2026-2027,
1960,LGDWS-PP-25-0009,1960,"Providing, Laying, Jointing & Testing 32” Dia (800mm) P.E Water Supply Rising Main from Combined Channel Upstream (Head Reach) To 6 MGD Filter Plant Unit # 4 Latifabad, Hyderabad",23,70,Approved,27.10.25,Jun-27,1290.297,72.6,,2026-2027,
1961,LGDWS-PP-25-0010,1961,Providing of Paver Block & Construction of Surface Drains in City Therhi & different villages of Town Committee Therhi Taluka and District Khairpur,23,70,Approved,28.08.25,Jun-27,95.000,100.0,,2026-2027,
1962,LGDWS-PP-25-0011,1962,"Construction of Compund Wall to EidGah including paver block flooring at village Ber Sharief and Construction of compund walls around two Graveyards on west side and east side of village Ber Sharief, Taluka Kamber, District, Kamber-Shahdadko",23,70,Approved,04.03.26,Jun-27,54.329,27.6,,2026-2027,
1963,LGDWS-PP-25-0012,1963,"Construction of metalled road/ cc pavers from patte village, Dingro wah up to attire Bullo village Taluka & District Ghotki (Remaining Work) (Revised Date: 04-03-2026 Capital: 188.40 Revenue: 0.00 Total Cost: 188.40)",23,70,Approved,28.08.25,Jun-27,188.402,100.0,,2026-2027,
1964,LGDWS-PP-25-0013,1964,"Construction of 6 MGD Rapid Gravity Water Treatment Plant at Village Misri Sheikh Qasimabad, Hyderabad.",23,70,Approved,03.11.25,Jun-27,2200.000,65.9,,2026-2027,
1965,LGDWS-PP-25-0014,1965,Consruction of 06 Mgd Rapid Gravity Water Filtration Plant @ Khanpota Taluka Hyderabad Phase-I,23,70,Approved,03.11.25,Jun-27,1320.000,70.9,,2026-2027,
1966,LGDWS-PP-25-0015,1966,"Construction/ Rehabilitation Of Storm Water Drain And Road From E Market Pechs Block6 To Main Mehmoodabad Drain, Dist. East. Karachi",23,70,Approved,06.04.26,Jun-27,488.540,7.6,,2026-2027,
1967,LGDWS-PP-25-0016,1967,Lyari Transformation Package,23,70,Approved,02.12.25,Jun-27,4999.974,100.0,,2026-2027,
1968,LGDWS-PP-25-0017,1968,"Supplying, Fixing & Testing of Street Lights on Median @ Auto Bhan Road, Latifabad, Hyderabad",23,70,Approved,24.03.25,Jun-27,194.000,51.5,,2026-2027,
1969,LGDWS-PP-25-0018,1969,Rehabilitation / Development Of Infrastructure Of Block-3-a Of Hawksbay Scheme-42 Allotted To Members Of Karachi Press Club,23,70,Approved,23.10.25,Jun-27,150.000,19.2,,2026-2027,
1970,LGDWS-PP-25-0019,1970,Construction of various Development Schemes for all Union Councils of District Larkana,23,70,Approved,27.10.25,Jun-27,296.171,91.5,,2026-2027,
1971,LGDWS-PP-25-0020,1971,"Constt: of paver block and sewerage and street lights in UC-6 Main Double Kashmir Road, Chanesar Town, Distt: East",23,70,Approved,13.08.25,Jun-27,199.203,37.7,,2026-2027,
1972,LGDWS-PP-25-0021,1972,"Construction of Paver/CC Blocks in various villages of UC-74, 83,84, 85, 86 & 87 TMC Tando Fazal PS-61 Taluka Rural District Hyderabad [Ref#496]",23,70,Approved,21.07.25,Jun-27,60.000,100.0,,2026-2027,
1973,LGDWS-PP-25-0023,1973,Construction of Paver/CC Blocks in various Villages TMC Tando Fazal PS-61 Taluka Rural District Hyderabad [Ref#495],23,70,Approved,21.07.25,Jun-27,60.000,100.0,,2026-2027,
1974,LGDWS-PP-25-0024,1974,"Construction of CC Paving block / CC block & open Surface Drain at Various Villages of UC 01,02,03 & UC 142 to 160 Taluka Qasimabad District Hyderabad [Ref#297]",23,70,Approved,21.07.25,Jun-27,80.000,100.0,,2026-2027,
1975,LGDWS-PP-25-0025,1975,Provision of Paverblock i/c necessary sewerage to different cities & villages of PS-73 Sujawal [Ref#62],23,70,Approved,21.07.25,Jun-27,78.800,100.0,,2026-2027,
1976,LGDWS-PP-25-0026,1976,"Construction of CC Paving block / CC block & open Surface Drain at Various Villages of UC 55,56,57,58,59,60 to 87 Taluka Rural District Hyderabad [Ref#298]",23,70,Approved,21.07.25,Jun-27,170.000,100.0,,2026-2027,
1977,LGDWS-PP-25-0027,1977,"Construction of Paver/CC Blocks in various villages of UC-61,62, 63, 67, 68, 69 & 70 TMC Tando Jam PS-61, Taluka Rural District Hyderabad [Ref#498]",23,70,Approved,21.07.25,Jun-27,70.000,100.0,,2026-2027,
1978,LGDWS-PP-25-0029,1978,"Construction of Paver/CC Blocks in various villages of UC- 55, 56, 57, 58, 59 & 60 TMC Tando Jam PS-61Taluka Rural District Hyderabad [Ref#497]",23,70,Approved,21.07.25,Jun-27,60.000,100.0,,2026-2027,
1979,LGDWS-PP-25-0030,1979,"R/M of Sewerage Line and Providing & Fixing of Paving CC Block at Bilawal Shah Goth, UC- 3, TMC Safoora District East, Karachi [Ref#301]",23,70,Approved,13.08.25,Jun-27,50.000,100.0,,2026-2027,
1980,LGDWS-PP-25-0031,1980,"R/M of Sewerage Line and Providing & Fixing of Paving CC Block at Block F and G, Abdullah Shah Ghazi Goth, UC3, TMC Safoora, District East Karachi [Ref#302]",23,70,Approved,13.08.25,Jun-27,50.000,100.0,,2026-2027,
1981,LGDWS-PP-25-0032,1981,"Providing & Fixing of Paving CC Block at Al Rahim Raza City, Phase-2 and Block F-3, UC- 3, TMC Safoora Karachi East [Ref#303]",23,70,Approved,13.08.25,Jun-27,50.000,100.0,,2026-2027,
1982,LGDWS-PP-25-0033,1982,"Providing & Fixing of Paving CC Block at Block 10 A to E Abdullah Shah Ghazi Goth UC-3, TMC Safoora District East [Ref#304]",23,70,Approved,13.08.25,Jun-27,50.000,100.0,,2026-2027,
1983,LGDWS-PP-25-0034,1983,"Providing & Fixing of Paving CC Block at Haji Ramzan Gabol Goth, Burfat Goth, Usmania Mohalla and Pallari Mohallah UC4, TMC Safoora District East Karachi [Ref#305]",23,70,Approved,13.08.25,Jun-27,50.000,100.0,,2026-2027,
1984,LGDWS-PP-25-0035,1984,"Improvement / Rehabilitation of Different Streets by Paver Blocks including Water Supply and Sewerage System of Different Dia at Akhter Colony Kashmir Colony, UC-06 TMC Chanesar District East [Ref#709]",23,70,Approved,13.08.25,Jun-27,100.000,100.0,,2026-2027,
1985,LGDWS-PP-25-0036,1985,"Improvement / Rehabilitation of Different Streets by Paver Blocks including Water Supply and Sewerage Line of 9' dia , 12' dia at Manzoor Colony-I Ward 01 to Ward 03, UC-05 TMC Chanesar District East [Ref#710]",23,70,Approved,13.08.25,Jun-27,100.000,100.0,,2026-2027,
1986,LGDWS-PP-25-0037,1986,"Betterment of Different Streets by Paver Block including laying of Sewerage Line of 12' dia at street No. 1, 6, 7, 8 & 10 Nallah Par at Azam Basti UC-07 TMC Chanesar District East [Ref#711]",23,70,Approved,13.08.25,Jun-27,100.000,100.0,,2026-2027,
1987,LGDWS-PP-25-0038,1987,"Improvement / Rehabilitation of Streets No, 12, 14 & Adjoining Streets of Reham Colony, Manzoor Colory-II UC-04, TMC Chanesar, District East [Ref#712]",23,70,Approved,13.08.25,Jun-27,50.000,100.0,,2026-2027,
1988,LGDWS-PP-25-0039,1988,"Repair / Maintenance of various streets by Paver Block including laying of Sewerage Line 15' at Hill Area & Bab-e-Khayber Road Ward 04, Chanesar Goth, UC -08, TMC Chanesar, District East [Ref#713]",23,70,Approved,13.08.25,Jun-27,50.000,100.0,,2026-2027,
1989,LGDWS-PP-25-0040,1989,"Repair / Maintenance of various streets by Paver Block including laying of sewerage line of Different dia in Ward 02, Chanesar Goth, UC-08, TMC Chanesar, District East [Ref#714]",23,70,Approved,13.08.25,Jun-27,50.000,100.0,,2026-2027,
1990,LGDWS-PP-25-0041,1990,"Improvement Of Different Streets by Paver Blocks including Water Supply and Sewerage System of Different 12' & 15' at ward 1 & ward 2, Chanesar Goth UC-08, TMC Chanesar District (East) [Ref#939]",23,70,Approved,13.08.25,Jun-27,100.000,100.0,,2026-2027,
1991,LGDWS-PP-25-0042,1991,"Improvement / Rehabilitation Of Different Streets by Paver Blocks including Water Supply and Laying of Sewerage Line 9' & 12' Dia Baloch Colony & Umer Colony different Wards, UC-03, TMC Chanesar District (East) [Ref#940]",23,70,Approved,13.08.25,Jun-27,50.000,100.0,,2026-2027,
1992,LGDWS-PP-25-0043,1992,"Betterment Of Different Streets by Paver Blocks including Laying of Sewerage Line of 12' Dia at E Market and Sorrounding areas, PECHS UC-01, TMC Chanesar, District (East) [Ref#941]",23,70,Approved,13.08.25,Jun-27,50.000,100.0,,2026-2027,
1993,LGDRS-PP-25-0044,1993,"Construction / Rehabilitation of RCC Sewerage Pipe Line and Metaled Road near Jholy Wali Pull, Achar Salar Goth UC Ghaghar, District Malir, Karachi. [Ref#208]",23,70,Approved,21.04.26,Jun-27,50.000,100.0,,2026-2027,
1994,LGDWS-PP-25-0044,1994,"Improvement/Rehabilitation of Different Streets by Paver Blocks of Ward-01 to Ward- 03, Manzoor Colony -II, UC-04, TMC Chanesar District (East) [Ref#932]",23,70,Approved,13.08.25,Jun-27,100.000,100.0,,2026-2027,
1995,LGDWS-PP-25-0045,1995,"Betterment Of Different Streets by Paver Blocks including Laying of Sewerage Line of 9' Dia & 12 Dia & Water Supply work at Mehmoodabad, UC-03, TMC Chanesar District (East) [Ref#933]",23,70,Approved,13.08.25,Jun-27,100.000,100.0,,2026-2027,
1996,LGDWS-PP-25-0046,1996,"Water Supply and Distribution Line PE Pipe Line DIA, 3,4,6,8,10,12 Inch in Various Streets of Dadu City [Ref#21]",23,70,Approved,26.09.25,Jun-27,50.000,100.0,,2026-2027,
1997,LGDWS-PP-25-0047,1997,"Rehabilitation and Extention of Water Supply Scheme Piyaro Station, Village Jat Shahdad and adjourning Villages drains and paving block. Village Sahib Khan Lahban Water Supply [Ref#22]",23,70,Approved,26.09.25,Jun-27,99.124,100.0,,2026-2027,
1998,LGDRS-PP-25-0048,1998,Construction of Tuff Pavers at Various Villages of Taluka Garhi Khairo District Jacobabad [Ref#17],23,70,Approved,07.05.26,Jun-27,190.000,100.0,,2026-2027,
1999,LGDWS-PP-25-0048,1999,"Dranage system with disposal and paving Block at Marvi Colony Dadu & Pir Muhammad Murad, Dadu City and widening re- conditioning of road from Indus Highway to Panjmore in portion. [Ref#23]",23,70,Approved,30.10.25,Jun-27,100.000,100.0,,2026-2027,
2000,LGDRS-PP-25-0049,2000,"Construction of Tuff Pavers at Village Shafi Muhammad Brohi, Noor Muhammad Brohi, Village Muhammad Iqbal Kandarani, Village Zohaib Khan Kandrani, Ali Khan Burriro, Village Yasir Ali Burriro, Taluka Thul, District Jacobabad. [Ref#18]",23,70,Approved,07.05.26,Jun-27,60.000,100.0,,2026-2027,
2001,LGDWS-PP-25-0049,2001,"Drainage system with disposal and paving Block at Village Nabi Bux Solangi, Jumma Chohan and Gul Muhammad Magsi. [Ref#24]",23,70,Approved,26.09.25,Jun-27,50.000,100.0,,2026-2027,
2002,LGDRS-PP-25-0050,2002,"Construction of Tuff Pavers at Various Villages of UC Baqapur, UC Alipur, UC Dasti Taluka & District Jacoabbad [Ref#20]",23,70,Approved,07.05.26,Jun-27,120.000,100.0,,2026-2027,
2003,LGDWS-PP-25-0050,2003,"Drainage system with disposal and paving block at village Khatt Kolachi, Village Nandhi Sitta and improvement of road Patt to Sitta Village. [Ref#25]",23,70,Approved,30.10.25,Jun-27,100.000,100.0,,2026-2027,
2004,LGDWS-PP-25-0051,2004,"Water Supply and Distribution Line PE Pipe Line Dia, 3,4,6,8,10,12 Inch in various streets of Phulji Station [Ref#27]",23,70,Approved,30.10.25,Jun-27,50.000,100.0,,2026-2027,
2005,LGDWS-PP-25-0052,2005,Construction of Drainage System with Disposal and Paver Block at Government Degree College Boys Dadu and Government Girls College Dadu and others schools and colleges of Dadu City [Ref#1017],23,70,Approved,30.10.25,Jun-27,50.000,100.0,,2026-2027,
2006,LGDWS-PP-25-0053,2006,Construction of drainage systems with disposal and improvements of drainage schemes from ward 1 to 12 Dadu city [Ref#1018],23,70,Approved,26.09.25,Jun-27,100.000,100.0,,2026-2027,
2007,LGDWS-PP-25-0054,2007,Construction of drainage system with disposal and paving block and improvement of drainage schemes Ward 13 to 24 Dadu City [Ref#1019],23,70,Approved,26.09.25,Jun-27,100.000,100.0,,2026-2027,
2008,LGDWS-PP-25-0055,2008,"Solarization Of Tube Well For Turbine Motors 10.00 BHP For 40 Nos Tube Wells For Water Supply Scheme, Ghari Pull, Khushuk Goth, Bhurgri Regulator, Dabber Osta Gahi Pumping Stations For City Khairpur [Ref#691]",23,70,Approved,28.08.25,Jun-27,100.000,100.0,,2026-2027,
2009,LGDWS-PP-25-0056,2009,"Solarization of Drainage Disposals Jamali Goth, Sukh Pull Shahbaz Colony Banaras Colony Pir Jind Wado, Superior Science College, Unar Colony, Usta Gahi, Khakhi Shah Pull Disposals for Drainage Scheme City Khairpur [Ref#690] RefIxing Of Paver Block & Rehabilitation Of",23,70,Approved,28.08.25,Jun-27,100.000,100.0,,2026-2027,
2010,LGDWS-PP-25-0062,2010,"Drains Of Various Muhallas Of MC Khairpur: Muhalla Wandh, Hareeb Abad Jan Muhalla Janwari, Mustafa Colony, Old Post Office Hashim Narejo Street Mill Colony, Sheesham Colony, Waqar Shah Chowk Luqman, Munshi Muhalla (Wado Alam Street, Shahi Bazar Street, Bukhari Muhalla Street Toward Shahi Bazar, Sarafa Bazar Sonarki Street & Rehabilitation Of Drain Nama From Luqman Phatak To Railway Station Luqman, 50kv Transformer For Nao Goth Muhallah Ali Murad Disposal [Ref#683]",23,70,Approved,16.09.25,Jun-27,60.000,100.0,,2026-2027,
2011,LGDWS-PP-25-0063,2011,"Drainage & Paver Scheme In Various Villages Of Taluka Khairpur. Rehabilitation Of Drainage & Paver Block & Remaining Work Of Water Supply Scheme For Village Manjhi Khan Katohar, Drainage & Paver Block In Village Rasool Bux Morejo, Drainage & Paver Block With Foot Bridge At Village Jam Khan Katohar, Remaining & Paver Block Of Village Kamil Ujjan, Drainage & Paver Block Scheme Of Village Khuda Abad, Mehmood Goth, Muhalla Bheel, Remaining Work Of Drainage & Paver Block In Village Mitho Mari [Ref#684]",23,70,Approved,16.09.25,Jun-27,50.000,100.0,,2026-2027,
2012,LGDWS-PP-25-0064,2012,"Drainage & Paver Schemes In Various Villages Of Taluka Khairpur. Drainage & Paver Block Scheme In Village Haji Khan Kalhoro, Bailo Kalhoro & Khair Muhammad Kalhoro, Rehabilitation Of Drainage & Paver Block Of Village Jhanghi Goth, Drainage & Paver Block Scheme Of Village Shehzore Phulpoto, Village Drabho & Abdullah Phulpoto, Drainage & Paver Block Scheme Of Village Faiz Wah Mashori In Muhallah Channa, Chaanghra, Juneja, Syed & Various Muhalls Of Faiz Wah Mashori, Rehabilitation Of Drainage & Paver Block In Village Qadir Bux Maitlo, Koad Maitlo & Baagh Maitlo, Rehabilitation Of Drainage & Paver Block Of Village Shah Bhangion [Ref#685]",23,70,Approved,16.09.25,Jun-27,65.000,100.0,,2026-2027,
2013,LGDWS-PP-25-0065,2013,"Rehabilitation Of Paver & Drainage Scheme In Various Areas/Villages Of Taluka Khairpur. Rehabilitation Of Paver Block With Drain Nala Of Momin Madarsa To Phulpota Mosque Bhurgri, Rehabilitation Of Drain & Paver Block Of Village Usman Bhayo, Rehabilitation Of Drainage & Paver Scheme In Various Muhallas Of Village Bugti, Rehabilitation Of Paver & Drainage Scheme Of Village Haji Rustam Naich, Rehabilitation Of Drainage & Paver Block With Disposal Work Of Village Khedo Goth, Drainage & Paver Block Scheme Of Village Danwro & Drainage & Paver Block For Village Imam Bux Shaikh & Mehboob",23,70,Approved,16.09.25,Jun-27,70.000,100.0,,2026-2027,
2014,LGDWS-PP-25-0066,2014,"Shaikh [Ref#688] Rehabilitation & Construction of Road schemes in various villages / areas of Taluka Khairpur. Recondition of road with paver block from Priyaloi bridge to village Nihal Khan Baloch upto Bhaghar Wah, Construction of road from NHA to village Sonu Kandhro, Drainage & Paver Block scheme of Overhead bridge near Jan Muhammad Janwri [Ref#686]",23,70,Approved,16.09.25,Jun-27,75.000,100.0,,2026-2027,
2015,LGDWS-PP-25-0067,2015,"Rehabilitation of Asphalt Road with Paver & Drain Nala from Garhi Pull to Mehran Engieering College upto Dilshad Park, & Solarization of Ladies Gymkhana Club Khairpur [Ref#687]",23,70,Approved,22.10.25,Jun-27,50.000,100.0,,2026-2027,
2016,LGDWS-PP-25-0068,2016,"Rehabilitation Asphalt Road from Old NHA Babarloi via Link Road Wadero Basheer Shaikh, Soomra Muhalla, Phaliya, Syed, Sathiyo Wah Road via BHU Babarloi, Rehabilitation of to Waris Ganbhir Remaining Portion, Construction of Road Scheme for Village Gul Hassan Mari, Rehabilitation of Asphalt Road with from Pir Goth Road to Village Sonu Solangi via Badai upto Pir Hajina Shah, Recondition of Road from Kotpull to Bagh Wah Remaining Portion, Reconditioning",23,70,Approved,22.10.25,Jun-27,80.000,100.0,,2026-2027,
2017,LGDWS-PP-25-0069,2017,Asphalt Road from Sathiyo Wah to Ramzan Drain (Remaining Portion) [Ref#692] Rehabilitation of Road Schemes of various Villages of Taluka Khairpur [Ref#693],23,70,Approved,22.10.25,Jun-27,100.000,100.0,,2026-2027,
2018,LGDWS-PP-25-0070,2018,"Rehabilitation Road work of Village Simang Channa including CC Paving Block, Drain Nala, Drain Cross, Taluka and District Khairpur [Ref#293]",23,70,Approved,22.10.25,Jun-27,50.000,100.0,,2026-2027,
2019,LGDWS-PP-25-0071,2019,Improvement & Extension of Water Supply Scheme MC K.N Shah City Taluka K.N Shah District Dadu. [Ref#143],23,70,Approved,16.09.25,Jun-27,150.000,100.0,,2026-2027,
2020,LGDWS-PP-25-0072,2020,"Providing and Laying Paver Block & Surface Drain at different villages of UC Kakar, UC Mitho Babar, UC Boriri Taluka K.N Shah District Dadu. [Ref#145]",23,70,Approved,16.09.25,Jun-27,50.000,100.0,,2026-2027,
2021,LGDWS-PP-25-0073,2021,"Providing and Laying Paver Block & Surface Drain at different villages of MC K.N Shah ,UC Chore, UC Thalho, UC Butira & UC Bughia Taluka K.N Shah District Dadu. [Ref#146]",23,70,Approved,16.09.25,Jun-27,100.000,100.0,,2026-2027,
2022,LGDWS-PP-25-0074,2022,Providing and Laying Paver Block & Surface Drain at different villages of UC Fatihpur UC Kande Chukhi & UC Gadhi Taluka K.N Shah District Dadu. [Ref#147],23,70,Approved,16.09.25,Jun-27,50.000,100.0,,2026-2027,
2023,LGDWS-PP-25-0075,2023,"Providing and Laying Paver Block & Surface Drain at different villages of UC Faridabad, UC Khan Jo Goth, UC Mangwani, UC Charo, UC Saeed Pur Taluka Mehar District Dadu. [Ref#148]",23,70,Approved,16.09.25,Jun-27,50.000,100.0,,2026-2027,
2024,LGDWS-PP-25-0076,2024,Construction of Water Supply Scheme & Drainage Schemes for Village Gahi Mahesar Taluka Mehar. [Ref#137],23,70,Approved,16.09.25,Jun-27,100.000,100.0,,2026-2027,
2025,LGDWS-PP-25-0077,2025,"Construction of Water Supply Schemes for Villages Rahimadad Sohu, Sheehan Jo Daro, Mubarak Khoso, Hisab Jatoi, Rehablitation of Water Supply Schemes Pipri Taluka Mehar [Ref#138]",23,70,Approved,16.09.25,Jun-27,100.000,100.0,,2026-2027,
2026,LGDWS-PP-25-0078,2026,"Providing and Laying P.E Water Supply Pipe Line at Different areas of Clifton, District South, Karachi [Ref#241]",23,70,Approved,16.09.25,Jun-27,99.030,100.0,,2026-2027,
2027,LGDWS-PP-25-0079,2027,"Providing and Laying RCC sewerage pipe line / providing and laying P.E water supply pipe line / construction of metalled road & Providing and laying CC tuff paver blocks at UC-08 / UC-09 / UC-10 / UC-11 / UC-12 / UC-13, District South, Karachi [Ref#243]",23,70,Approved,16.09.25,Jun-27,100.000,100.0,,2026-2027,
2028,LGDWS-PP-25-0080,2028,"Providing and Laying RCC sewerage pipe line / providing and laying P.E Water Supply pipe & Providing and laying CC Tuff paver blocks at different areas of Cantonment Board Clifton District South, Karachi [Ref#244]",23,70,Approved,16.09.25,Jun-27,50.000,100.0,,2026-2027,
2029,LGDWS-PP-25-0081,2029,"Providing and Laying RCC sewerage pipe line / providing and laying P.E water supply line & Providing and Laying CC tuff paver blocks at ward 1 to ward 10 of Cantonment Board including Neelum Colony ward 7 & P&T Colony Ward 10 for water tank Clifton & Improvement / Rehabilitation of Metalled Road in Neelum & P&T Colony & Other areas in NA-241, Clifton District South, Karachi",23,70,Approved,16.09.25,Jun-27,50.000,100.0,,2026-2027,
2030,LGDWS-PP-25-0082,2030,"[Ref#245] Installation of Water Supply Line, Sewerage Line Laying Paver Block & Construction of road in ward 2 UC 3, ward 4 UC 11 ward 1,2,3,4 UC 12 Baldia Town PS 111, District Kemari Karachi [Ref#233]",23,70,Approved,28.08.25,Jun-27,100.000,100.0,,2026-2027,
2031,LGDWS-PP-25-0083,2031,"Providing / Laying Sewerage Line and Water Supply Line at Jahanabad, Golimar, Old Golimar and Pak Colony NA-243,District Keamari,Karachi. [Ref#306]",23,70,Approved,26.09.25,Jun-27,100.000,100.0,,2026-2027,
2032,LGDWS-PP-25-0084,2032,"Providing / Laying Sewerage Pipe Line and Water Supply Line at Sher Shah, Gulbai, Mauripur, Budhni Goth and Lal Bakhar NA- 243,District Keamari, Karachi. [Ref#307]",23,70,Approved,26.09.25,Jun-27,100.000,100.0,,2026-2027,
2033,LGDWS-PP-25-0085,2033,"Providing / Laying Paver Block, Road Carpeting and Sewerage Pipe Line at Popat Goth, Golimar, Hasarat Mohani Colony and Gulbai NA-243,District Keamari, Karachi. [Ref#308]",23,70,Approved,19.11.25,Jun-27,100.000,100.0,,2026-2027,
2034,LGDWS-PP-25-0086,2034,"Providing / Laying Paver Block and Water Supply Line at UC-01 Gabopat and UC-04 Mowach Goth NA-243, District Keamari,Karachi. [Ref#309]",23,70,Approved,26.09.25,Jun-27,100.000,100.0,,2026-2027,
2035,LGDWS-PP-25-0087,2035,"Road Carpeting, Paver Block and Sewerage Line at UC-03 Tikkri Village, Budhni Goth, Mubarak Singho Goth, Abdul Rehman Goth NA-243,District Keamari, Karachi. [Ref#310]",23,70,Approved,19.11.25,Jun-27,100.000,100.0,,2026-2027,
2036,LGDWS-PP-25-0088,2036,"Installation of Water Supply Line, Sewerage Line & Laying Paver Block in ward 1,2 UC 1 & ward 1,2,3,4 UC 4, Mowach Goth Mauripur Town PS 111 District Kemari Karachi. [Ref#234]",23,70,Approved,26.09.25,Jun-27,100.000,100.0,,2026-2027,
2037,LGDWS-PP-25-0089,2037,"Installation of water supply line & sewerage line in in Ward 1,2,3,4 UC 3 Mauripur, Mauripur Town PS 111 District Kemari Karachi. [Ref#235]",23,70,Approved,26.09.25,Jun-27,100.000,100.0,,2026-2027,
2038,LGDWS-PP-25-0090,2038,"Installation of water supply line & sewerage line, Laying Paver Block & Construction of road in ward 1,2,3,4 UC 2 Lal Bakar, Mauripur Town PS 111 District Keamari Karachi. [Ref#236]",23,70,Approved,19.11.25,Jun-27,100.000,100.0,,2026-2027,
2039,LGDWS-PP-25-0092,2039,"Installation of Sewerage Line & Laying Paver Block in, Mowach Goth PS 111 District Kemari Karachi. [Ref#313]",23,70,Approved,26.09.25,Jun-27,90.000,100.0,,2026-2027,
2040,LGDWS-PP-25-0093,2040,"Providing/lying sewerage lines / Paver Blocks / CC in UC Murad Memon , UC Darsano, UC Gadap, UC Steel Town, PS-85 Malir Karachi. [Ref#204]",23,70,Approved,26.09.25,Jun-27,100.000,100.0,,2026-2027,
2041,LGDWS-PP-25-0094,2041,"Providing/lying sewerage lines / paving Blocks at Satal Jokhio Goth, Usman Jokhio, Gul Shaikh Jokhio, Faqeer Muhammad Colony Filter Plant PS-85 [Ref#206]",23,70,Approved,26.09.25,Jun-27,50.000,100.0,,2026-2027,
2042,LGDWS-PP-25-0095,2042,Providing/laying Sewerage line and Construction of Road at UC Ghaghar PS-85 Malir Karachi. [Ref#209],23,70,Approved,26.09.25,Jun-27,50.000,100.0,,2026-2027,
2043,LGDWS-PP-25-0096,2043,"Providing/laying Sewerage line and Paving Blocks at Soomar Ismail, Soomar Kandani and Jam Murad Ali Khan Goth [Ref#210]",23,70,Approved,26.09.25,Jun-27,50.000,100.0,,2026-2027,
2044,LGDWS-PP-25-0097,2044,"Providing New Water Supply Schemes and Providing lying paving blocks in UC Gadap, UC Darsano, UC Shah Mureed NA-229 Malir- 1 [Ref#211]",23,70,Approved,26.09.25,Jun-27,100.000,100.0,,2026-2027,
2045,LGDWS-PP-25-0098,2045,"Instalation of Reverse Osmosis (RO) Plants System with installation of Solar in UC Gadap, UC Shah Mureed, UC Ghaghar NA-229 Malir-I [Ref#212]",23,70,Approved,26.09.25,Jun-27,100.000,100.0,,2026-2027,
2046,LGDWS-PP-25-0099,2046,"Providing laying Sewerage line and Paving Malir-1 Blocks in UC Darsano, UC Steel Town NA-229 Malir-I [Ref#213]",23,70,Approved,26.09.25,Jun-27,50.000,100.0,,2026-2027,
2047,LGDWS-PP-25-0100,2047,Providing laying Sewerage line and Paving Blocks at Raza Muhanunad Jokhio Goth and Ali Nawaz Jokhio Goth and Nishitarabad NA- 229 Malir-I [Ref#214],23,70,Approved,26.09.25,Jun-27,50.000,100.0,,2026-2027,
2048,LGDWS-PP-25-0101,2048,"Rehabilitaion of Water supply schemes and providing/lying paving blocks in UC Gadap, UC Dursano and UC Pipri NA-229 Malir-I [Ref#217]",23,70,Approved,26.09.25,Jun-27,50.000,100.0,,2026-2027,
2049,LGDWS-PP-25-0102,2049,Providing/lying sewerage lines / paver blocks / CC in UC Ghulshan e Hadeed and UC Pipri PS-85 Malir Karachi. [Ref#399],23,70,Approved,26.09.25,Jun-27,75.000,100.0,,2026-2027,
2050,LGDWS-PP-25-0103,2050,Internal Road along with drain Nala at Cattle Colony and Paver Block Drain Nalata at MM Colony UC Ali Akbar Shah [Ref#400],23,70,Approved,26.09.25,Jun-27,50.000,100.0,,2026-2027,
2051,LGDWS-PP-25-0105,2051,"Drainage and Paver block of villages hussainabad, Remaning work of Drainage and paver block in Lyari Paver block Schemes in jogi Muhalla Layari, Drainage, Water Supply Schemes of villages Dari Chakrani. [Ref#680]",23,70,Approved,16.10.25,Jun-27,50.000,100.0,,2026-2027,
2052,LGDWS-PP-25-0106,2052,"Water Supply Schemes of villages Muhammad Laique Babur, Drainage and paver block of village Mir Muhammad Solangi, Construction of Drainage and paver block on village Piyaro khan sikhani, Drainage and paver block of village Gul Muhammad Jamro [Ref#681]",23,70,Approved,16.10.25,Jun-27,50.000,100.0,,2026-2027,
2053,LGDWS-PP-25-0107,2053,Rehabilitation of drainage & paver block scheme & rehabilitation of disposal work at Solarized for village Kouro Phulpoto & rehabilitation of drainage & paver block of village Khanpur Juneja [Ref#689],23,70,Approved,16.10.25,Jun-27,50.000,100.0,,2026-2027,
2054,LGDWS-PP-25-0108,2054,"Water Supply, Drainage & Paver Block Schemes in Various Villages of Taluka Kotiji [Ref#679]",23,70,Approved,16.10.25,Jun-27,50.000,100.0,,2026-2027,
2055,LGDWS-PP-25-0109,2055,"Provision of Paving Block and Drain at Village Noonar Shareef, Haji Hussain Bux Lund Taluka Dadu. [Ref#790]",23,70,Approved,16.10.25,Jun-27,50.000,100.0,,2026-2027,
2056,LGDWS-PP-25-0110,2056,"Provision of Paving Block and Drain at Village Purano Dero, Qazi Pir Muhammad and Peer Tarro Taluka Dadu. [Ref#791]",23,70,Approved,16.10.25,Jun-27,50.000,100.0,,2026-2027,
2057,LGDWS-PP-25-0111,2057,"Provision of Paving Block and Drain at Village Changulani, Khoso Mohalla, Bhurgri, Panhwar and Birhamani Mohalla Taluka Dadu. [Ref#788]",23,70,Approved,16.10.25,Jun-27,50.000,100.0,,2026-2027,
2058,LGDWS-PP-25-0112,2058,"Provision of Paving Block and Drain at Village Ghulam Panhwar, Ahmed Khan Birhmani and Ismail Achra Taluka Dadu. [Ref#789]",23,70,Approved,16.10.25,Jun-27,50.000,100.0,,2026-2027,
2059,LGDWS-PP-25-0113,2059,"Re-Decking RCC Slab of 85' Rft Pre-stressed Bridge on Johi-Barrage i/c construction of Paving Block, CC Block & Drain at Ward No:01 to Ward No:08 Johi City. (PS-83) [Ref#534]",23,70,Approved,08.01.26,Jun-27,50.000,100.0,,2026-2027,
2060,LGDWS-PP-25-0114,2060,"Construction of Paving Block, Drainage & CC block for Naing Sharif & UC'S Wahi Pandhi, Tando Raheem Khan, Pir Mashaik, Torr, Phulji, Makhdoom Bilawal, Shah Hassan, Allahabad and Patt Gul Mohammad. (PS-83) [Ref#538]",23,70,Approved,16.10.25,Jun-27,100.000,100.0,,2026-2027,
2061,LGDWS-PP-25-0115,2061,Construction of Drainage & Paver Blocks Tuff Tiles in City Jacobabad & various UCs of Taluka Jacobabad [Ref#357],23,70,Approved,16.10.25,Jun-27,80.000,100.0,,2026-2027,
2062,LGDWS-PP-25-0118,2062,"Providing of paver blocks, draingae and sewerage system at various Muahllas of Ward 1 to13 at Municipal Committee Moro [Ref#287]",23,70,Approved,16.10.25,Jun-27,100.000,100.0,,2026-2027,
2063,LGDWS-PP-25-0119,2063,"Providing of paver blocks, draingae and sewerage system at various Muahllas of Ward 14 to 23 at Municipal Committee Moro [Ref#288]",23,70,Approved,16.10.25,Jun-27,100.000,100.0,,2026-2027,
2064,LGDWS-PP-25-0120,2064,"Providing of paver blocks, draingae at variaous villages of 15 UCs Taluka Moro, District N Feroze [Ref#289]",23,70,Approved,16.10.25,Jun-27,150.000,100.0,,2026-2027,
2065,LGDWS-PP-25-0121,2065,"Ward No. 01, 02, 03, 04, 05, 06, 07 MC TMK CC Paver Block [Ref#730]",23,70,Approved,16.10.25,Jun-27,50.000,100.0,,2026-2027,
2066,LGDWS-PP-25-0122,2066,"Ward No. 08, 09, 10, 11, 12, 13, 14, 15, 16, 17, 18 & 19 MC TMK CC Paver Block [Ref#731]",23,70,Approved,16.10.25,Jun-27,60.000,100.0,,2026-2027,
2067,LGDWS-PP-25-0123,2067,Town Committee T. G. Hyder Ward 01 to 07 & various UCs CC Pavour Block [Ref#732],23,70,Approved,16.10.25,Jun-27,60.000,100.0,,2026-2027,
2068,LGDWS-PP-25-0124,2068,"UC Shaikh Bhirko, Chano, Kaitar, Digh Mori & Rajo Nizamani CC & UC Tando Saindad, Lakhat, Shaikh Fareed, Nango Shah, CC & Paver Block [Ref#733]",23,70,Approved,16.10.25,Jun-27,80.000,100.0,,2026-2027,
2069,LGDWS-PP-25-0125,2069,RO Plant various Municipal Committee Tando Muhammad Khan Tando Ghulam Hyder and Uniocn Councils [Ref#735],23,70,Approved,16.10.25,Jun-27,100.000,100.0,,2026-2027,
2070,LGDWS-PP-25-0126,2070,Drain Nala Drain ABC Top various Municipal Committee Tando Muhammad Khan Town Committee Tando Ghulam Hyder and Union Councils [Ref#736],23,70,Approved,16.10.25,Jun-27,50.000,100.0,,2026-2027,
2071,LGDWS-PP-25-0127,2071,Improvement & Extension or urban Water Supply Scheme Municipal Committee Tando Muhammad Khan & New P & MS Pipe Line and repair Pipe Line various Ward Municipal Committee Tando Muhammad Khan [Ref#734],23,70,Approved,16.10.25,Jun-27,100.000,100.0,,2026-2027,
2072,LGDWS-PP-25-0128,2072,Construction of Water Suply Schemes of various villages of U.C Jungshahi / U.C Kohistan along with R.O Plant installation. Taluka. Thatta District Thatha [Ref#456],23,70,Approved,16.10.25,Jun-27,90.000,100.0,,2026-2027,
2073,LGDWS-PP-25-0129,2073,"Laying and Fixing of CC Paver Block block at village Ghulam Mohammad Brohi, Shah Mubeen Mohalla and Various Ward of Town Makli Taluka Thatta [Ref#457]",23,70,Approved,16.10.25,Jun-27,100.000,100.0,,2026-2027,
2074,LGDWS-PP-25-0130,2074,"Rehabilitation / Reconstruction of Sewerage Line, Water Supply Lines and Paver Blocks of UC-03 Old Golimar, District Keamari [Ref#291]",23,70,Approved,16.10.25,Jun-27,98.389,100.0,,2026-2027,
2075,LGDWS-PP-25-0131,2075,"Rehabilitation / Reconstruction of Sewerage Line, Water Supply Lines and Paver Blocks of UC-05 Muhammadi Colony, District Keamari [Ref#292]",23,70,Approved,16.10.25,Jun-27,98.636,100.0,,2026-2027,
2076,LGDWS-PP-25-0132,2076,"Installation / Upgradation of Drainage, Sewerage System and Water Lines at Link Road and Road of Qayyumabad PS-95 Korangi Karachi [Ref#490]",23,70,Approved,16.10.25,Jun-27,175.000,100.0,,2026-2027,
2077,LGDWS-PP-25-0133,2077,"Water Supply Line, Sewerage, Paver Block at Sherpao, Future Colony [Ref#716]",23,70,Approved,16.10.25,Jun-27,130.000,100.0,,2026-2027,
2078,LGDWS-PP-25-0134,2078,"Water Supply Line, Sewerage, Paver Block at Sherpao, Dawood Chowrangi [Ref#718]",23,70,Approved,16.10.25,Jun-27,115.000,100.0,,2026-2027,
2079,LGDWS-PP-25-0135,2079,"Water Supply Line, Sewerage, Paver Block at UC Muslimabad [Ref#719]",23,70,Approved,16.10.25,Jun-27,75.000,100.0,,2026-2027,
2080,LGDWS-PP-25-0136,2080,"Water Supply Line, Sewerage, Paver Block at UC Majeed Colony [Ref#720]",23,70,Approved,16.09.25,Jun-27,50.000,100.0,,2026-2027,
2081,LGDWS-PP-25-0137,2081,"Improvement of Various Road by Asphalt Concrete including Repairing of Trenches & Sewerage Line of 12 Dia at SMCHS Block-A & Block-B, PECHS-I, UC-01, TMC Chanesar District (East) [Ref#935]",23,70,Approved,02.09.25,Jun-27,50.000,100.0,,2026-2027,
2082,LGDWS-PP-25-0138,2082,"Improvement of Various Road by Asphalt Concrete including Repairing of Trenches & Sewerage Line of 12' Dia at different wards of PECHS-I, UC-01, TMC Chanesar District (East) [Ref#936]",23,70,Approved,02.09.25,Jun-27,50.000,100.0,,2026-2027,
2083,LGDWS-PP-25-0139,2083,"Improvement/Rehabilitation of Arbabad Road & Govt. Degree Girls College Road by Asphalt Concrete in PECHS-1, UC-01, TMC Chanesar District (East) [Ref#937]",23,70,Approved,02.09.25,Jun-27,50.000,100.0,,2026-2027,
2084,LGDWS-PP-25-0141,2084,"Proving / Fixing of Street Lights in different UCs of PS-105, TMC Chanesar District East [Ref#715]",23,70,Approved,18.08.25,Jun-27,50.000,100.0,,2026-2027,
2085,LGDWS-PP-25-0142,2085,"Construction of CC Paving Block & Open Surface Drain at Anatanri Mohalla , Raswa Mori , Subhanallah Colony, Village Abdullah Shoro and Various Streets of MC Kotri Taluka Kotri District Jamshoro. [Ref#569]",23,70,Approved,16.10.25,Jun-27,55.000,100.0,,2026-2027,
2086,LGDWS-PP-25-0143,2086,"Construction of CC Paving, CC Block & Open Surface Drain at All Wards of Town Committee Jamshoro Taluka Kotri District Jamshoro. [Ref#570]",23,70,Approved,16.10.25,Jun-27,60.000,100.0,,2026-2027,
2087,LGDWS-PP-25-0144,2087,"Construction of CC Paving, CC Block & Open Surface Drain at UC-Allah Bachayo Shoro Taluka Kotri District Jamshoro. [Ref#571]",23,70,Approved,16.10.25,Jun-27,55.000,100.0,,2026-2027,
2088,LGDWS-PP-25-0145,2088,"Construction of Paver Road in Various villages of Taluka Tangwani including village Rasoolabad, Nadra Street Town Committee Tangwani, Village Habibullah Khan Bajkani and others [Ref#389]",23,70,Approved,22.10.25,Jun-27,55.000,100.0,,2026-2027,
2089,LGDWS-PP-25-0147,2089,"Providing & Laying of 32 inch dia Water Pipeline along Korangi Crossing Road, from Fatima Medical Center (sector 31-G, Allah Wala Town), passing via Attock CNG Pump, upto the point before the Returning Wall of Qayyumabad PS-95, Korangi Karachi. [Ref#38]",23,70,Approved,29.12.25,Jun-27,479.752,100.0,,2026-2027,
2090,LGDWS-PP-25-0148,2090,"Providing, laying, Jointing & Testing of 32' dia PE Water Supply Rising Main from Akram Wah to Gott Dital Chandio Qasimabad, District Hyderabad [Ref#527]",23,70,Approved,03.11.25,Jun-27,499.563,100.0,,2026-2027,
2091,LGDWS-PP-25-0157,2091,Improvement & Extension of Water Supply Scheme Sajar Chang Town Taluka Chamber District Tando Allahyar [Ref#157],23,70,Approved,22.10.25,Jun-27,50.000,100.0,,2026-2027,
2092,LGDWS-PP-25-0158,2092,Improvement & Extension of Drainge Scheme Massu Bozdar Taluka Chamber District Tando Allahyar [Ref#158],23,70,Approved,22.10.25,Jun-27,50.000,100.0,,2026-2027,
2093,LGDWS-PP-25-0159,2093,Providing & Fixing CC Paver Block in Various Villages of UC Missan Wadi & UC Began Jarwar District Tando Allahyar [Ref#159],23,70,Approved,22.10.25,Jun-27,50.000,100.0,,2026-2027,
2094,LGDWS-PP-25-0160,2094,Construction of Draiange Scheme in Village Fazal Talpur UC Shah Inayat Taluka & District Tando Allahyar [Ref#160],23,70,Approved,22.10.25,Jun-27,50.000,100.0,,2026-2027,
2095,LGDWS-PP-25-0161,2095,Providing & Fixing CC Paver Block in Various Villages of Sultanabad Town District Tando Allahyar [Ref#161],23,70,Approved,22.10.25,Jun-27,50.000,100.0,,2026-2027,
2096,LGDWS-PP-25-0162,2096,Providing & Fixing CC Paver Block in Village Naseer Khan Leghari Taluka Chamber District Tando Allahyar [Ref#162],23,70,Approved,22.10.25,Jun-27,50.000,100.0,,2026-2027,
2097,LGDWS-PP-25-0163,2097,Construction of Water Supply Scheme in Village Rawat Khan LeghariTaluka Chamber District Tando Allahyar [Ref#163],23,70,Approved,22.10.25,Jun-27,50.000,100.0,,2026-2027,
2098,LGDWS-PP-25-0164,2098,Construction of Draiange Scheme in Village Dad Jarwar Taluka Chamber District Tando Allahyar [Ref#164],23,70,Approved,22.10.25,Jun-27,50.000,100.0,,2026-2027,
2099,LGDWS-PP-25-0165,2099,Construction of Draiange Scheme in Village Bahadur Jalbani Taluka Chamber District Tando Allahyar [Ref#165],23,70,Approved,22.10.25,Jun-27,50.000,100.0,,2026-2027,
2100,LGDWS-PP-25-0166,2100,Construction of Draiange Scheme in Village Kouro Diadano Taluka & District Tando Allahyar [Ref#166],23,70,Approved,22.10.25,Jun-27,50.000,100.0,,2026-2027,
2101,LGDWS-PP-25-0167,2101,Construction / Repair & Maintenance of Drainage Scheme 01 to 06 Ward Municipal Committee Kandhkot [Ref#959],23,70,Approved,22.10.25,Jun-27,100.000,100.0,,2026-2027,
2102,LGDWS-PP-25-0168,2102,Construction / Repair & Maintenance of Drainage Scheme 06 to 12 Ward Municipal Committee Kandhkot. [Ref#1064],23,70,Approved,22.10.25,Jun-27,100.000,100.0,,2026-2027,
2103,LGDWS-PP-25-0169,2103,Construction / Repair & Maintenance of Drainage Scheme 13 to 16 Ward Municipal Committee Kandhkot. [Ref#1065],23,70,Approved,22.10.25,Jun-27,50.000,100.0,,2026-2027,
2104,LGDWS-PP-25-0170,2104,Construction of Tough Tile Paver Block PS-05 Various Villages Kashmore Kandhkot. [Ref#961],23,70,Approved,22.10.25,Jun-27,150.000,100.0,,2026-2027,
2105,LGDWS-PP-25-0171,2105,Connected sewerage lines & pavers TC Tando Ghulam Ali & RO Plant at Village M.Raheem Nizamani [Ref#639],23,70,Approved,22.10.25,Jun-27,120.000,100.0,,2026-2027,
2106,LGDWS-PP-25-0172,2106,Surface Drains & Darnage System at UC Dambalo [Ref#642],23,70,Approved,22.10.25,Jun-27,100.000,100.0,,2026-2027,
2107,LGDWS-PP-25-0173,2107,Surface Drains & Pevers at Town Committee Tando Bago [Ref#641],23,70,Approved,22.10.25,Jun-27,50.000,100.0,,2026-2027,
2108,LGDWS-PP-25-0174,2108,Construction of Drains and Paver Block in various Muhalla / Wards Kambar City [Ref#1072],23,70,Approved,22.10.25,Jun-27,170.000,100.0,,2026-2027,
2109,LGDWS-PP-25-0175,2109,Construction of Drains and Paver Block in various UCs of Taluka Kambar [Ref#1073],23,70,Approved,22.10.25,Jun-27,170.000,100.0,,2026-2027,
2110,LGDWS-PP-25-0176,2110,"i) Construction of Water Supply Scheme in various Villages of Kohistan Taluka Kambar and Warah ii) Construction of Drains and Paver Block various villages of UC Noorabad and UC Lalu Rounk, Taluka Warah [Ref#1074]",23,70,Approved,22.10.25,Jun-27,100.000,100.0,,2026-2027,
2111,LGDWS-PP-25-0177,2111,i) Construction of' Drains & Paver Blocks in Various Wards of Taluka Warah & Taluka Nasirabad. ii) Construction of Drains & Paver Blocks in Town Waggan & Town Gaji Khuhawar. [Ref#1038],23,70,Approved,22.10.25,Jun-27,200.000,100.0,,2026-2027,
2112,LGDWS-PP-25-0178,2112,Construction of Drains & Paver Blocks in Various UC'S of Taluka Warah & Nasirabad. [Ref#1039],23,70,Approved,22.10.25,Jun-27,200.000,100.0,,2026-2027,
2113,LGDWS-PP-25-0179,2113,Rehabilitation and Upgradation of Drainage System at various areas within the jurisdiction of Sukkur Municipal Corporation [Ref#455],23,70,Approved,18.02.26,Jun-27,248.486,100.0,,2026-2027,
2114,LGDWS-PP-25-0180,2114,Construction of Drainage System for various areas of PS-24 Sukkur-III. [Ref#2],23,70,Approved,18.02.26,Jun-27,248.452,100.0,,2026-2027,
2115,LGDWS-PP-25-0181,2115,Providing Drains and Paver Block Facility at Different Villages of District Sujawal [Ref#14],23,70,Approved,23.10.25,Jun-27,70.000,100.0,,2026-2027,
2116,LGDWS-PP-25-0182,2116,"Providing Drains and Paver Block Facility at Different Villages of Taluka Mirpur Bathoro, District Sujawal [Ref#15]",23,70,Approved,23.10.25,Jun-27,50.000,100.0,,2026-2027,
2117,LGDWS-PP-25-0183,2117,Providing & Laying 60 MM CC Paver Blocks and Reconstruction of Internal Roads at NA- 231 District Malir Karachi [Ref#586],23,70,Approved,23.10.25,Jun-27,140.000,100.0,,2026-2027,
2118,LGDWS-PP-25-0184,2118,"Fixing laying Pavor blocks in different UCs of PS-115, District Keamari [Ref#708]",23,70,Approved,23.10.25,Jun-27,100.000,100.0,,2026-2027,
2119,LGDWS-PP-25-0185,2119,"Replacement / Laying 04', 06', 08', 10' & 12' dia Water Lines with valve & different equipments in different Ucs of PS-115 District Keamari [Ref#705]",23,70,Approved,23.10.25,Jun-27,100.000,100.0,,2026-2027,
2120,LGDWS-PP-25-0186,2120,"Installation of Water Supply Line & Sewerage Line in Sector 17A, Sector 17B, Sector 14 Ward 4 in UC 2, Saddam Chowk, 12 F, Sector 13, 12 E in Ward 2 in UC 3, Baldia Town in PS 111, District Kemari Karachi. [Ref#232]",23,70,Approved,23.10.25,Jun-27,100.000,100.0,,2026-2027,
2121,LGDWS-PP-25-0187,2121,"Replacement / Laying 12', 18', 24' & 36' Dia Sewerage Lines in different UCs of PS-115 District Keamari [Ref#704]",23,70,Approved,23.10.25,Jun-27,100.000,100.0,,2026-2027,
2122,LGDWS-PP-25-0188,2122,"Improvement of sewerage system, carpeting of roads, paver blocks & installation of water supply at UC-02, Shadman Town, Karachi [Ref#986]",23,70,Approved,23.10.25,Jun-27,99.992,100.0,,2026-2027,
2123,LGDWS-PP-25-0189,2123,"Improvement of sewerage system, carpeting of roads, paver blocks & installation of water supply at UC 10, Mustafabad, Karachi [Ref#987]",23,70,Approved,23.10.25,Jun-27,149.991,100.0,,2026-2027,
2124,LGDWS-PP-25-0190,2124,"Construction of Paver Block in various Villages Of Taluka Bulri Shah Karim, District Tando Muhammad Khan [Ref#599]",23,70,Approved,10.11.25,Jun-27,100.000,100.0,,2026-2027,
2125,LGDWS-PP-25-0191,2125,"Construction Of Paver Block in various villages of Taluka Tando Muhammad Khan, District Tando Muhammad Khan [Ref#600]",23,70,Approved,10.11.25,Jun-27,75.000,100.0,,2026-2027,
2126,LGDWS-PP-25-0192,2126,"Construction of Paver Block in various Villages Of Taluka Tando Ghulam Hyder, District Tando Muhammad Khan [Ref#601]",23,70,Approved,10.11.25,Jun-27,75.000,100.0,,2026-2027,
2127,LGDWS-PP-25-0193,2127,Construction of paver Block and Drainage in various village of Union Council Saeed Khan Lund [Ref#606],23,70,Approved,10.11.25,Jun-27,50.000,100.0,,2026-2027,
2128,LGDWS-PP-25-0194,2128,Construction of paver Block in various village of Union Council Bulri Shah Karim and U/C Haji Mohd Jat [Ref#607],23,70,Approved,10.11.25,Jun-27,50.000,100.0,,2026-2027,
2129,LGDWS-PP-25-0195,2129,Construction of paver Block in various village of Union Council Allah Yar Turk and U/C Dadoon [Ref#608],23,70,Approved,10.11.25,Jun-27,50.000,100.0,,2026-2027,
2130,LGDWS-PP-25-0196,2130,Construction of paver Block in various village of Union Council Saeed Pur U/C Qabool Pur and U/C Khokhar [Ref#609],23,70,Approved,10.11.25,Jun-27,70.000,100.0,,2026-2027,
2131,LGDWS-PP-25-0197,2131,Construction of paver Block in various village of Union Council Dargah Lal Mehmoodani and U/C Saeed Mato [Ref#610],23,70,Approved,10.11.25,Jun-27,50.000,100.0,,2026-2027,
2132,LGDWS-PP-25-0198,2132,Construction of paver Block in various village of Union Council Yousif Khan Chang U/c Haji Sobho Khan Chandio and U/C Dando [Ref#611],23,70,Approved,10.11.25,Jun-27,80.000,100.0,,2026-2027,
2133,LGDWS-PP-25-0199,2133,Construction of paver Block and Water Supply Scheme in various village of Union Council Jamal Din Lashari [Ref#613],23,70,Approved,10.11.25,Jun-27,50.000,100.0,,2026-2027,
2134,LGDWS-PP-25-0200,2134,"Providing & laying, Jointing & Testing of 800 MM(OD) pressure line from Khanpota Filter Plant to Shah Bukhari Qasimabad, District Hyderabad [Ref#142]",23,70,Approved,02.12.25,Jun-27,250.000,100.0,,2026-2027,
2135,LGDWS-PP-25-0204,2135,Installation of Water and Sewerage System with Drainage in various UCs of PS-95 District Korangi Karachi [Ref#491],23,70,Approved,28.08.25,Jun-27,75.000,100.0,,2026-2027,
2136,LGDWS-PP-25-0214,2136,Construction of Paver Blocks and Compound Walls of different places in Taluka Matiari [Ref#843],23,70,Approved,10.11.25,Jun-27,50.000,100.0,,2026-2027,
2137,LGDWS-PP-25-0222,2137,"Disposal pumping station at Railway Colony Nawabshah & Sewerage Line at Nawabshah City, District Shaheed Benazirabad [Ref#757]",23,70,Approved,19.11.25,Jun-27,60.000,100.0,,2026-2027,
2138,LGDWS-PP-25-0223,2138,"Construction of Surface Drainage Paver Block and CC Block at Bhirya Village Town Committee Jamshoro, Taluka Kotri District Jamshoro [Ref#740]",23,70,Approved,19.11.25,Jun-27,53.000,100.0,,2026-2027,
2139,LGDWS-PP-25-0224,2139,"Constuction of CC, Paver Block and Drainage, C Type Nali, Compound Wall from Maryam Garden Chowk to Mujeeb Siddique House Ward No. 6 and various ward No. 1, 5, 10, 11, 12, 13, 14 of Municipal Committee Kotri [Ref#744]",23,70,Approved,19.11.25,Jun-27,52.000,100.0,,2026-2027,
2140,LGDWS-PP-25-0225,2140,"Installation of Drain and Providing & Laying Paver Block, C.C Flooring, at UC-1 & 3 PS- 112 District Keamari Baldia Town, Karachi [Ref#556]",23,70,Approved,19.11.25,Jun-27,50.000,100.0,,2026-2027,
2141,LGDWS-PP-25-0226,2141,"Providing & Laying Paver Block, CC Flooring, Drain at UC-2 PS- 112 District Keamari Baldia Town [Ref#557]",23,70,Approved,19.11.25,Jun-27,50.000,100.0,,2026-2027,
2142,LGDWS-PP-25-0227,2142,"Providing & Laying Paver Block, CC Flooring, Drain at UC-7 PS- 112 District Keamari Baldia Town . [Ref#558]",23,70,Approved,19.11.25,Jun-27,50.000,100.0,,2026-2027,
2143,LGDWS-PP-25-0228,2143,"Providing & Laying Paver Block, CC Flooring, Drain at UC-8 PS-112 District Keamari Baldia Town . [Ref#559]",23,70,Approved,19.11.25,Jun-27,50.000,100.0,,2026-2027,
2144,LGDWS-PP-25-0229,2144,"Providing & Laying Paver Block, CC Flooring, Drain at UC-10 PS-112 District Keamari Baldia Town . [Ref#560]",23,70,Approved,19.11.25,Jun-27,50.000,100.0,,2026-2027,
2145,LGDWS-PP-25-0230,2145,"Providing & Laying Paver Block, CC flooring, Drain at UC-11 PS-112 District Keamari Baldia Town [Ref#561]",23,70,Approved,19.11.25,Jun-27,50.000,100.0,,2026-2027,
2146,LGDWS-PP-25-0231,2146,Construction of Paver Block & Drainage in 12 Union Councils of Taluka Sindhri [Ref#1090],23,70,Approved,19.11.25,Jun-27,96.540,100.0,,2026-2027,
2147,LGDWS-PP-25-0232,2147,"Construction of Paver Block & Drainage in UCs 1-11, Town Municipal Corporation Syed Khadam Ali Shah [Ref#1088]",23,70,Approved,19.11.25,Jun-27,149.501,100.0,,2026-2027,
2148,LGDWS-PP-25-0233,2148,Construction of Paver Block & Drainage in 07 Union Council of Taluka Shujabad [Ref#1089],23,70,Approved,19.11.25,Jun-27,145.794,100.0,,2026-2027,
2149,LGDWS-PP-25-0234,2149,Construction of Paver Block & Drainage in various wards of Town Committee Hingoro [Ref#1091],23,70,Approved,19.11.25,Jun-27,95.655,100.0,,2026-2027,
2150,LGDWS-PP-25-0235,2150,"Providing antique Paver Block and Antique Lights From Jumani Chock to Kotiji fort and landscaping around the fort drainage and paver block in village Jadal Bhatti, Drainage and paver block of village Munchi Hussain Bux, Drainage and paver block of village Naro Doro [Ref#682]",23,70,Approved,19.11.25,Jun-27,50.000,100.0,,2026-2027,
2151,LGDWS-PP-25-0236,2151,Boring and Installation of Solar Energy System for Tubewells in Gadap Town Malir Karachi [Ref#205],23,70,Approved,19.11.25,Jun-27,100.000,100.0,,2026-2027,
2152,LGDWS-PP-25-0237,2152,Solar tube wells in UC Shah Mureed [Ref#439],23,70,Approved,19.11.25,Jun-27,100.000,100.0,,2026-2027,
2153,LGDWS-PP-25-0238,2153,Solar tube wells in UC Gadap [Ref#440],23,70,Approved,19.11.25,Jun-27,100.000,100.0,,2026-2027,
2154,LGDWS-PP-25-0239,2154,"Providing / Laying Sewerage Pipe Line and Water Supply Line Road Work, RO Plant at UC-09, Khuda ki Basti, PS-116 TMC Manghopir District West Karachi [Ref#624]",23,70,Approved,12.12.25,Jun-27,80.000,100.0,,2026-2027,
2155,LGDWS-PP-25-0240,2155,"Providing / Laying Sewerage Pipe Line, Water Supply Line, Road Work, RO Plant at UC- 10,Lyari Express way Resettlement Project, PS- 116 TMC Manghopir District West Karachi [Ref#625]",23,70,Approved,12.12.25,Jun-27,100.000,100.0,,2026-2027,
2156,LGDWS-PP-25-0241,2156,"Providing / Laying Sewerage Pipe Line, Water Supply Line, Road Work, RO Plant at UC-11 Hassan Goth, PS-116 TMC Manghopir District West Karachi [Ref#626]",23,70,Approved,12.12.25,Jun-27,100.000,100.0,,2026-2027,
2157,LGDWS-PP-25-0242,2157,"Providing / Laying Sewerage Pipe Line, Water Supply Line, Road Work, RO Plant at UC-12 Gulshan-e-Maymar, PS-116 TMC Manghopir District West Karachi [Ref#627]",23,70,Approved,12.12.25,Jun-27,80.000,100.0,,2026-2027,
2158,LGDWS-PP-25-0243,2158,"Providing / Laying Sewerage Pipe Line, Water Supply Line, Road Work, RO Plant at UC-13 Mullah Hussain Brohi, PS-116 TMC Manghopir District West Karachi [Ref#628]",23,70,Approved,12.12.25,Jun-27,140.000,100.0,,2026-2027,
2159,LGDWS-PP-25-0244,2159,"Construction of Paver Block, and CC Road with drains in various villages of Taluka Hussain Bux Mari, Sindhri, Shujabad and Mirpurkhas [Ref#650]",23,70,Approved,12.12.25,Jun-27,97.260,100.0,,2026-2027,
2160,LGDWS-PP-25-0245,2160,"Construction of CC Road, Paver Block road and Drainage in UC Khan & UC Patoyoon, Taluka Hussain Bux Mari [Ref#655]",23,70,Approved,12.12.25,Jun-27,99.111,100.0,,2026-2027,
2161,LGDWS-PP-25-0246,2161,"Construction of CC Road, Paver Block road and Drainage in UC Turk Ali Mari, Taluka Hussain Bux Mari [Ref#656]",23,70,Approved,12.12.25,Jun-27,99.230,100.0,,2026-2027,
2162,LGDWS-PP-25-0247,2162,"Construction of CC Road, Paver Block road and Drainage in UC Old Mirpur & UC Haji Ahmed Bux Narejo, Taluka Hussain Bux Mari [Ref#657]",23,70,Approved,12.12.25,Jun-27,99.445,100.0,,2026-2027,
2163,LGDWS-PP-25-0248,2163,"Construction of CC Road, Paver Block road and Drainage in UC Pir Azeem Shah, Taluka Hussain Bux Mari & various streets of Taluka Mirpurkhas [Ref#658]",23,70,Approved,12.12.25,Jun-27,99.471,100.0,,2026-2027,
2164,LGDWS-PP-25-0249,2164,"Construction of Water Storage Tanks, Paver Blocks & CC road in various villages & town in Taluka Hussain Bux Mari [Ref#659]",23,70,Approved,12.12.25,Jun-27,98.669,100.0,,2026-2027,
2165,LGDWS-PP-25-0250,2165,Rehabilitaon & Construc on of Various Bridges of Taluka Jam Nawaz Ali & Taluka Sinjhoro/Construction CC Drains i/c Paver Block of Various Villages of Taluka Jam Nawaz Ali & Taluka Sinjhoro District Sanghar [Ref#772],23,70,Approved,12.12.25,Jun-27,98.485,100.0,,2026-2027,
2166,LGDWS-PP-25-0251,2166,Rehabilitation / Extension / Construction / Solarification / Water Supply and Drainage Schemes at different Union Councils of Taluka Salepat & Rohri District Sukkur [Ref#846],23,70,Approved,12.12.25,Jun-27,149.946,100.0,,2026-2027,
2167,LGDWS-PP-25-0252,2167,Construction of paver Block and Water Supply Scheme in various village of Union Council Lakhi @ Mirwah [Ref#612],23,70,Approved,26.02.26,Jun-27,50.000,100.0,,2026-2027,
2168,LGDWS-PP-25-0253,2168,Recondition of road / Construction of CC Drain & Paving block from Allah Wala Chowk to Chandni Chowk Ratodero (Both Sides) i/c Construction of Divider at Municipal Committee Ratodero [Ref#989],23,70,Approved,12.12.25,Jun-27,50.000,100.0,,2026-2027,
2169,LGDWS-PP-25-0254,2169,Recondition of road / Construction of CC Drain & Paving block from Allah Wala Chowk to Police Station Naudero via Sadar Kalar Chowk & Panj Guli Chowk at Municipal Committee Naudero i/c Construction of Divider [Ref#990],23,70,Approved,12.12.25,Jun-27,50.000,100.0,,2026-2027,
2170,LGDWS-PP-25-0255,2170,"Paver Block in Old Nawabshah and Nawabshah City various Union Councils, District SBA [Ref#756]",23,70,Approved,12.12.25,Jun-27,190.000,100.0,,2026-2027,
2171,LGDWS-PP-25-0256,2171,Construction of paver Block and Drainage in various village of Union Council Haji Abdul Khalique Soomro [Ref#605],23,70,Approved,02.09.25,Jun-27,50.000,100.0,,2026-2027,
2172,LGDWS-PP-25-0260,2172,"Paver Block & CC Drainage: Ward No.01, 02, 03, 04, 05,06,07,08,09,10, Taluka Shahdadkot [Ref#831]",23,70,Approved,08.01.26,Jun-27,50.000,100.0,,2026-2027,
2173,LGDWS-PP-25-0261,2173,"Paver Block & CC Drainage: Ward No. 10,11,12,13,14, Union Council Jamali & Seelra, Taluka Shahadadkot [Ref#832]",23,70,Approved,08.01.26,Jun-27,50.000,100.0,,2026-2027,
2174,LGDWS-PP-25-0262,2174,"Paver Block & CC Drainage: Union Council Seelra, Uc Aitbar Khan Chanido, UC Chakiyani & UC Leghari, Taluka Shahadadkot [Ref#833]",23,70,Approved,08.01.26,Jun-27,50.000,100.0,,2026-2027,
2175,LGDWS-PP-25-0263,2175,"Paver Block & CC Drainage: Ward No.01, 02, 03, 04, 05, Union Council Bago Daro & UC Hazar Wah, Taluka Qubo Saeed Khan [Ref#834]",23,70,Approved,08.01.26,Jun-27,50.000,100.0,,2026-2027,
2176,LGDWS-PP-25-0264,2176,"Paver Block & CC Drainage: Union Council Dhori, Sijawal Junejo, Digano Mahesar & UC Mastoi, Taluka Qubo Saeed Khan [Ref#835]",23,70,Approved,08.01.26,Jun-27,50.000,100.0,,2026-2027,
2177,LGDWS-PP-25-0265,2177,"Construction of Paver Block & CC Drain in various villages, Taluka Qamber Shahdadkot [Ref#876]",23,70,Approved,08.01.26,Jun-27,50.000,100.0,,2026-2027,
2178,LGDWS-PP-25-0266,2178,"Construction of Paver Block & CC Drain in various villages, Taluka Qamber Shahdadkot [Ref#877]",23,70,Approved,08.01.26,Jun-27,50.000,100.0,,2026-2027,
2179,LGDWS-PP-25-0267,2179,"Construction of Paver Block & CC Drain in various villages, Taluka Warah District Qamber [Ref#878]",23,70,Approved,08.01.26,Jun-27,50.000,100.0,,2026-2027,
2180,LGDWS-PP-25-0268,2180,"Construction of Paver Block & CC Drain in various villages, Taluka Warah District Qamber [Ref#879]",23,70,Approved,08.01.26,Jun-27,50.000,100.0,,2026-2027,
2181,LGDWS-PP-25-0269,2181,"Construction of Paver Block & CC Drain in various villages, Taluka Nasirabad District Qamber Shahadadkot [Ref#880]",23,70,Approved,08.01.26,Jun-27,50.000,100.0,,2026-2027,
2182,LGDWS-PP-25-0270,2182,"Providing and laying C.C paver blocks, Sewerage Lines and water supply lines on Streets and Road of Christian Colony Malir Baraf Khana Kala Board Malir Zone District Korangi Karachi [Ref#886]",23,70,Approved,30.10.25,Jun-27,100.000,100.0,,2026-2027,
2183,LGDWS-PP-25-0271,2183,"Providing and Laying RCC Sewerage Line & CC Tuff Paver Blocks in Patras Gardens Soomar Kandani Goth, District Malir, Karachi. [Ref#889]",23,70,Approved,30.10.25,Jun-27,50.000,100.0,,2026-2027,
2184,LGDWS-PP-25-0272,2184,Wideing / Reconditioning of Asphalt Concrete Road and External Drainage System from Hyderabad Tando Muhammad Khan Road @ Point Husri Check Post to Husri City Taluka Latifabad [Ref#T17],23,70,Approved,08.01.26,Jun-27,100.000,100.0,,2026-2027,
2185,LGDWS-PP-25-0273,2185,Construction of Asphalt Concrete Road and External Drainage System from Hyderabad Tando Muhamamd Khan Road @ Point Malang Hotel to Village Haji Arifullah Khan Taluka Latifabad [Ref#T18],23,70,Approved,08.01.26,Jun-27,49.428,100.0,,2026-2027,
2186,LGDWS-PP-25-0274,2186,"Construction of CC Block , CC Paving Block & Open Surface Drain @ UC Husri Taluka Latifabad [Ref#T19]",23,70,Approved,08.01.26,Jun-27,49.868,100.0,,2026-2027,
2187,LGDWS-PP-25-0275,2187,Construction of CC Paving Block and External Drainage System @ UC 98 Taluka Latifabad [Ref#T20],23,70,Approved,08.01.26,Jun-27,50.032,100.0,,2026-2027,
2188,LGDWS-PP-25-0277,2188,"Improvement of Road from Bhudapur Phatak Rod to Dargha Dad Shaheed Mile 0/4 - 1/4 (2.21 KM) along with Construction of Drains, Taluka Manjhand, Districk Jamshoro [Ref#743]",23,70,Approved,08.01.26,Jun-27,52.000,100.0,,2026-2027,
2189,LGDWS-PP-25-0278,2189,"Installation of Water Supply Scheme in JamChakro.Abdul Rehman Goth.Hassan Geth,Munshi Allah Bux Goth,UC 01,Mai Garhi,TMC Manghopir Karachi [Ref#380]",23,70,Approved,27.01.26,Jun-27,150.000,100.0,,2026-2027,
2190,LGDWS-PP-25-0279,2190,"Installation of Paver Blocks,Water Supply Lines.Sewerage System in UC 02 &UC:03 Palhtoonabad Manghopir [Ref#381]",23,70,Approved,27.01.26,Jun-27,100.000,100.0,,2026-2027,
2191,LGDWS-PP-25-0280,2191,Rural Water Supply Scheme for UC-7 & UC-8 Baldia Town District Keamari Karachi (Civil work) [Ref#554],23,70,Approved,27.01.26,Jun-27,100.000,100.0,,2026-2027,
2192,LGDWS-PP-25-0281,2192,"Rural Water Supply Scheme for UC-7 & UC-8 Baldia Town District Keamari Karachi (Electrical, Mechanical & pipe line work) [Ref#555]",23,70,Approved,27.01.26,Jun-27,100.000,100.0,,2026-2027,
2193,LGDWS-PP-25-0289,2193,"Construction / Rehabilitation of Farm to Market Road along with Drains at different areas of Village Trimoonh, Village Gul Muhammad Bhanbhro, Village Dakhan, Village Bhitai Dino Khori, Village Mohram Ali Phulpoto of Union Councils of PS-23 Taluka Salehpat District Sukkur [Ref#847]",23,70,Approved,27.01.26,Jun-27,200.000,100.0,,2026-2027,
2194,LGDWS-PP-25-0290,2194,"Rehabilitation of infrastructure by Providing Of Paver Block including beautification of Center Median, Pathway & Round about at Ghulam Ali Memon Road & Captain Fareed Bukhari Shaheed Road Block-A in UC- 01, TMC Chanesar, District East. [Ref#1037]",23,70,Approved,26.02.26,Jun-27,100.000,100.0,,2026-2027,
2195,LGDWS-PP-25-0291,2195,"Rehabilitation of main Road by C.C Paver Blocks I/C Laying of Sewerage System by providing R.C.C Pipe Infront of K.M.C Curtain Market at S.M.C.H.S Block A & Surrounding area of UC-OI P.E.C.H.S-I TMC Chanesar, District East. [Ref#1096]",23,70,Approved,26.02.26,Jun-27,50.000,100.0,,2026-2027,
2196,LGDWS-PP-25-0292,2196,"Providing & Fixing of C.C Paver Block & Laying of Sewerage System by providing R.C.C Pipe at Allah Wala Town UC-02 P.E.C.H.S-II TMC Chanesar, District East. [Ref#1104]",23,70,Approved,26.02.26,Jun-27,50.000,100.0,,2026-2027,
2197,LGDWS-PP-25-0293,2197,"Rehabilitation of different Streets by C.C Paver Blocks at E-Market Bothside Streets and Near Chanesar Halt (Ambala Bakery) including Adjoining streets UC-OI P.E.C.H.S-I TMC Chanesar, District East. [Ref#1105]",23,70,Approved,26.02.26,Jun-27,50.000,100.0,,2026-2027,
2198,LGDWS-PP-25-0294,2198,Construction of External Drainage Water Supply System in Sachal Sarmast Town Taluka Latifabad [Ref#T21],23,70,Approved,27.01.26,Jun-27,100.000,100.0,,2026-2027,
2199,LGDWS-PP-25-0295,2199,"Contruction of CC Paver Block in Sachal Sarmast Town, Taluka Latifabad [Ref#T35] Construction of CC Paving Flooring & Open Surface Drain at Main Street of Pathan Goth Giddu Naka, Main Street of Sehrish Nagar",23,70,Approved,27.01.26,Jun-27,150.000,100.0,,2026-2027,
2200,LGDWS-PP-25-0296,2200,"colony, Main Street of Railway Colony Near Old Wehdat Colony Main Street of SRTC Colony, Eash Wing Company Mir Fateh Colony Hyderabad HMC, (ii)Construction of CC Paving Floor & Open Surface Drain at Al Abbas Town to New Wehdat Colony Lal Quarters, Main Street to Gulshan-e-Mehran Phase-II, Main Street of Juneja Colony, Main Street of GMB Colony Mori Street, Main Street Waqar Town & Jamali Para Near Ameer Villas, Main Street of Benazir Colony, Main Street of Abdullah Center Near Pakora Shop Hyderabad",23,70,Approved,08.01.26,Jun-27,69.917,100.0,,2026-2027,
2201,LGDWS-PP-25-0297,2201,"HMC [Ref#1050] Construction of CC Paving Flooring & Open Surface Drain at Main Street Jatoi And Abra Colony Main Street Memon Town Near Ammar City, Main Street At Sajjadbad, Main Street at Sachalabad (Abra Mohalla) Near Citizen Colony Main Road From Byco Pump Gulshan-e-Bakhtawar Colony to Soomra Goth, Main Street Of Bakhtawar Colony Near Phase- II Qasimabad Main Street of Bhittai Town, Main Street of Al Mustafa Town Hyderabad",23,70,Approved,08.01.26,Jun-27,49.893,100.0,,2026-2027,
2202,LGDWS-PP-25-0298,2202,[Ref#1051] Installation of ASTM Sewerage Line 18” dia From Subhan Allah Colony to Aliabad Pumping Station UC-04 & Construction of CC Paving Blocks at various Streets of UC-04 & Construction of CC Paving Blocks at various Streets of UC-04 [Ref#T41],23,70,Approved,04.03.26,Jun-27,53.000,100.0,,2026-2027,
2203,LGDWS-PP-25-0299,2203,Installation of Internal Sewerage Lines 12” dia at Various “Areas of UC-05 & Construction of CC Paving Blocks at Various Streets of UC-05 [Ref#T42],23,70,Approved,04.03.26,Jun-27,56.500,100.0,,2026-2027,
2204,LGDWS-PP-25-0300,2204,Installation of Sewerage Lines and Construction of Pumping Station along with Complete Machinery System and Rising Main at Village Hyderi Shaikh UC-06 & Construction of CC Paving Blocks at Various streets of UC-06 [Ref#T43],23,70,Approved,04.03.26,Jun-27,78.500,100.0,,2026-2027,
2205,LGDWS-PP-25-0301,2205,"Installation of Internal Sewerage Lines 12” dia and 18” dia at Various Areas of UC-13, UC-14, UC-15 Up-gradation of Lalo Lashari Pumping Station & Construction of CC Paving Blocks Streets at Various Streets of UC-13, UC 14 and UC-15 [Ref#T44]",23,70,Approved,04.03.26,Jun-27,112.000,100.0,,2026-2027,
2206,LGDWS-PP-25-0302,2206,Construction of Drain Nala from Crystal Tower to Sultan Shah Colony UC-16 & Construction of CC Paving Blocks Streets at Various Streets of UC-16 [Ref#T45],23,70,Approved,04.03.26,Jun-27,134.000,100.0,,2026-2027,
2207,LGDWS-PP-25-0303,2207,"Installation of Sewerage Lines of 12” dia and 18” dia at Various Areas of UC-43 & Construction of CC Paving Blocks at Various Streets of UC-08,UC-10, UC-39, UC-42 & UC- 43 [Ref#T46]",23,70,Approved,04.03.26,Jun-27,66.000,100.0,,2026-2027,
2208,LGDWS-PP-25-0304,2208,"Improvement / Rehabilitation of Sewerage / Draingae System Laying / Replacement of Water Supply lines, installation of Street Lights, Carpeting / Paver Work in UC Zia Colony, UC-04, Qayoomabad and Religious Minitority Areas of Christian Town, UC Chakra Goth, UC 11 , PS-95 Korangi Town Korangi Karachi [Ref#264]",23,70,Approved,11.05.26,Jun-27,250.000,100.0,,2026-2027,
2209,LGDWS-PP-25-0309,2209,"Construction of CC / Paving Blocks at various Streets @ Bhatti Goth, Chandia Goth, Tando Yousuf, Gujrati para, Gulshan-e-Hamid, Hashmi Colony, Shah Latif Colony, Panhwar Goth, Yaqoob Goth, UC-88,89,90,91 & 92 Taluka Latifabad [Ref#T36]",23,70,Approved,21.04.26,Jun-27,50.000,100.0,,2026-2027,
2210,LGDWS-PP-25-0310,2210,"Construction of CC/Paving Block Various Streets of Khameeso Jogi, Behar Colony, Sachal Sarmast Colony, Shidi Muhalla, Masa Shoro Goth, Cattle Colony, Khatar Station, Labour Colony, Frontier Colony, UC,93,94,95,96,97,98 & 99 Taluka Latifbad Hyderabad. [Ref#T37]",23,70,Approved,21.04.26,Jun-27,50.000,100.0,,2026-2027,
2211,LGDWS-PP-25-0311,2211,"Construction of CC/Paving Block Various Streets of Unar Meerani Goth, Junejo Colony, Kali Matta Mandir, Site Housing Society, Pocket Colony, Wapda Colony, Indus Glass, Gaddi Muhalla, Baldia Work Shop, UC- 100,101,102 & 103 Taluka Latifbad Hyderabad. [Ref#T38]",23,70,Approved,21.04.26,Jun-27,50.000,100.0,,2026-2027,
2212,LGDWS-PP-25-0312,2212,"Construction of CC/Paving Block Various Streets of Cristian Colony, Haddi Mills Hali Road, Hali Nagar, Pathan Colony, Bachal Goth, Chotti Masjid, Juma Goth, UC-104,105,106 Taluka Latifabad Hyderabad. [Ref#T39]",23,70,Approved,21.04.26,Jun-27,50.000,100.0,,2026-2027,
2213,LGDWS-PP-25-0313,2213,"Construction of CC/Paving Block Various Streets of Khaskheli Goth, Mir Hussanabad Unit No.4 Tando Fazal Town UC- 121,122,129,130,131,135,136 & 137 Taluka Latifabad Hyderabad. [Ref#T40]",23,70,Approved,21.04.26,Jun-27,50.000,100.0,,2026-2027,
2214,LGDWS-PP-25-0314,2214,"Providing & Laying Water supply & Drainage system for various UCs from UC 01,02,03 & 142 to 160 Taluka Qasimabad District Hyderabad [Ref#299]",23,70,Approved,21.04.26,Jun-27,100.000,100.0,,2026-2027,
2215,LGDWS-PP-25-0315,2215,"CC Paver work for the following UCs:- 1. Changlani 2. Ruk ~ 3. Muhammad Pure 4. Khudwar 5. Jamal 6. Budh, 7. Hussain Beli, 8.Khuhara, 9.Qadir Pure [Ref#1016]",23,70,Approved,21.04.26,Jun-27,120.000,100.0,,2026-2027,
2216,LGDWS-PP-25-0316,2216,Supplying & Installation of Pumping Equipments @ 05 MG Pre-Settlement Laoons & Habib Farm Pumping Station @ River Indus Stream Latifabad Hyderabad (Old Cost: 157.87) [Ref#1106],23,70,Approved,21.04.26,Jun-27,125.000,100.0,,2026-2027,
2217,LGDWS-PP-25-0317,2217,"Improvement of Sewerage of Nawabshah City, District Shaheed Banazirabad [Ref#1110]",23,70,Approved,21.04.26,Jun-27,200.000,100.0,,2026-2027,
2218,LGDWS-PP-25-0318,2218,"Installation of water line supply, sewerage line and p/f of paver blocks at different streets of photo lane, ghanchi para and wali muhammad hassan ali road in UC-6, TMC Lyari South Karachi [Ref#372]",23,70,Approved,14.05.26,Jun-27,62.841,100.0,,2026-2027,
2219,LGDWS-PP-25-0319,2219,"Installation of water supply line, sewerage line and p/f of paver blocks at surrounding streets of usman brohi road, hashim lassi streets, umar lane in UC-4, TMC Lyari South Karachi [Ref#373]",23,70,Approved,14.05.26,Jun-27,50.350,100.0,,2026-2027,
2220,LGDWS-PP-25-0320,2220,"Installation of water supply line, sewerage line and p/f of paver blocks at surrounding streets of gul muhammad lane, noorillahi mohalla, tauque lane, abidabad in UC-7, TMC Lyari South Karachi [Ref#374]",23,70,Approved,14.05.26,Jun-27,67.015,100.0,,2026-2027,
2221,LGDWS-PP-25-0321,2221,"Installation of water line supply, sewerage line and p/f of paver blocks at surrounding streets of bhund mohalla, Eidu lane, Ali muhammad mohalla, dubai chowk para in UC-8, TMC Lyari South Karachi [Ref#375]",23,70,Approved,14.05.26,Jun-27,69.790,100.0,,2026-2027,
2222,LGDWS-PP-25-0322,2222,"Installation of Water Supply Line, Sewerage Line and P/F of Paver Blocks at different surrounding streets of Yousuf Haroon Road, Muhammad Shah Bukhari Road, Hingorabad Road, TMC Lyari Karachi [Ref#391]",23,70,Approved,14.05.26,Jun-27,56.198,100.0,,2026-2027,
2223,LGDWS-PP-25-0323,2223,"Installation of Water Supply Line, Sewerage Line and P/F of Paver Blocks at different surrounding streets of Islam Road, UC-06 TMC Lyari South Karachi [Ref#392]",23,70,Approved,14.05.26,Jun-27,50.133,100.0,,2026-2027,
2224,LGDWS-PP-25-0324,2224,"Installation of Water Supply Line, Sewerage Line and P/F of Paver Blocks at different surrounding streets of Sargwat Mohalla in UC- 9 & Different streets at Usman Doslani Road in UC-10 TMC Lyari South Karachi [Ref#393]",23,70,Approved,14.05.26,Jun-27,55.889,100.0,,2026-2027,
2225,LGDWS-PP-25-0325,2225,"Installation of Water Supply Line, Sewerage Line and P/F of Paver Blocks at different surrounding streets of Mukhra Gali, Bumbasa Streets, Baghgadi in UC-12 TMC Lyari South Karachi [Ref#394]",23,70,Approved,14.05.26,Jun-27,50.050,100.0,,2026-2027,
2226,LGDWS-PP-25-0326,2226,"Installation of Water Supply Line, Sewerage Line and P/F of Paver Blocks at different surrounding streets of Jumma Baloch Road, Suleman Azad Road UC-1 and Alfalah Road UC-2 TMC Lyari South Karachi [Ref#395]",23,70,Approved,14.05.26,Jun-27,65.718,100.0,,2026-2027,
2227,LGDWS-PP-25-0327,2227,"Installation of Water Supply Line, Sewerage Line and P/F of Paver Blocks at different surrounding streets of Khaldia Masjid Road, Lassi Para, UC-3 and Street No.6 & 7 Khumarwara UC-05 TMC Lyari South Karachi [Ref#397]",23,70,Approved,14.05.26,Jun-27,71.990,100.0,,2026-2027,
2228,LGDWS-PP-25-0328,2228,"Installation of Water Supply Line, Sewerage Line and P/F of Paver Blocks at different surrounding streets of Haji Ismail Road, Kara Bhai Kareem Jee Road, Block-A&B UC-11 TMC Lyari South Karachi [Ref#398]",23,70,Approved,14.05.26,Jun-27,50.020,100.0,,2026-2027,
2229,LGDWS-PP-25-0329,2229,Costruction of CC Paving Block / Drainage in various UC'S of Taluka Digri & Jhudo [Ref#814],23,70,Approved,14.05.26,Jun-27,150.000,100.0,,2026-2027,
2230,LGDWS-PP-25-0330,2230,"Construction of CC Paving, CC Block & Open Surface Drain in Tando Fazal Town, Taluka Rural, District Hyderabad [Ref#1107]",23,70,Approved,14.05.26,Jun-27,125.000,100.0,,2026-2027,
2231,LGDWS-PP-25-0333,2231,"Improvement of CC Paving Block & CC Drains Village Muhammad Shahban Bumbro, Taluka Salehpat, District Sukkur [Ref#663]",23,70,Approved,04.06.26,Jun-27,50.000,100.0,,2026-2027,
2232,LGDWS-PP-25-0334,2232,Recondition of Different Link Roads & Drain Nali Taluka Taluka Hala Road Mile (3.60 Kms) [Ref#544],23,70,Approved,04.06.26,Jun-27,100.000,100.0,,2026-2027,
2233,LGDWS-PP-25-0335,2233,Recondition of Different Link Roads & Drain Nali Taluka Saeedabad Road Mile (3.60 Kms) [Ref#545],23,70,Approved,04.06.26,Jun-27,100.000,100.0,,2026-2027,
2234,LGDWS-PP-25-0336,2234,"Construction of Different Link Roads & Drain Nali Taluka Matiari, Hala, Saeedabad Road Mile (3.66 Kms) [Ref#548] Emergent Replacement of 16” dia at AC Pipe",23,70,Approved,04.06.26,Jun-27,100.000,100.0,,2026-2027,
2235,LGDWS-PP-25-0337,2235,"with 16” dia Mild Steel Pipe due to rusted / deteriorated at gora qabaristan to kala pull i/c providing and fixing of 2 Nos. dwt pumps type B/14, D/3 (125hp) at TNC Reservoir Water pumping station Chanesar Goth & adjoining areas of Chanesar Town. [Ref#934]",23,70,Approved,04.06.26,Jun-27,99.860,100.0,,2026-2027,
2236,LGDWS-PP-25-0338,2236,Construction of road from Indus Highway to village Mithodero & Reconditioning of road from Bero Chandio road to village Darya Khan Kalhoro via Sirae-ji-Garhi [Ref#909],23,70,Approved,04.06.26,Jun-27,60.000,100.0,,2026-2027,
2237,LGDWS-PP-25-0339,2237,Construction / repair of surface drains including CC paving of streets Chak No. 01 to Chak No. 11 (Pubjabi) and Chak No. 01 to Chak No. 03 (Pathan) [Ref#T47],23,70,Approved,04.06.26,Jun-27,124.996,100.0,,2026-2027,
2238,LGDWS-PP-25-0340,2238,Construction / Repair of Surface Drains including CC Paving of Streets Sanghar City Workshop City & Gujri City [Ref#T1],23,70,Approved,04.06.26,Jun-27,124.966,100.0,,2026-2027,
2239,LGDWS-PP-25-0341,2239,"Rehablitation / Improvement of Sewerage Line at from Attock Pump Via Brooks Chowrangi To Infornt of Makhdoom Bilawal Society, District Korangi, Karachi. [Ref#888]",23,70,Approved,04.06.26,Jun-27,50.000,100.0,,2026-2027,
2240,LGDWS-PP-25-0344,2240,Construction of Paver/CC Blocks in various Villages ofTMC Tando Jam & TMCTando Fazal PS 61 Taluka Hyderabad Rural [Ref#1049],23,70,Approved,04.06.26,Jun-27,130.000,100.0,,2026-2027,
2241,LGDWS-PP-25-0345,2241,Shahnawaz Shar Goth (Paver Blocks & Sewerage Line) [Ref#T28],23,70,Approved,04.06.26,Jun-27,50.000,100.0,,2026-2027,
2242,LGDWS-PP-25-0346,2242,Khan Muhammad Goth (Paver Block & Sewerage Line) [Ref#T29],23,70,Approved,04.06.26,Jun-27,50.000,100.0,,2026-2027,
2243,LGDWS-PP-25-0347,2243,Sachal Goth (Water Supply Line) [Ref#T33],23,70,Approved,04.06.26,Jun-27,50.000,100.0,,2026-2027,
2244,LGDWS-PP-25-0348,2244,Bilal Shah Noorani Village (Paver Block) [Ref#T34],23,70,Approved,04.06.26,Jun-27,50.000,100.0,,2026-2027,
2245,LGDWS-PP-25-0355,2245,"Contruction of CC Drains and Paver Block in UC Mirpur and UC Hamal and Earth filling, Katcha path for various Ucs of Taluka Warah District Kambar SKT [Ref#1041]",23,70,Approved,21.04.26,Jun-27,100.000,100.0,,2026-2027,
2246,LGDWS-26-0010,2246,"Installation of RO PLants for Various Villages of UC Janooji, Taluka Salihpat District Sukkur",23,70,Approved,11.05.26,Jun-28,99.800,15.0,,2026-2027,
2247,LGDWS-26-0011,2247,"Construction of paver blocks in Union Council Janooji, Taluka Salihpat District Sukkur",23,70,Approved,04.05.26,Jun-28,96.500,15.0,,2026-2027,
2248,LGDWS-PP-25-0149,2248,Improvement of Drainage System for Sukkur City (Phase-IV).,23,70,Approved,18.02.26,Jun-27,779.003,34.4,,2026-2027,
2249,LGDWS-PP-25-0150,2249,"Supply, Installation, Testing and Commissioning of Solar Powered 500000 GPD RO Plant in 03 Town Committees at Sukkur Municipal Corporation.",23,70,Approved,23.02.26,Jun-27,119.788,34.4,,2026-2027,
2250,LGDWS-PP-25-0201,2250,"P/L/J and Testing of 4"", 6"", 8"", 12"", 16"", 18"", 20"" & 24"" Dia Distribution Lines and Construction of Canal Intake Pumping Station @ Akram Wah for 06 MGD Khanpota Water Treatment Plant Qasimabad, Hyderabad",23,70,Approved,04.06.26,Jun-27,800.000,25.0,,2026-2027,
2251,LGDWS-PP-23-0022,2251,"Construction of Underground Water Tank of 2 Lac Gallons including 12"" dia (12 kms) to provide water facility to the Education City and adjoining areas near link road, Deh Geroji on Bulk Water Supply System of KW&SB, District Malir Karachi",23,70,Approved,,Jun-27,320.000,3.1,,2026-2027,
2252,LGDWS-PP-23-0027,2252,Improvement & Extension of Urban Water Supply Scheme Talhar Taluka Talhar,23,70,Approved,,Jun-27,223.000,4.5,,2026-2027,
2253,LGDWS-FP-26-0001,2253,Project Readiness Financing (PRF) for Preparing Urban and Water Sector Projects,23,70,Approved,,Jun-29,100.000,100.0,,2026-2027,
2254,LGDWS-PP-26-0002,2254,Replacement of Pumping Machinery & Allied Structure at Water Pumping Station in District East & Central with Providing & Fixing Large Diameter Valves on Water Trunk Pipes including Leakages Repairs under Water Trunk Main Circle KW&SC,23,70,Approved,,Jun-28,1000.000,25.0,,2026-2027,
2255,LGDWS-26-0003,2255,Construction / Rehabilitation of All Major Storm Water Drains of Krachi (Phase-III),23,70,Approved,,Jun-28,1000.000,25.0,,2026-2027,
2256,LGDWS-PP-26-0003,2256,Rehabilitation of Drainage System in Town Municipal Corporations Tando Jam and Tando Fazal,23,70,Approved,,Jun-28,600.000,25.0,,2026-2027,
2257,LGDWS-26-0004,2257,"Paver Block & Drainage at Village Jahan Khan, Mehboob Goth & Various Villages of Union Council Jahan Khan, b) Paver Block at Village Taib and Various Villages of Union Council Taib, c) Paver Block & Drainage at Village Abdu & Various Villages of Union Council Abdu, d) Paver Block & Drainage at Village Bhirkan & Various Villages of Union Council Bhirkan, e) Paver Block & Drainage at Village Dharani & Various Villages of Union Council Sehwani, f) d) Paver Block & Drainage at",23,70,Approved,,Jun-28,150.000,15.0,,2026-2027,
2258,LGDWS-PP-26-0004,2258,Village Nao Wah & Various Villages of Union Council Nao Wah Construction of 6MG filter plant at Kohsar,23,70,Approved,,Jun-28,329.397,25.0,,2026-2027,
2259,LGDWS-26-0005,2259,"Construction of Paver Block & Drainage at a) Village Ilyas Wadhyo & Various Villages of Union Council Nim Sharif b) Village Qabalo, Village Loung Detho & Various Villages of Union Council Naushero Abro",23,70,Approved,,Jun-28,100.000,15.0,,2026-2027,
2260,LGDWS-26-0006,2260,"Construction of Paver Block & Drainage at a) Village Chatto Mangi, Qalandar Bux Brohi, Khuda Bux Brohi, of Union Council Chatto Mangi, b) Village Dakhan & Various Villages of Union Council Dakhan, c) Village Jan Muhammad Mahar, Various Villages Qalandar Bux Khoso of Union Council Waryaso.",23,70,Approved,,Jun-28,50.000,15.0,,2026-2027,
2261,LGDWS-PP-26-0006,2261,"Construction & Rehabilitation of of RCC Drain 2'-00"", 2'-6""& 3'-0"" wide at Municipal Corporation Mirpurkhas",23,70,Approved,,Jun-28,1725.194,25.0,,2026-2027,
2262,LGDWS-26-0007,2262,"Construction of Paver Block & Drainage at a) Village Amrote Sharif & Various Villages of Union Council Amrote, b) Village Ghulam Sarwar Pirzado & Various Villages of Union Council Kandhar.",23,70,Approved,,Jun-28,80.000,15.0,,2026-2027,
2263,LGDWS-26-0008,2263,"Improvement & Extension of Drainage Scheme Chak Town Taluka Lakhi District Shikarpur Construction of Paver Block, Drains and Culverts in various UC villages including",23,70,Approved,,Jun-28,93.817,15.0,,2026-2027,
2264,LGDWS-PP-26-0008,2264,"Village Waryam Jatoi, Ghulam Mustafa Jatoi, Bagh Pai, Nor Din Korai, Muhalla Dharejo, Ghulam Mustafa Malano, Yaseen Bhayo, Jumo Katto, Arazi Saadqi, Gulzar Kalhoro near Arazi Saadqi, Haji Sahab Dino Jatoi, Illahi Bux Jatoi, Ali Hassan Jatoi, Hingoro, Wahid Bux Siyal, Qadan Chachar, Abdul Qadir Indhar, Ahsan Bhayo, Sobdar Jatoi, Rajab Jatoi, Ali Nawaz",23,70,Approved,,Jun-28,150.000,25.0,,2026-2027,
2265,LGDWS-26-0009,2265,"Jatoi, Din Muhammad Jatoi and Hakim Jatoi – Taluka Pano Akil, District Sukkur Construction of Rural Drainage Scheme Misri Wahan Taluka Garhi Yasin",23,70,Approved,,Jun-28,26.183,20.0,,2026-2027,
2266,LGDWS-PP-26-0009,2266,"Construction of Paver Block, Drains and Culverts in various villages including Rajri Jatoi, Changri Jatoi Garhal, Pathan Jatoi, Bahram Jatoi, Damro Jatoi, Sirah Jatoi and Miranpur Saedki – Taluka Pano Akil, District Sukkur",23,70,Approved,,Jun-28,150.000,25.0,,2026-2027,
2267,LGDWS-PP-26-0010,2267,"Construction of Paver Block, Drain, Park and Culverts in various areas of UC Sadhuja, UC Nindapur, UC Nouraja, UC Kot Bulla and UC Panhwari – Taluka Pano Akil, District Sukkur",23,70,Approved,,Jun-28,100.000,25.0,,2026-2027,
2268,LGDWS-PP-26-0011,2268,"Construction of Paver Block and Drains in various wards (Ward 01 to Ward 12) – MC Rohri, Taluka Rohri, District Sukkur",23,70,Approved,,Jun-28,250.000,25.0,,2026-2027,
2269,LGDWS-PP-26-0012,2269,"Construction of Paver Block and Drain in UC Nasirabad, UC Chank-02 and Trighati, Taluka Rohri District Sukkur",23,70,Approved,,Jun-28,100.000,25.0,,2026-2027,
2270,LGDWS-PP-26-0013,2270,"Construction of Paver Block, Drain and Culverts in UC Drip, UC Sultanpur, UC Manzoor Maitlo, UC Roohper and UC Mubarakpur, Taluka Pano Akil District Sukkur",23,70,Approved,,Jun-28,100.000,25.0,,2026-2027,
2271,LGDWS-PP-26-0014,2271,"Construction of Paver Block, Drain and Culverts in UC Wass, UC Registan Mamro, UC Lal Jurio, UC Januji, UC Khabri Bhitt and UC Tarai, Taluka Salehpat District Sukkur",23,70,Approved,,Jun-28,120.000,25.0,,2026-2027,
2272,LGDWS-PP-26-0015,2272,"Construction of Paver Block, Drain and Culverts in UC Panhwar, UC Kotri, UC Dhandi, UC Sangrar and UC Pir Ikhlas Shah, Taluka Rohri District Sukkur",23,70,Approved,,Jun-28,100.000,25.0,,2026-2027,
2273,LGDWS-PP-26-0016,2273,"Construction of Paver Block, Drain and Culverts in UC Aror, UC Akbarpur, UC Trimnoonh, UC Wah Buriro and UC Roshnabad, Taluka Rohri District Sukkur",23,70,Approved,,Jun-28,100.000,25.0,,2026-2027,
2274,LGDWS-PP-26-0017,2274,"Construction of Paver Block, Drain and Culverts in UC Patni, UC Chuwara Mandi, UC Laiq Khan Jiskani, Eid Gah and Road Khari Mumbrani, UC Ali Wahan, Taluka Rohri District Sukkur",23,70,Approved,,Jun-28,100.000,25.0,,2026-2027,
2275,LGDWS-PP-26-0018,2275,"Construction of Water Supply Schemes at Village Pathan, Village Sadloi, Village Sakhani, Village Eidan Shaikh, Village Meer Muhammad Jatoi, UC Long Bhatti and Achiyoon Qubiyoon, Taluka Rohri District Sukkur",23,70,Approved,,Jun-28,100.000,25.0,,2026-2027,
2276,LGDWS-PP-26-0019,2276,"Construction/Repair of Drains and Rehabilitation of Streets/Roads with Paver Blocks in UC Baban Shah, UC Old Sukkur, UC Thermal, UC Ayoub Gate, UC Shah Latif, TMC-II Jeay Shah, Taluka City Sukkur, District Sukkur",23,70,Approved,,Jun-28,100.000,25.0,,2026-2027,
2277,LGDCS-PP-25-0048,2277,"Upgradation & Rehabilitation of existing water distribution & supply system Mirpurkhas, Mirpurkhas Municipal Corporation",23,70,Approved,,Jun-28,357.448,25.0,,2026-2027,
2278,LGDCS-PP-25-0049,2278,"Rehabilitation & Reconstruction of Internal Roads & Streets Paving Block & Sewerage Line in 22 Unionc Councils of Mirpurkhas, Municipal Corporation Mirpurkhas",23,70,Approved,,Jun-28,779.484,25.0,,2026-2027,
2279,AGRMA-FP-19-0325,2279,"Productivity Enhancement of Oilseed Crops (Sindh Component), Total Cost Rs.3704.60 M, GOS share Rs.2113.00, GOP share Rs.1334.04 M and Farmer share Rs.257.500 M",24,71,Approved,02.12.20,Jun-27,2113.000,6.9,,2026-2027,
2280,AGRMA-PP-23-3240,2280,"National Program for Enhancing the command area in barani areas of Pakistan(Sindh Component) (Total 10164.968 M including GOP share: 2898.877 M, GOS share: 5315.4 M, and farmers share 1950.69 M)",24,71,Approved,,Jun-28,5315.400,0.0,,2026-2027,
2281,FWDMA-PP-24-0001,2281,"Up-Scaling of Green Pakistan Program (Extension) Sindh Chapter. (Total cost of Rs.5200.000 million, GoP share Rs.2500.00 million and GoS share Rs.2700.00 million) (SDG 14 & 15)",24,72,Approved,11.07.25,Jun-28,2700.000,64.8,,2026-2027,
2282,IRDMA-FP-17-0211,2282,"Extension of Right Bank Outfall Drain from Sehwan to Sea (RBOD-II), Dadu & Thatta District of Sindh.Total Cost Rs. 61, 985 Million (GoS Share Rs. 7000.00 Million & GoP Share Rs. 54,985 Million) (Revised on 26.07.17)",24,73,Approved,31.08.01,Jun-27,7000.000,42.9,,2026-2027,
2283,IRDMA-FP-20-0090,2283,"Nai Gaj Dam Project - Total Cost Rs. 46,980.350 Million (GoS Share Rs. 1,899.200 Million & GoP Share Rs. 45,081.150 Million) (Revised on 11.03.21)",24,73,Approved,30.09.09,Jun-27,1899.200,36.9,,2026-2027,
2284,IRDMA-FP-15-0048,2284,"Makhi Farash Link Canal Project (Chotiari Phase-II) for Water Supply to Thar Coal Project - Total Cost Rs. 12,087.489 Million (GoS Share Rs. 6,781.289 Million & GoP Share Rs. 5306.20 Million) (Revised on 27.06.2023 ECNEC)",24,73,Approved,04.09.15,Jun-27,6781.289,93.2,,2026-2027,
2285,IRDMA-FP-17-0212,2285,"Sindh Barrage Improvement Project Phase-II, Rehabilitation and Modernization of Sukkur Barrage and Remaining Works for Rehabilitation and Modernization of Guddu Barrage (Revised / Amalgamated PC-I). (Total Cost Rs.74,618.34 Million) W.B share Rs. 68,349.94 Million) (GoS Share Rs. 5,266.15 Million) & GoP Share Rs.1,002.25 Million) (Revised on ECNEC 11-12-2023)",24,73,Approved,22.05.18,Jun-27,5266.150,52.3,,2026-2027,
2286,IRDMA-PP-23-0001,2286,Water Requirement for K-IV Project Improvement of Kalri Baghar Feeder and Keenjhar Lake-Plain Cement Concrete (PCC) Lining of Kalri Baghar Feeder Upper-Phase-I” (Total Cost Rs. 39942.559 M GoS 50% Share Rs. 19971.279 & GoP 50% Share Rs. 19971.279 M),24,73,Approved,19.07.23,Jun-27,19971.279,95.0,,2026-2027,
2287,SEDMA-PP-23-0002,2287,"Construction / Reconstruction of existing Schools in Sindh affected under rain / flood 2022 (833 units) 50:50 Total Cost Rs. 12,338 (GoP Share: Rs.5443.070 M GoS Share: Rs.6894.068 M) (Revised Date: 24-11-2025 Capital: 6025.27 Revenue: 868.79 Total Cost: 6894.07)",24,74,Approved,13.01.26,Jun-27,6894.068,100.0,,2026-2027,
2288,WSDMA-PP-24-0004,2288,"Extension / Construction of Sindh Coastal Highway (36 Kms)(50:50) (Total cost of Rs.37717.567 million, GoP share Rs.26961.14 million and GoS share Rs.10756.849 million)",24,75,Approved,27.06.23,Jun-27,10756.849,100.0,,2026-2027,
2289,WSDMA-PP-25-0001,2289,"Improvement of Road from Rohri to Guddu Barrage @ M-5 Interchange Sadiqabad via Khanpur Mahar, Mirpur Mathelo & Mureed Shakh (150.00 Kms) (Total cost of Rs.18847.878 million, GoP share Rs.8156.137million and GoS share Rs.10691.741 million)",24,75,Approved,02.03.23,Jun-23,9968.648,100.0,,2026-2027,
2290,WSDMA-PP-25-0002,2290,"Dualization of Tando Allahyar to Tando Adam Road 31.40 KMs. (Total cost of Rs.9284.584 million, GoP share Rs.6770.237million and GoS share Rs.2596.772 million)",24,75,Approved,24.03.23,Jun-27,2596.772,100.0,,2026-2027,
2291,WSDMA-PP-25-0003,2291,"Construction of Additional Carriageway along Mehran Highway from Nawabshah to Ranipur 0.00 -135 KMs.(Total cost of Rs.41034.440 million, GoP share Rs.31480.257million and GoS share Rs.9554.183 million)",24,75,Approved,29.06.22,Jun-27,9554.183,100.0,,2026-2027,
2292,WSDMA-PP-25-0004,2292,"Improvement of Road from Sanghar to National Highway N-5 at Point Rohri via Mudh Jamrao and Salehput 0.00 to 221.00 KMs. (Total cost of Rs.35088.431 million, GoP share Rs.23805.1056 million and GoS share Rs.11283.326 million)",24,75,Approved,02.03.23,Jun-27,11283.326,100.0,,2026-2027,
2293,LGDMS-PP-22-0990,2293,Rehabilitation of Nehar-e-Khayam including Diversion of Sewerage Water (District South) (Revised Date: 06-04-2026 Capital: 1456.19 Revenue: 0.00 Total Cost: 1456.19),25,76,Approved,04.07.24,Jun-27,1456.192,100.0,,2026-2027,
2294,LGDMS-PP-22-0992,2294,"Construction of Sport Complex @ Bakhtiari Youth Centre District Central, Karachi (Revised on 16.12.2024)",25,76,Approved,08.03.23,Jun-26,965.938,100.0,,2026-2027,
2295,LGDMS-PP-22-4159,2295,Construction of Korangi Causeway Bridge Karachi,25,76,Approved,04.01.22,Jun-27,6135.146,100.0,,2026-2027,U/R
2296,LGDMS-PP-25-0002,2296,"Construction of Road Connecting Jinnah Avenue from NIPA CHS Sector 45 to Yar Muhammad Goth Sector 44, Gulzar-e-Hijri, Karachi.",25,76,Approved,02.03.26,Jun-27,411.890,50.0,,2026-2027,
2297,LGDMS-PP-25-0003,2297,"Reconstruction of Muhammad Ibrahim Haji Essa Road (Connecting M9 with Nothern Bypass link Road), Karachi",25,76,Approved,26.03.26,Jun-27,261.290,50.0,,2026-2027,
2298,LGDRS-PP-25-0012,2298,Construction of Bund for Reclamation of Land for New Graveyard and Construction of Park,25,76,Approved,03.10.25,Jun-27,479.363,100.0,,2026-2027,
2299,LGDWS-PP-23-0181,2299,"Construction of Storm Water Drain from M-9 to Thaddo Nalla via Mehran Drain, Karachi",25,76,Approved,12.03.24,Jun-27,1447.611,100.0,,2026-2027,U/R
2300,LGDMS-PP-25-0001,2300,"Construction of bridge at Power House Chowrangi, North Karachi, District Central, Karachi.",25,76,Approved,02.03.26,Jun-27,2139.813,50.0,,2026-2027,
2301,LGDRS-PP-24-0007,2301,Construction of bridge on Malir River at N-5 (Murghikhana) Karachi,25,76,Approved,11.03.25,Jun-27,3006.690,100.0,,2026-2027,
2302,LGDRS-PP-24-0014,2302,Construction of junction at Shahrah-e-Bhutto & Korangi Causeway Bridge near Qayoomabad Korangi,25,76,Approved,14.04.25,Jun-27,1890.180,100.0,,2026-2027,U/R
2303,LGDRS-PP-25-0014,2303,"Rehabilitation of Road in Clifton Block 1,2,3,4,5,6, Connecting to Marine Drive",25,76,Approved,27.02.26,Jun-27,578.796,50.0,,2026-2027,
2304,LGDRS-PP-25-0015,2304,Widening/Rehabiliation of Haji Camp Road From Moulvi Tamizuddin Khan Road to Mai Kolachi Road,25,76,Approved,27.02.26,Jun-27,182.269,50.0,,2026-2027,
2305,LGDRS-PP-25-0017,2305,"Rehabilitation of Mehran/Pajero Road (Connecting M-9) and Ghazi Road at Scheme- 3, Karachi",25,76,Approved,27.02.26,Jun-27,744.892,50.0,,2026-2027,
2306,LGDRS-PP-25-0020,2306,Rehabilitation of Korangi link road from Malir District and session Court upto Shahrah-E- Bhutto And Azeempura/Shah Faisal Town Road From Korangi Link Road To Jamia Milla Road Intersection,25,76,Approved,27.02.26,Jun-27,565.422,50.0,,2026-2027,
2307,LGDRS-PP-25-0021,2307,Construction of Road from Korangi 2-1/2 via S.I.U.T(Mehrunnisa Hospital) to Korangi Creek Airbase.,25,76,Approved,27.02.26,Jun-27,612.369,50.0,,2026-2027,
2308,LGDRS-PP-25-0023,2308,Rehabilitation/Installation of Pavers On Damaged Portions of Service Roads Of Shahra- e-Faisal,25,76,Approved,27.02.26,Jun-27,397.224,50.0,,2026-2027,
2309,LGDRS-PP-25-0024,2309,Construction of Baldia Stadium Road From Shahrah-e-Orangi Football Stadium via Urdu chowk to hub river Road,25,76,Approved,27.02.26,Jun-27,2207.372,50.0,,2026-2027,
2310,MS-LGDMS-PP-26-0001,2310,"Rehabilitation of Road from M-9 to Malir-15 via Jinnah Avenue and Shahrah-e-Faisal, Karachi.",25,76,Approved,,Jun-28,2000.000,35.0,,2026-2027,
2311,MS-LGDMS-PP-26-0002,2311,"Construction of Right Turn Underpass at Malir Halt and Printing Press to Shahrah-e-Faisal, Karachi",25,76,Approved,,Jun-28,1500.000,35.0,,2026-2027,
2312,MS-LGDMS-PP-26-0003,2312,"Construction of Flyover from Airport Road to Star Gate, Shahrah-e-Faisal, Karachi",25,76,Approved,,Jun-28,1200.000,35.0,,2026-2027,
2313,MS-LGDMS-PP-26-0004,2313,Construction of 2 x Underpasses (Khayaban-e- Shahbaz & Khayaban-e-Ittehad) Tentative Cost = 1421.476+1438.151),25,76,Approved,,Jun-28,2859.628,35.0,,2026-2027,
2314,MS-LGDMS-PP-26-0005,2314,"Alternate routes in Different areas of Clifton (Start from Main Korangi Road to Khayaban-e- Saadi via Khaliq-uz-Zaman, Khayaban-e-Iqbal, Bath Island Road, Khayaban-e-Jaami & Neher- e-Khayam)",25,76,Approved,,Jun-28,8400.000,1.2,,2026-2027,
2315,LGDRS-PP-25-0045,2315,A) Mauripur Road from Y-Junction to Machli Chowk. B) Hawksbay Drive Road from Machli Chowk to Kakapir Chowk Kemari.,25,76,Approved,,Jun-28,4216.008,50.0,,2026-2027,
2316,LGDRS-PP-25-0047,2316,Construction of Interchange at Intersection of M-9 & Abul Isphani Road.,25,76,Approved,,Jun-28,2277.339,50.0,,2026-2027,
2317,LGDCS-PP-25-0060,2317,"Construction of bridge at 4-K Chowrangi, Surjani, Karachi.",25,76,Approved,,Jun-27,2366.294,50.0,,2026-2027,
2318,MMDMM-PP-22-0995,2318,"Strengthening & Rehabilitation of Directorate General, Mines and Mineral Development Sindh (C:48.049+R:38.592)",26,77,Approved,01.11.24,Jun-27,86.641,100.0,,2026-2027,
2319,MADMT-PP-12-0043,2319,"Implementation of various Development Schemes of Minorities in Sindh (Jamshoro, Ghotki, Karachi , Khairpur, Jacobabad, Larkano, Kashmore, Sukkur, N.Feroze, Dadu, SBA, Sanghar, Mirpurkhas, Umerkot, Tharparkar, Matiari, Jacobabad, Jamshoro, Thatta, Shikarpur & T.A.Yar) (C:704.565)",27,78,Approved,19.03.13,Jun-27,704.565,78.9,,2026-2027,
2320,MADMT-PP-21-0923,2320,"Construction of Dharamshala & Satsang Hall at Chamber City Dr. Loung Paro, District Tando Allahyar (Revised Date: 09-04-2026 Capital: 47.24 Revenue: 0.00 Total Cost: 47.24)",27,78,Approved,14.09.21,Jun-27,47.239,63.3,,2026-2027,
2321,MADMT-PP-21-0944,2321,"Construction of Old Age Aashram, Washroom & Water Tank at village Tagusar Master Ajeem Dass Paro UC Tagusar Taluka Nagarparkar (Revised Date: 09-04-2026 Capital: 59.66 Revenue: 0.00 Total Cost: 59.66)",27,78,Approved,14.09.21,Jun-27,59.656,100.0,,2026-2027,
2322,MADMT-PP-21-0956,2322,Rehabilitation / Renovation of Jindpir Darbar old Sukkur (Revised on 15.05.24),27,78,Approved,14.09.21,Jun-27,72.677,100.0,,2026-2027,U/R
2323,LGDCS-PP-22-0967,2323,Renovation Of Mandir & Church In Various Wards Of Taluka City Hyderabad,27,78,Approved,21.05.25,Jun-27,50.000,32.5,,2026-2027,
2324,MADMT-PP-22-1002,2324,Construction of Langar Hall & Solar Lights at Shiri Saadh Sawai Ashram Shiva Mandli Taluka Thana Bula Khan District Jamshoro (Revised on 21.05.25),27,78,Approved,29.03.23,Jun-27,30.946,100.0,,2026-2027,U/R
2325,MADMT-PP-22-1023,2325,Rehabilitation and Construction of Satsang Hall in Gurdwara Guru Arjan Dev Sahib & RCC Shade in Hindu Massan at Karampur (Revised Date: 09-04-2026 Capital: 25.60 Revenue: 0.00 Total Cost: 25.60),27,78,Approved,19.12.22,Jun-27,25.602,100.0,,2026-2027,
2326,MADMT-PP-22-1027,2326,"Rehabilitation / Re-Construction of Hindu Cremation Shamshanghat, Near Mevo Shah Graveyard Old Golimar, Karachi. (Revised Date: 09-04-2026 Capital: 82.59 Revenue: 0.00 Total Cost: 82.59)",27,78,Approved,02.09.22,Jun-27,82.587,30.3,,2026-2027,
2327,MADMT-PP-22-1038,2327,Rehabilitation of Lal Mandir Luqman District KhairpurMirs (Revised Date: 31-03-2026 Capital: 38.32 Revenue: 0.00 Total Cost: 38.32),27,78,Approved,19.12.22,Jun-27,38.323,100.0,,2026-2027,
2328,MADMT-PP-22-1040,2328,Construction of Satsang Hall &Satsang Hall of Hindu Community at city Hathongo Taluka Khipro District Sanghar. (Revised Date: 31-03- 2026 Capital: 30.59 Revenue: 0.00 Total Cost: 30.59),27,78,Approved,29.03.23,Jun-27,30.590,100.0,,2026-2027,
2329,MADMT-PP-22-1043,2329,Rehabilitation / Renovation with new Compound Wall Temple dada Sehj Gir Suwami UC Khahi Taluka Khipro Distt Sanghar (Revised Date: 31-03-2026 Capital: 32.89 Revenue: 0.00 Total Cost: 32.89),27,78,Approved,29.03.23,Jun-27,32.891,100.0,,2026-2027,
2330,MADMT-PP-22-1044,2330,"Construction of Compound Wall, Langer House Satsang Hall and Renovation of Shiv Mandir of Hindu Massan at Sakrand Road Nawabshah (Revised Date: 09-04-2026 Capital: 41.95 Revenue: 0.00 Total Cost: 41.95)",27,78,Approved,29.03.23,Jun-27,41.950,100.0,,2026-2027,
2331,MADMT-PP-22-1047,2331,Construction of Temple /Mandir at Chelhar District Tharparkar (Revised Date: 31-03-2026 Capital: 34.96 Revenue: 0.00 Total Cost: 34.96),27,78,Approved,29.03.23,Jun-27,34.964,100.0,,2026-2027,
2332,MADMT-PP-22-1050,2332,Construction of Satsang Hall and BoundaryWall with Gate at Pathshala near Hardas Bhagat Buwara Mithi (Revised Date: 31-03-2026 Capital: 39.04 Revenue: 0.00 Total Cost: 39.04),27,78,Approved,29.03.23,Jun-27,39.036,100.0,,2026-2027,
2333,MADMT-PP-22-1058,2333,Construction of Satsang Hall situated at Model Town (A) Dhak Para Sanghar (Revised Date: 08-04-2026 Capital: 26.63 Revenue: 0.00 Total Cost: 26.63),27,78,Approved,29.03.23,Jun-27,26.633,100.0,,2026-2027,
2334,MADMT-PP-23-0007,2334,"Extension / Construction and Provision of Additional Facilities of Minorities Places in District Jamshoro A. Devi Mata Mandir, at Mol taluka TBK .B. Auditorium Hall at Jam Lar Dargah Taluka Thanna Bula Khan C. Compound wall of Christian Community Graveyard UC Mormo Jabal and Prayer Hall for Cristian Community at RBB Colony Jamshoro (Revised Date: 09-04-2026 Capital: 100.00 Revenue: 0.00 Total Cost: 100.00)",27,78,Approved,31.07.23,Jun-27,99.996,68.4,,2026-2027,
2335,MADMT-PP-23-0009,2335,"Extension / Construction and Provision of Additional Facilities of Hindu Minorities Places in Thatta A.Shiv Mandir Jhampir B. Langer Hall & other works at Baba Sri Chand Sahib Darbar Thatta C. Mata Shangh Bawani Mandir, Makli and Gaushalla Makli D. Minorities graveyard at Gharo, Taluka Mirpur Sakro E. Satsang Hall for Hindu Community at Gharo, 2 Taluka Mirpur Sakro F. Hanu Mandir Thatta (Revised Date: 09-04-2026 Capital: 171.00",27,78,Approved,31.07.23,Jun-27,171.000,55.6,,2026-2027,
2336,MADMT-PP-23-0011,2336,Revenue: 0.00 Total Cost: 171.00) Extension of Versi Ram Tikando and Extension of Shiwalo at Sujawal City,27,78,Approved,31.07.23,Jun-27,9.674,100.0,,2026-2027,U/R
2337,MADMT-PP-23-0012,2337,Provision of Additional Facilities at Janam Astan Amar Udero Lal city Nasurpur District Tando Allahyar (Revised Date: 09-04-2026 Capital: 59.21 Revenue: 0.00 Total Cost: 59.21),27,78,Approved,31.07.23,Jun-27,59.206,100.0,,2026-2027,
2338,MADMT-PP-23-0015,2338,Extension / Construction and Provision of Additional Facilities of Hindu Minorities Places in District Sanghar A. Mata Hanglaj Mandir Berani Town Ward No. 5 at Gulshan-e-Noor Society Berani B. Khori Darbar Taluka Khipro (Revised Date: 09-04-2026 Capital: 63.32 Revenue: 0.00 Total Cost: 63.32),27,78,Approved,31.07.23,Jun-27,63.322,63.0,,2026-2027,
2339,MADMT-PP-23-0016,2339,Extension / Construction and Provision of Additional Facilities of Minorities Places in District Nawabshah- A. Compound Wall and other Facilities at Hindu Massan Qazi Ahmed- B. St Franncis Solanus Church Mariam Road Nawabshah (Revised Date: 31-03-2026 Capital: 87.61 Revenue: 0.00 Total Cost: 87.61) Extension / Construction and Provision of,27,78,Approved,31.07.23,Jun-27,87.613,58.3,,2026-2027,
2340,MADMT-PP-23-0018,2340,"Additional Facilities of Minorities Places in Larkana District- A. Guru Nanik Gurdwara Singh Sabha Parband Committy @ Lohar Colony, Shri Krishna Mandir New Nazar Maholla Larkana- B. Sawan Darbar New Nazar Muhalla and Reconstruction of Hanuman Mandir UC 4 new Nazar Muhalla Larkana C. Satsang Hall for Bheel Community at Panjo Dero near Naudero- D. Hindu Massan at Massan Road Larkana and Hindu Massan Dokri- E. Devi Mata Mandir ( Marhi Sahiba)",27,78,Approved,31.07.23,Jun-27,66.979,100.0,,2026-2027,
2341,MADMT-PP-23-0021,2341,Ratodero Extension / Construction and Provision of Additional Facilities of Hindu Minorities Places in District Shikarpur (Revised) A. Ladies Yatri Rooms & Bhandara Hall at Pooj Samadha Ashram Shikarpur B. Sajal Sher Darbar Shikarpur C. Mata Mandir Graveyard Shikarpur (Revised on 15.05.24),27,78,Approved,31.07.23,Jun-27,157.335,77.4,,2026-2027,
2342,MADMT-PP-23-0023,2342,Extension / Construction and Provision of Additional Facilities of Minority Places District Ghotki A. Solar System for Baba Heranand Mandir & Boundary Wall for Hindu Massan at Mirpur Mathlo and Solar System for Shri Ram Dev Mandir Dad Road Daharki B. Solar Energy System and Satsang Hall at Shadani Darbar Hayat Pittafi (Revised on 21.05.25),27,78,Approved,07.01.23,Jun-27,88.445,74.3,,2026-2027,
2343,MADMT-PP-23-0025,2343,"Extension / Construction and Provision of Additional Facilities of Minority Places District Sukkur A. Birbal Ram Langer Hall, Kitchen & Lavatory Block at Bhit Noor Shah Taluka Rohri B. Rama Pir temple at PanoAkil C. Krishna Mandir Gaushalla Sukkur (Revised on 21.05.2025)",27,78,Approved,07.01.23,Jun-27,84.725,100.0,,2026-2027,U/R
2344,MADMT-PP-25-0001,2344,Rehabilitation of St. Joseph Church Saddar Karachi. (Revised Date: 09-04-2026 Capital: 60.81 Revenue: 0.00 Total Cost: 60.81),27,78,Approved,02.09.25,Jun-27,60.814,100.0,,2026-2027,
2345,MADMT-PP-25-0002,2345,Renovation & Other Works of Shri Krishna Mandir Mother Village Hyderabad.,27,78,Approved,02.09.25,Jun-27,70.000,53.6,,2026-2027,
2346,MADMT-PP-25-0003,2346,Providing Additional Facilities@ Hyderabad Gurdwara Sahib bypass Road Hyderabad.,27,78,Approved,02.09.25,Jun-27,50.000,100.0,,2026-2027,
2347,MADMT-PP-25-0004,2347,"Construction of Rooms & Other Facilities @ Pir Malu, Taluka Thana Bula Khan, District Jamshoro.",27,78,Approved,02.09.25,Jun-27,20.000,100.0,,2026-2027,
2348,MADMT-PP-25-0005,2348,"Construction of Boundary Wall and other works at Guru Mangal Gir Ashram, Thana Bula Khan, District Jamshoro",27,78,Approved,02.09.25,Jun-27,20.000,100.0,,2026-2027,
2349,MADMT-PP-25-0006,2349,"Construction of Various Rooms Including Washrooms and other works at Guru Balpuri Astan, Taluka Thana Bula Khan, District Jamshoro",27,78,Approved,02.09.25,Jun-27,19.998,100.0,,2026-2027,
2350,MADMT-PP-25-0007,2350,Re-Construction of Bhagat Narain Dham Near Mari Chowk District Larkana,27,78,Approved,02.09.25,Jun-27,19.913,100.0,,2026-2027,
2351,MADMT-PP-25-0008,2351,Reconstruction of Gur Sangat Gurdwara New Nazar Mohalla Larkana,27,78,Approved,02.09.25,Jun-27,9.965,100.0,,2026-2027,
2352,MADMT-PP-25-0009,2352,Re-Construction of Mandir New Nazar Muhalla Chandia Street Bagri Colony Larkana,27,78,Approved,02.09.25,Jun-27,14.948,100.0,,2026-2027,
2353,MADMT-PP-25-0010,2353,Re-Construction of Nanik Ram Darbar Sanghi Colony Dodai Larkana.,27,78,Approved,02.09.25,Jun-27,9.938,100.0,,2026-2027,
2354,MADMT-PP-25-0011,2354,Construction of Kitchen & Washrooms at Atma Ram Darbar Ali Goharabad Larkana and Sadhan Wari Darbar Larkana,27,78,Approved,02.09.25,Jun-27,9.956,100.0,,2026-2027,
2355,MADMT-PP-25-0012,2355,Reconstruction of Baba Amar Das Darbar Larkana.,27,78,Approved,02.09.25,Jun-27,9.955,100.0,,2026-2027,
2356,MADMT-PP-25-0013,2356,Rehabilitation of Baba Teekam Das Darbar Bagri Muhalla Village Kanga Mero Khan Road District Larkana.,27,78,Approved,02.09.25,Jun-27,14.931,100.0,,2026-2027,
2357,MADMT-PP-25-0014,2357,Providing Additional Facilities at Big Shiv Mandir Harijan Colony Ratodero,27,78,Approved,02.09.25,Jun-27,10.000,100.0,,2026-2027,
2358,MADMT-PP-25-0015,2358,Extension / Construction and Provision of Additional Facilities of Harljan Mandir Naudero and Bhil Mandir Near Rice Canal Naudero,27,78,Approved,02.09.25,Jun-27,9.938,100.0,,2026-2027,
2359,MADMT-PP-25-0016,2359,Additional Facilities Baba Milki Ram Darbar Near Khatan Bazar District Larkana,27,78,Approved,02.09.25,Jun-27,10.000,100.0,,2026-2027,
2360,MADMT-PP-25-0017,2360,Providiing & Installation of Solar system & Construction of Punchayati Hall Ratodero.,27,78,Approved,02.09.25,Jun-27,10.000,100.0,,2026-2027,
2361,MADMT-PP-25-0018,2361,Extension & Additional Facilities Gaushalla Ratodero.,27,78,Approved,02.09.25,Jun-27,20.000,100.0,,2026-2027,
2362,MADMT-PP-25-0019,2362,Providing & Installation of Solar System of Baba Gobind Das Darbar Ratodero,27,78,Approved,03.09.25,Jun-27,10.000,100.0,,2026-2027,
2363,MADMT-PP-25-0020,2363,Rehabilitation & Other Works at Marhi Mandir Shahi Bazar Ghari Yaseen District Shikarpur.,27,78,Approved,02.09.25,Jun-27,15.000,100.0,,2026-2027,
2364,MADMT-PP-25-0021,2364,"Construction of boundary wall Syed Pir Ghazi Village Darri, Taulka and District Ghotki (Revised Date: 31-03-2026 Capital: 49.93 Revenue: 0.00 Total Cost: 49.93)",27,78,Approved,02.09.25,Jun-27,49.927,100.0,,2026-2027,
2365,MADMT-PP-25-0022,2365,Construction of Building for Protestant Church of Christian Community Opposite Dargah Syed Ramzan Shah Ward 04 Samaro Town Umerkot. & Construction of Waiting Shade of Shamshan Ghat at Pithoro District Umerkot.,27,78,Approved,02.09.25,Jun-27,20.000,100.0,,2026-2027,
2366,MADMT-PP-25-0023,2366,"Construction of Satsang Hall at Sardharo Dham, Nangarparkar Taluka District Tharparkar.",27,78,Approved,02.09.25,Jun-27,15.000,100.0,,2026-2027,
2367,MADMT-PP-25-0024,2367,"Extention of Panchayati Hall at Kandi bazar Mandir, Jaccobabad.",27,78,Approved,02.09.25,Jun-27,10.000,100.0,,2026-2027,
2368,MADMT-PP-25-0025,2368,"Construction of Assardas D.Hmnani Hindu Community Complex along with Women Hostel & Library with amenities at Devari Temple, Bypass Road, Ghotki. [Ref#237]",27,78,Approved,03.09.25,Jun-27,75.000,100.0,,2026-2027,
2369,MADMT-PP-25-0026,2369,Installation of Solar System at Reharki Sahib Darbar [Ref#467],27,78,Approved,03.09.25,Jun-27,50.000,100.0,,2026-2027,
2370,MADMT-PP-25-0027,2370,Construction of New Bhawan Hall & Other Works at Reharki Sahib. [Ref#468],27,78,Approved,03.09.25,Jun-27,50.000,100.0,,2026-2027,
2371,MADMT-PP-25-0028,2371,Repair and Renovation of Shree Laxmi Narayan Mandar (Near Naiti Jaiti BRIDGE Adjacent Port Grant Karachi). [Ref#469],27,78,Approved,03.09.25,Jun-27,50.000,100.0,,2026-2027,
2372,MADMT-PP-25-0029,2372,Construction of Drainage & Allied Works at Reharki Sahib. [Ref#470],27,78,Approved,03.09.25,Jun-27,99.940,100.0,,2026-2027,
2373,MADMT-PP-25-0031,2373,Construction of SSD Dham at Mother Village Hyderabad. [Ref#849],27,78,Approved,03.09.25,Jun-27,50.000,100.0,,2026-2027,
2374,PNDBS-PP-19-0326,2374,"Reconstruction, Renovation & Rehabilation of Divisional/ District & Sub-Divisional Offices- cum- Residences of Bureau of Statistics, Sindh. (C:165.065 m + R:17.370 m) (Revised) (Hyderabad, Jamshoro, Dadu, SBA, Badin, T.M.Khan, Sukkur, Ghotki, Larkano, Jacoabad, Shikarpur, Mirpurkhas, Tharparkar & Karachi) (SDG # 17) (Revised Date: 12-07-2019 Capital:",28,79,Approved,16.10.16,Jun-27,302.149,100.0,,2026-2027,
2375,PNDBS-PP-22-1067,2375,0.00 Revenue: 302.15 Total Cost: 302.15) Reconstruction of Field Offices-cum- Residences of Sindh Bureau of Statistics at Ratodero,28,79,Approved,07.11.22,Jun-27,23.022,100.0,,2026-2027,U/R
2376,PNDBS-PP-23-0004,2376,Uplifting IT infrastructure of Sindh Bureau of Statistics,28,79,Approved,20.07.23,Jun-27,99.985,100.0,,2026-2027,
2377,PNDBS-PP-25-0001,2377,Sindh Multiple Indicator Cluster Survey (SMICS),28,79,Approved,05.08.25,Jun-27,224.348,100.0,,2026-2027,
2378,PNDBS-PP-25-0002,2378,Renovation of BOS Office Premises at Karachi.,28,79,Approved,,Jun-28,50.000,100.0,,2026-2027,
2379,PNDBS-FP-26-0001,2379,Sindh Public Resources for Inclusive Development (SPRID) PIU P&D Component Estimated Cost Rs.1982.21 million (US$ 7.00 million) 100% World Bank.,28,79,Approved,,Jun-30,0.000,0.0,,2026-2027,
2380,PNDMC-PP-23-0005,2380,"Construction of Regional Offices of M&E Cell, at Sukkur",28,80,Approved,13.05.25,Jun-28,137.121,44.2,,2026-2027,
2381,PNDMC-PP-23-0006,2381,"Construction of Regional Offices of M&E Cell, at Larkana",28,80,Approved,13.05.25,Jun-28,175.500,40.8,,2026-2027,
2382,PNDPR-PP-19-0410,2382,"Expansion of People's Poverty Reduction Programme (PPRP) (SDG# 1,5 & 8) (Revised on 19.05.2022) (Revised Date: 05-01-2026 Capital: 0.00 Revenue: 6399.74 Total Cost: 6399.74)",28,81,Approved,12.12.19,Jun-28,6399.740,46.4,,2026-2027,
2383,PNDPR-PP-19-0411,2383,Supervision Consulting Firm for Rural Growth Centres Chuhar Jamali (Revised on 21.09.2021),28,81,Approved,29.05.20,Jun-27,100.513,50.0,,2026-2027,
2384,PNDSR-PP-21-0966,2384,"Development of Master Plans for 12 Major Secondary cities (Khairpur, Ghotki, Mirpur Mathelo, Rohri, Shikarpur, Kamber, Khandkot, Jacobabad, Kotri, Tando Adam, Moro & Hala) & Tourism Master Plan of Mirpur Sakro & Sehwan (Revised on 12.09.2024)",28,81,Approved,21.09.21,Jun-28,199.000,51.3,,2026-2027,U/R
2385,PNDPR-PP-22-1069,2385,People's Poverty Reduction (PPRP) Phase-III in 04 Districts,28,81,Approved,14.05.22,Jun-28,6034.800,8.3,,2026-2027,
2386,PNDPR-PP-22-1070,2386,Project Management & Implementation Unit for Establishment of Rural Growth Centre under Poverty Reduction Strategy (Revised Date: 05-08-2025 Capital: 4961.91 Revenue: 0.00 Total Cost: 4961.91),28,81,Approved,22.02.23,Jun-29,4961.909,12.3,,2026-2027,
2387,PNDSR-FP-17-0218,2387,"Karachi Neighborhood Improvement Project (KNIP) under Karachi Transformation Stretegy (KTS). (Total Cost Rs.18,805.577 M, WB share Rs.16709.389 M & GOS share Rs.2096.188 M) (Revised on 05.08.2023)",28,82,Approved,10.07.17,Jun-27,2835.440,100.0,,2026-2027,U/R
2388,PNDSR-PP-21-0963,2388,Allocation For Feasibility Studies,28,82,Approved,14.05.22,Jun-27,1000.000,100.0,,2026-2027,
2389,PNDSR-PP-21-0965,2389,Institutional Strengthening of Directorate/ Project Coordination and Monitoring Unit (PCMU) and Establishment of Shared Services unit (SSU) (Revised on 03.10.2022)(Re-revised 11.03.2025),28,82,Approved,30.11.11,Jun-27,317.700,47.8,,2026-2027,
2390,PNDSR-PP-21-0967,2390,Capacity Building of Human Resources Planning & Development Department and its attached offices (Revised on 11.01.2023) (Revised Date: 01-11-2023 Capital: 0.00 Revenue: 144.75 Total Cost: 144.75),28,82,Approved,26.08.21,Jun-27,144.750,100.0,,2026-2027,
2391,PNDSR-PP-22-1069,2391,Sindh Water & Agriculture Transformation (SWAT) Project. (P&D Component),28,82,Approved,06.12.22,Jun-28,1350.000,30.3,,2026-2027,
2392,PNDNS-PP-23-0001,2392,"Strengthning of Servers, Data Storage, Softwares and Hardware for Data Center in P&DD.",28,82,Approved,02.05.25,Jun-27,148.496,75.6,,2026-2027,
2393,PNDNS-PP-25-0001,2393,"Sindh Flood Emergency Rehabilitation Project Phase II (Total Cost Rs.12,261.00 M, WB share Rs. 11,147.00 M & GOS share Rs.1,144.000 M)",28,82,Approved,10.04.25,Jun-28,1144.000,100.0,,2026-2027,
2394,PNDNS-PP-25-0002,2394,"Sindh Coastal Resilience Project (SCRP) - Livelihood and Community Infrastructure (Total Cost Rs.30,915.227m IFAD share Rs.28,000m + GOS Share Rs.1,884.62m + Private Sector Rs.259.06m + Beneficiary contribution Rs.771.55m)",28,82,Approved,15.10.25,Dec-31,1884.624,20.8,,2026-2027,
2395,PNDNS-PP-25-0003,2395,Climate and Equity Development,28,82,Approved,02.01.26,Jun-29,192.000,26.0,,2026-2027,
2396,PNDSR-PP-25-0004,2396,Sustainable Development Goals (SDGs) Plus Program in Sindh,28,82,Approved,10.07.24,Jun-31,660.000,41.7,,2026-2027,
2397,PWDPW-PP-17-0222,2397,"Accelerated Family Planning Services and Behavioral Change Communication (BCC) (C:43.176+R:353.546) (SDG # 3, 5)",29,83,Approved,12.01.18,Jun-27,396.722,26.6,,2026-2027,U/R
2398,PWDPW-PP-22-1071,2398,"Construction of Regional Training Institute (RTI) at Sukkur (SDG # 3, 5)",29,83,Approved,,Jun-28,212.711,25.0,,2026-2027,
2399,PRAPA-PP-13-0035,2399,"Construction of Sindh Parliamentarians Residences, Karachi (Revised on 26.08.21) (Re-Revised on 27.04.26 (SDG # 9) (Revised Date: 27-04-2026 Capital: 7278.01 Revenue: 0.00 Total Cost: 7278.01)",30,84,Approved,04.08.14,Jun-27,7278.012,93.0,,2026-2027,
2400,PROPO-PP-06-0004,2400,"Construction of Provincial Ombudsman Regional Offices-cum-Residences (3 Nos.)at Mirpurkhas, Larkana and Nawabshah and purchase of plots (Headquarter and Nine 09 Regional Offices Phase-I) (SDG # 16)",31,85,Approved,17.04.07,Jun-27,75.000,75.8,,2026-2027,
2401,PROPO-PP-21-0979,2401,Construction of Office Building at Hyderabad (C: 28.978+R:1.000),31,85,Approved,28.04.23,Jun-27,29.278,100.0,,2026-2027,
2402,PROPO-PP-21-0980,2402,Construction of Office Building at Sukkur (C:29.346+R:2.770),31,85,Approved,29.03.22,Jun-27,32.116,88.3,,2026-2027,
2403,PROPO-PP-25-0001,2403,"Extension of Office Building of Provincial Ombudsman, Head Office at Karachi",31,85,Approved,,Jun-28,336.000,0.0,,2026-2027,
2404,PHEDR-PP-08-0004,2404,Improvement / Extension of Drainage Scheme Dadu City (SDG # 6),32,86,Approved,30.09.08,Jun-27,589.700,100.0,,2026-2027,
2405,PHEPO-PP-11-0030,2405,Disposal of Sewerage/Sullage into K.B Feeder i/c Treatment Plant Behar Colony Khanzada Colony and Ghareebabad etc. (ADP No.1612/2018-19) (SDG # 6). (Revised Date: 30-03-2026 Capital: 197.26 Revenue: 0.00 Total Cost: 197.26),32,86,Approved,21.07.11,Jun-28,197.260,34.2,,2026-2027,
2406,PHEDR-PP-12-0048,2406,"Drainage Scheme Subhanallah Colony including Nala from Zone ""B"" Kotri upto Subhanallah Colony Disposal of Kotri Town (SDG # 6)",32,86,Approved,01.03.13,Jun-28,127.000,56.1,,2026-2027,
2407,PHEDR-PP-12-0051,2407,Drainage Scheme Mirpur Mathelo (SDG # 6),32,86,Approved,12.02.13,Jun-27,380.884,100.0,,2026-2027,
2408,PHEDR-PP-13-0038,2408,Drainage Scheme Ghotki City (Mega Project) (SDG # 6),32,86,Approved,08.04.14,Jun-27,362.530,100.0,,2026-2027,
2409,PHEDR-PP-14-0082,2409,Drainage Scheme Garhi Khairo (SDG # 6) (Revised Date: 23-04-2026 Capital: 178.32 Revenue: 0.00 Total Cost: 178.32),32,86,Approved,24.02.15,Jun-28,178.315,26.4,,2026-2027,
2410,PHEDR-PP-16-0119,2410,Drainage Scheme Pano Akil (SDG # 6),32,86,Approved,18.01.17,Jun-27,276.536,100.0,,2026-2027,
2411,PHEDR-PP-16-0123,2411,Drainage Scheme for Tharu Shah Taluka Bhiria (SDG # 6),32,86,Approved,16.05.17,Jun-28,159.000,62.9,,2026-2027,
2412,PHEDR-PP-16-0126,2412,Improvement of Drainage System Gambat (SDG # 6) (Revised Date: 01-09-2025 Capital: 712.46 Revenue: 0.00 Total Cost: 712.46),32,86,Approved,25.09.16,Jun-28,712.459,39.1,,2026-2027,
2413,PHEDR-PP-16-0127,2413,Improvement of Drainage System Sobhodero (SDG # 6) (Revised Date: 30-03-2026 Capital: 189.46 Revenue: 0.00 Total Cost: 189.46),32,86,Approved,30.09.16,Jun-28,189.464,53.5,,2026-2027,
2414,PHEDR-PP-16-0128,2414,Improvement of Drainage System Ranipur (SDG # 6),32,86,Approved,18.01.17,Jun-27,161.953,100.0,,2026-2027,
2415,PHEDR-PP-17-0239,2415,Rehabilitation & Improvemnet of Urban Drainage Scheme Shikarpur (Revised on 18.01.2017) (Re-Revised on 21.03.2018) (SDG # 6).,32,86,Approved,18.06.13,Jun-28,1197.250,93.6,,2026-2027,
2416,PHEDR-PP-17-0243,2416,Improvement & Extension of Drainage Scheme Mehar Taluka Mehar (SDG#6),32,86,Approved,27.09.17,Jun-27,339.000,100.0,,2026-2027,
2417,PHEDR-PP-17-0250,2417,"Drainage Scheme Village Dargah Haji Hussain Shah Jillani, Pakka Chang Taluka Faiz Gunj (SDG#6) (Revised Date: 19-12-2025 Capital: 162.04 Revenue: 0.00 Total Cost: 162.04)",32,86,Approved,24.07.17,Jun-28,162.036,63.0,,2026-2027,
2418,PHEDR-PP-19-0355,2418,Drainage Scheme Gulab Leghari Taluka Matli (Revised on 04.03.24) (Re-Revised on 27.01.25),32,86,Approved,05.08.19,Jun-27,54.013,100.0,,2026-2027,
2419,PHEDR-PP-19-0369,2419,"Improvement and Extension of Drainage Scheme Tangwani, Taluka Tangwani, District Kashmore (SDG#6)",32,86,Approved,20.01.20,Jun-27,94.318,100.0,,2026-2027,
2420,PHEDR-PP-20-0100,2420,Improvement & Extention of Drainage System for Kotri City (Revised on 16.05.2021) (Re- Revised on 26.02.25),32,86,Approved,27.10.17,Jun-28,1435.000,37.2,,2026-2027,
2421,PHEDR-PP-20-0101,2421,Improvement & Extension of Urban Drainage Scheme Sakrand Town (Phase-III) (Revised on 07.08.23) (Revised Date: 22-09-2025 Capital: 465.12 Revenue: 0.00 Total Cost: 465.12),32,86,Approved,15.01.21,Jun-28,465.115,65.9,,2026-2027,
2422,PHEDR-PP-21-1031,2422,"Construction of Drainage Scheme Village Karampur and Adjoining Villages, Taluka Sehwan (Re-Revised on 31.10.24)",32,86,Approved,17.11.21,Jun-27,163.489,100.0,,2026-2027,
2423,PHEDR-PP-21-1054,2423,"Rehabilitation of Drainage System of Bagarji Town & Village Gosarji/and Construction of Raods, Drains/Laying of Paver Block at Various Areas of UC Naseerabad and UC Jaffarabad Taluka New Sukkur (Revised on 16.05.23)",32,86,Approved,11.11.21,Jun-27,175.748,100.0,,2026-2027,
2424,PHEDR-PP-22-1146,2424,"Reh / Construction of Drainage Nala Village Abdullah Chawro, Jamshoro Town, Reh/ Construction of Drainage Scheme of RBB Colony Jamshoro Town, Reh / Construction of Drainage Nala of Bhirya Village, Jamshoro Town (SDG#6) (Revised on 30.01.25)",32,86,Approved,01.12.22,Jun-27,202.232,100.0,,2026-2027,
2425,PHEDR-PP-22-1154,2425,"Extention of Drainage System in Village Suleman Soomro i/c Paver block, Improvement & Extention of Drainage Scheme Bulri Shah Karim i/c paver block , (SDG#6) (Revised on 16.04.25)",32,86,Approved,01.02.23,Jun-27,149.181,100.0,,2026-2027,
2426,PHEDR-PP-22-1160,2426,"Provision of Paver Block, C.C Block and C.C Drain Surface Drain and Various Location Union Council Shaikh Farid Nango Shah and Lakhat, District Tando Muhammad Khan (Revised on 16.04.25)",32,86,Approved,08.12.22,Jun-27,74.544,100.0,,2026-2027,
2427,PHEDR-PP-22-1172,2427,"Providing Drainage System and CC Paving Block for village Ghumra, Naseerabad & Bagirji Taluka New Sukkur District Sukkur (SDG#6)",32,86,Approved,03.11.22,Jun-27,140.000,100.0,,2026-2027,
2428,PHEDR-PP-22-1195,2428,Improvement Extension Drainage Scheme Kazi Ahmed (SDG#6),32,86,Approved,05.10.22,Jun-28,431.378,72.9,,2026-2027,
2429,PHEDR-PP-22-1200,2429,"Improvement & Extension of Urban Drainage Scheme Kandiaro, Taluka Kandiaro (SDG#6).",32,86,Approved,30.11.22,Jun-27,269.982,100.0,,2026-2027,
2430,PHEDR-PP-22-1222,2430,"Drainage Scheme at City Badani and Village Muhammade Umer Bhutto, Village Mevo Bhutto, Village Rasees Muhammad Nawab Bhutto & Village Rehamatabad Suhryani UC Wakro (SGD #6)",32,86,Approved,01.12.22,Jun-27,60.000,100.0,,2026-2027,
2431,PHEPO-PP-22-1255,2431,Rural Drainage Scheme Jinhan Soomro (ADP No.1726)(2020-21) (SDG#6),32,86,Approved,22.09.16,Jun-27,30.274,100.0,,2026-2027,
2432,PHEPO-PP-22-1829,2432,Improvement & Extension of Urban Drainage Scheme Daharki,32,86,Approved,22.03.23,Jun-28,669.644,37.5,,2026-2027,
2433,PHEPO-PP-22-1830,2433,Improvement and Extension of Urban Drainage Scheme Umerkot i/c of Constt: Surface Drains for left over New Developed Area (Revised Date: 20-01-2026 Capital: 417.63 Revenue: 0.00 Total Cost: 417.63),32,86,Approved,17.05.23,Jun-28,417.631,40.4,,2026-2027,
2434,PHEDR-PP-23-0050,2434,"Reconditioning of Metal Roads / Paver work, Providing & Laying Sewerage Main Line and Rehabilitation of Water Schemes of Different Villages of UC Juma Hamayati, UC Chohar, UC Darsano, UC Jam Murad Ali, UC Gaddap, UC Kharkharo, UC Kathor, UC Ghaghar and UC Razakabad of NA-236, Malir Karachi",32,86,Approved,18.07.23,Jun-28,149.560,68.2,,2026-2027,
2435,PHEDR-PP-23-0068,2435,"Beautification of Bhan Town, Taluka Sehwan (Revised Date: 19-12-2025 Capital: 106.70 Revenue: 0.00 Total Cost: 106.70)",32,86,Approved,18.07.23,Jun-28,106.700,44.9,,2026-2027,
2436,PHEDR-PP-23-0075,2436,"Construction of CC Road / Paver Block / Surface Drains in various streets of Municipal Committee Umerkot, District Umerkot",32,86,Approved,07.08.23,Jun-28,250.000,50.9,,2026-2027,
2437,PHEDR-PP-23-0076,2437,"Construction of Drain, CC Road & Providing Water Supply Line at New Chhore City and Water Supply Line Village Mandhal. (Revised Date: 20-01-2026 Capital: 207.42 Revenue: 0.00 Total Cost: 207.42)",32,86,Approved,18.07.23,Jun-28,207.416,74.3,,2026-2027,
2438,PHEDR-PP-23-0079,2438,Improvement and Extension of Drainage Work Eidgah Muhallah Kunri Town Phase-I & Improvement and Extension of Urban Water Supply Scheme Nabisar Road (Revised on 28.04.25),32,86,Approved,18.07.23,Jun-28,208.131,65.9,,2026-2027,
2439,PHEDR-PP-23-0084,2439,"Construction / Restoration of Drainage System in U.C Loung Bhatti,UC Patni,U.C Chohara Mandi (Old Patni) (Revised on 27.09.24)",32,86,Approved,04.03.24,Jun-28,147.643,45.4,,2026-2027,
2440,PHEDR-PP-23-0085,2440,Construction of Drainage Scheme at Village Kotho UC Hingoro & Drainage and Paving Blocks for village Ali Gohar Indhar Taluka Pano Akil District Sukkur. (Revised on 27.09.24) Construction of Storm water Drain / Nala from,32,86,Approved,13.07.23,Jun-28,131.550,50.9,,2026-2027,
2441,PHEDR-PP-23-0088,2441,"Eiden Shaikh, Sakhani Mohalla & Newyard Upto Nara Canal. Improvement & Extension of Katper Mohalla and Rehabilitation of Mirani Mohalla Disposal Pumping Station. Construction of Sohail Soomro Culvert & Paving Blocks for Kandhra Taluka Rohri. Construction of Drainage Scheme Haji Khan Ghunio UC Drib Taluka Pano Akil District Sukkur. (Revised on 02.09.24)",32,86,Approved,04.03.24,Jun-28,257.734,31.8,,2026-2027,
2442,PHEDR-PP-23-0089,2442,"Drainage Scheme for Village Dreha and Drainage & Paver block for village Nadir Mahar, Village Jamal Khan Lashari, Village Subhanallah, & Village Khuram Khan Lashari UC Tamachani Taluka Sukkur (New) District Sukkur. (Revised on 27.09.24)",32,86,Approved,13.07.23,Jun-28,183.217,39.3,,2026-2027,
2443,PHEDR-PP-23-0090,2443,"Construction of Paving Block CC Block and Drainage System Various villages of UC Dhandhi, Uc Naro Hamthar & UC Nirch. (Revised on 27.09.24)",32,86,Approved,13.07.23,Jun-27,198.773,100.0,,2026-2027,
2444,PHEDR-PP-23-0091,2444,"Construction of Paver Blocks & Drains of different Villages of UC Baiji, Taluka Pano Akil (Revised on 27.09.24)",32,86,Approved,13.07.23,Jun-27,76.541,100.0,,2026-2027,
2445,PHEDR-PP-23-0107,2445,Paver & Drainage facility muhalla Luqman khairpur City (Revised Date: 19-12-2025 Capital: 190.89 Revenue: 0.00 Total Cost: 190.89),32,86,Approved,13.07.23,Jun-28,190.892,30.9,,2026-2027,
2446,PHEDR-PP-23-0118,2446,"Drainage Scheme with Paver Block for Village Khan Muhammad Shahani, Ghulam Nabi Suhag & Chutan Shah Bukhari, Taluka Kingri (Revised Date: 19-12-2025 Capital: 161.25 Revenue: 0.00 Total Cost: 161.25)",32,86,Approved,18.07.23,Jun-28,161.249,66.4,,2026-2027,
2447,PHEDR-PP-23-0122,2447,Construction of Drainage Scheme for Mari Jalbani & Mari Sabki (Phase-II) UC Marvi Taluka Sakrand,32,86,Approved,07.08.23,Jun-28,591.305,62.3,,2026-2027,
2448,PHEDR-PP-23-0125,2448,Construction of Drainage System for Model Town & Buland Shah Colony Nawabshah City.,32,86,Approved,07.08.23,Jun-28,266.450,49.4,,2026-2027,
2449,PHEDR-PP-23-0131,2449,"Improvement & Extension of Urban Drainage Scheme Bandhi, Taluka Daur",32,86,Approved,18.07.23,Jun-27,153.000,100.0,,2026-2027,
2450,PHEDR-PP-23-0137,2450,Construction of RCC Nala & Inter Connected Drains at various location of District Dadu,32,86,Approved,07.08.23,Jun-28,397.400,31.7,,2026-2027,
2451,PHEDR-PP-23-0168,2451,"Construction of RCC Nala, Surface Drains, CC Block & Paver Block at various UC’s of Taluka Sehwan & Manjhand, District Jamshoro (Revised on 30.01.25)",32,86,Approved,07.08.23,Jun-28,531.992,34.3,,2026-2027,
2452,PHEDR-PP-25-0001,2452,"Providing Sewerage System & fixing paving blocks at Ibhrahim Goth, Siraj Ahmed Goth & Saffar Khoso Goth UC Kathore District Malir",32,86,Approved,15.12.25,Jun-28,427.763,14.3,,2026-2027,
2453,PHEDR-PP-25-0002,2453,Providing sewerage system & CC Paver Blocks at different areas of District Malir Karachi,32,86,Approved,15.12.25,Jun-28,300.000,48.2,,2026-2027,
2454,PHEDR-PP-25-0003,2454,Construction of surface drains & paving blocks in Sehwan Town,32,86,Approved,28.08.25,Jun-28,200.000,53.5,,2026-2027,
2455,PHEDR-PP-25-0004,2455,Improvement & Extesnion of Drainage Scheme Nindo City (Rural),32,86,Approved,28.08.25,Jun-28,79.880,21.3,,2026-2027,
2456,PHEDR-PP-25-0005,2456,"Drainage Scheme Paver Block C.C Topping in Union Committee 1 to 19, Municipal Corporation SBA",32,86,Approved,29.08.25,Jun-28,200.000,28.5,,2026-2027,
2457,PHEDR-PP-25-0006,2457,Improment / Extension and Sewerage Treatment of Wastewater Drainage Scheme of Jam Sahab Town Taluka Daur,32,86,Approved,29.08.25,Jun-28,200.000,28.5,,2026-2027,
2458,PHEDR-PP-25-0007,2458,"CC paver and CC drains in village Bhittaro Sharif , village Misri Lodho and village Mehro Lodho, village Moula Bux Brohi, Muhammad Hassan Brohi and Nawab farm Taluka Hussain Bux Mari,",32,86,Approved,29.08.25,Jun-28,125.000,18.1,,2026-2027,
2459,PHEDR-PP-25-0008,2459,"Construction of cc paver blocks, surface drains at village Dali Hussain Kalhoro, Taluka Bhiria District Naushahro Feroze",32,86,Approved,29.08.25,Jun-27,16.450,100.0,,2026-2027,
2460,PHEDR-PP-25-0009,2460,"Construction of drainage scheme at various villages i.e Inayat Lakhan, Bhaikhan, Nasirabad, Memon Muhalla, UC Nasirabad taluka New Sukkur",32,86,Approved,26.08.25,Jun-28,125.000,5.6,,2026-2027,
2461,PHEDR-PP-25-0010,2461,"Construction of CC paver & drainage scheme at village Fareed, Gadhani, Abul Mirbahar Taluka Ghotki",32,86,Approved,21.11.25,Jun-27,100.000,100.0,,2026-2027,
2462,PHEDR-PP-25-0011,2462,"Providing Laying & Jointing RCC Sewer line including RCC Manholes, improvement & extension of existing drainage system & providing C-C Paver 80mm in Town Hayat Pitafi Taluka Mirpur Mathelo",32,86,Approved,21.11.25,Jun-28,200.000,16.0,,2026-2027,
2463,PHEDR-PP-25-0012,2463,"Provision of drainage facility at village Patti, Passan goth, Ramawan goth, Deh Kharwar, Taluka & District Ghotki. (Revised Date: 30- 03-2026 Capital: 99.93 Revenue: 0.00 Total Cost: 99.93)",32,86,Approved,26.08.25,Jun-27,99.929,100.0,,2026-2027,
2464,PHEDR-PP-25-0013,2464,Drainage scheme at village Abdullah Lakhan uc Bundh Taluka Ghotki,32,86,Approved,26.08.25,Jun-27,40.000,100.0,,2026-2027,
2465,PHEDR-PP-25-0014,2465,"Provision of drains / paver blocks Garihaija Chachar village, Attur Bullo, bagoro village, Navaho goth Taluka and District Ghotki (Revised Date: 30-03-2026 Capital: 149.98 Revenue: 0.00 Total Cost: 149.98)",32,86,Approved,26.08.25,Jun-28,149.979,58.0,,2026-2027,
2466,PHEDR-PP-25-0015,2466,"Construction of surface drains & paving blocks for village Mohammad Bachal Khoso, Aftab Ahmed Khoso & Mohalla Sabaz Ali Taluka Kingri",32,86,Approved,26.08.25,Jun-27,50.000,100.0,,2026-2027,
2467,PHEDR-PP-25-0016,2467,Improvement of drainage system mohallah Ali Murad Khairpur City,32,86,Approved,26.08.25,Jun-27,50.000,100.0,,2026-2027,
2468,PHEDR-PP-25-0017,2468,Improvement & Upgradation of disposal work along Jacobabad road & shikarpur road for Urban Drainage Scheme Ratodero City,32,86,Approved,22.09.25,Jun-28,300.000,52.3,,2026-2027,
2469,PHEDR-PP-25-0018,2469,"Construction of Drainage system at New Anaj Mandi, Rangers Head Quarter & Improvement / Rehabilitation of Disposal Work Shaikh Zaid Colony Larkano City",32,86,Approved,30.09.25,Jun-28,200.000,53.5,,2026-2027,
2470,PHEDR-PP-25-0019,2470,"Construction of drains, cc block and paving block at UC Purano abad, UC Fareedabad, UC Mahar Wada, UC Naich, UC Dargah Mashori, UC Pathan Old Taluka Bakrani.",32,86,Approved,13.10.25,Jun-28,300.000,52.3,,2026-2027,
2471,PHEDR-PP-25-0020,2471,"Extension of drainage facility for Shahdadkot City, district Kambar Shahdadkot",32,86,Approved,10.11.25,Jun-28,3200.000,100.0,,2026-2027,
2472,PHEDR-PP-25-0021,2472,"Paver Blocks & Drainage upgrades in UC Manzoor Metlo, UC Roopahar & UC Nirch [Ref#281]",32,86,Approved,18.08.25,Jun-27,70.000,100.0,,2026-2027,
2473,PHEDR-PP-25-0023,2473,Paver Blocks & Drainage upgrades in MC Pano Akil [Ward #1 to Ward# 8] [Ref#279],32,86,Approved,18.08.25,Jun-27,50.000,100.0,,2026-2027,
2474,PHEDR-PP-25-0024,2474,Paver Blocks & Drainage upgrades in MC Pano Akil [Ward #9 to Ward#16] [Ref#280],32,86,Approved,18.08.25,Jun-27,50.000,100.0,,2026-2027,
2475,PHEDR-PP-25-0025,2475,"Construction of Drainage / Sewerage System at Village Fatehullah Ghummro, Keti Mir Muhammad Ghummro, Jeand Khan /Junejo, Bilan Kalhor, Jahan Khan Laghari, Rawat Ghummro, Sahib Khan Ghummro, Long Larik, Dhareja, Ghulam Ali Shah, Qadan Machi, Ibrahim Lashari, Hayat Ujjan Taluka Kingri. [Ref#426]",32,86,Approved,18.08.25,Jun-27,100.000,100.0,,2026-2027,
2476,PHEDR-PP-25-0026,2476,"Construction of Drainage / Sewerage System at Village Shaikh Mohalla (Rahooja), Ranjho Khan Jagirani, Baksho Khan, Qabool Khan, Manthar khan, Abdul Rashid Jagirani, Manghlo Khan, Fateh Khan, Abdul Rahman Solangi, Lal jo Lao Jogi, Karim Bux Kanhar Taluka Kingri. [Ref#420]",32,86,Approved,18.08.25,Jun-27,50.000,100.0,,2026-2027,
2477,PHEDR-PP-25-0027,2477,"Construction of Drainage / Sewerage System at Village Nazal Khorkhani, Waqar Khan Khorkhani, Imam Bux Shar, Sobho Khan Shar, Dost Muhammad Mangnejo, Wingas Phulpoto. Burira & Nareja, Gul Hassan Khambhro, Abdul Rasheed Bhand, Jamal Uddin, Muhamamd Chatal Jamiro, Eidan Chachar & Muhammad Chuttal Kanhar Taluka Kingri. [Ref#415]",32,86,Approved,18.08.25,Jun-27,50.000,100.0,,2026-2027,
2478,PHEDR-PP-25-0028,2478,"Construction of Drainage / Sewerage System at Village Shah Pur @ Baqa Shah, Deen Dar, Walio Shaikh, Bhutta, Salar Muhalla, Mehran Mohalla, Kalri Mohalla, Ali Sher Kanhar, Kachi Abadi (Mehdi Abro), Kot Dinal Shah Mohalla Abu Baqar Shah, Hadan Ujjan, Vistra, Khuwaja, Mewo Panhyar, Qalandar Bux Panhyar, Muhamamd Bux Ujjan, Fateh Ali Chandio, Kareem Dino Ujjan & Khair",32,86,Approved,18.08.25,Jun-27,100.000,100.0,,2026-2027,
2479,PHEDR-PP-25-0029,2479,Muhammad Gondal Taluka Kingri. [Ref#427] CC Drains & Paver Block UC Chikyani & Lighari [Ref#116],32,86,Approved,18.08.25,Jun-27,60.000,100.0,,2026-2027,
2480,PHEDR-PP-25-0030,2480,CC Drains & Paver Block UC Jamali & Atbar Khan Chandio [Ref#117],32,86,Approved,18.08.25,Jun-27,60.000,100.0,,2026-2027,
2481,PHEDR-PP-25-0031,2481,"CC Drains & Paver Block UC Seelra & UC 1,2,3,4,5,6,7 City Shahdatkot. [Ref#118]",32,86,Approved,18.08.25,Jun-27,69.000,100.0,,2026-2027,
2482,PHEDR-PP-25-0032,2482,"CC Drains & Paver Block UC 8,9,10,11,12,13,14 City Shahdatkot & Villages Muneer Ahmed Brohi Qubo Saeed Khan [Ref#119]",32,86,Approved,18.08.25,Jun-27,61.000,100.0,,2026-2027,
2483,PHEDR-PP-25-0033,2483,"Construction of Paver Block Drainge System in Town Committee Behram and Town Committee Miro khan various wards, Village M. waris Mastoi, Village Ali Mujtaba Shah, Village Miandad Kolachi, Village Mumtaz Rahoojo [Ref#489]",32,86,Approved,18.08.25,Jun-27,50.000,100.0,,2026-2027,
2484,PHEDR-PP-25-0034,2484,"Paver block and CC drain scheme for various villages of UC-Ratokot, Seehar, UC-Gujhar & UC-Bugti [Ref#614]",32,86,Approved,18.08.25,Jun-27,50.000,100.0,,2026-2027,
2485,PHEDR-PP-25-0035,2485,"Paver block CC drainage and CC block scheme for various villages of UC-Thairi @ Kanga, Yaroo Lakhari & UC-Rasheed Waggan [Ref#616]",32,86,Approved,18.08.25,Jun-27,50.000,100.0,,2026-2027,
2486,PHEDR-PP-25-0036,2486,"Paver block CC drainage and CC block scheme for various villages of UC-Lund, UC-Vikia Sangi & Mahota, Paver & CC Block opposite Riaz ul Janat Masjid to Wakeel Colony Larkano City [Ref#617]",32,86,Approved,18.08.25,Jun-27,50.000,100.0,,2026-2027,
2487,PHEDR-PP-25-0037,2487,"Paver block CC drainage and CC block scheme for various villages of UC-Faridabad, Puranoabad & Larkano City [Ref#618]",32,86,Approved,18.08.25,Jun-27,50.000,100.0,,2026-2027,
2488,PHEDR-PP-25-0038,2488,"Paver block CC drainage and CC block scheme for various villages of UC-Mehrabpur, UC- Pathan & Bux Jatoi @ Ahsan Wahan [Ref#619]",32,86,Approved,18.08.25,Jun-27,50.000,100.0,,2026-2027,
2489,PHEDR-PP-25-0039,2489,"Paver block & CC drainage scheme for various villages of UC-Karani, UC-Dara & UC-Wakro [Ref#620]",32,86,Approved,18.08.25,Jun-27,50.000,100.0,,2026-2027,
2490,PHEDR-PP-25-0040,2490,"Paver block CC drainage and CC block scheme for various villages of UC-Mato, Mashori Sharif, UC-Wada Mahar, UC-Naich & Arija Town, Paver & CC Block G.M Sindh house to SEPCO office Shahvaz Colony Larkano City [Ref#621]",32,86,Approved,18.08.25,Jun-27,50.000,100.0,,2026-2027,
2491,PHEDR-PP-25-0041,2491,Paver block CC drainage and CC block scheme for various villages of UC-Gudd & Dokri Town [Ref#622],32,86,Approved,18.08.25,Jun-27,50.000,100.0,,2026-2027,
2492,PHEDR-PP-25-0042,2492,"Paver block CC drainage and CC block scheme for various villages of UC-Wadi Wahni, UC- Baggi, Tatri, UC-Chakro & Badah Town [Ref#623]",32,86,Approved,18.08.25,Jun-27,50.000,100.0,,2026-2027,
2493,PHEDR-PP-25-0043,2493,"Construction of Surface Drains i/e Paver Blocks in various Villages of UC-Ahsan Wahan, Mehrabpur, Puranoabad, Mad Bahoo & Gerello Town Taluka Bakrani [Ref#697]",32,86,Approved,18.08.25,Jun-27,50.000,100.0,,2026-2027,
2494,PHEDR-PP-25-0044,2494,"Construction of CC Drains, CC Block & Paver Blocks in various Villages of UC-Yaroo Lakhair, UC-Samtia, UC-Seehar Taluka Dokri, Village Hyder Brobi, Village Hayat Brohi & work from Purani Gudd flood Bund to house of Rajib Khan [Ref#700]",32,86,Approved,18.08.25,Jun-27,50.000,100.0,,2026-2027,
2495,PHEDR-PP-25-0045,2495,"Construction of CC Drains & Paver Blocks in various Villages of UC-Baggi, UC-Gujhar, UC- Dara, UC-Gudd Village Yar Mohammad Brohi & Reconditioning Repair Bridge/Culvert at Village Tharecha, Gerellow Town Taluka Bakrani [Ref#701]",32,86,Approved,18.08.25,Jun-27,50.000,100.0,,2026-2027,
2496,PHEDR-PP-25-0046,2496,Construction of Paving Block & Surface Drains at Left over streets of Municipal Committee Naudero [Ref#891],32,86,Approved,18.08.25,Jun-27,50.000,100.0,,2026-2027,
2497,PHEDR-PP-25-0047,2497,Construction of Paving Block & Surface Drains at Left Over streets of Municipal Committee Ratodero [Ref#892],32,86,Approved,18.08.25,Jun-27,50.000,100.0,,2026-2027,
2498,PHEDR-PP-25-0048,2498,"Construction of CC Drain & Paver Block in various Villages of Union Council Agani, Union Council Akil, Union Council Phull of Taluka Larkano [Ref#893]",32,86,Approved,18.08.25,Jun-27,50.000,100.0,,2026-2027,
2499,PHEDR-PP-25-0049,2499,Construction of CC Drain & Paver Block in various Villages of Union Council Dhamrah & left over street of Union Council Phull and Main RCC Nala at Village Dhamrah Taluka Larkana [Ref#894],32,86,Approved,18.08.25,Jun-27,50.000,100.0,,2026-2027,
2500,PHEDR-PP-25-0050,2500,"Construction of CC Drain & Paver Block in various Villages of Union Council Bosan, Union Council Waris Dino Machhi, Union Council Jumo Agham Taluka Ratodero [Ref#895]",32,86,Approved,18.08.25,Jun-27,50.000,100.0,,2026-2027,
2501,PHEDR-PP-25-0051,2501,"Construction of CC Drain & Paver Block in various Villages Union Council Walidad Veesar, Union Council Lashari and remaining villages of Union Council Jumo Agham Taluka Ratodero [Ref#896]",32,86,Approved,18.08.25,Jun-27,50.000,100.0,,2026-2027,
2502,PHEDR-PP-25-0052,2502,"Construction of CC Drain & Paver Block in various Villages of Union Council Pir Bux Bhutto, Union Council Banguldero and various Streets of Village Banguldero, Taluka Ratodero [Ref#897]",32,86,Approved,18.08.25,Jun-27,50.000,100.0,,2026-2027,
2503,PHEDR-PP-25-0053,2503,"Construction of CC Drain & Paver Block in various Villages of Union Council Garhi Khuda Bux Bhutto, left over villages of Union Council Pir Bux Bhutto and various Streets of Garhi Khuda Bux Bhutto Taluka Ratodero [Ref#898]",32,86,Approved,18.08.25,Jun-27,50.000,100.0,,2026-2027,
2504,PHEDR-PP-25-0054,2504,"Construction of CC Drain & Paver Block in villages of Union Council Bahman, Union Council Izat Ji Wandh and various Streets of Village Lashari, Taluka Ratodero [Ref#899]",32,86,Approved,18.08.25,Jun-27,50.000,100.0,,2026-2027,
2505,PHEDR-PP-25-0055,2505,"Construction of CC Drain & Paver Block in various Villages of Union Council Taib, Union Council Saidudero and remaining Villages of Union Council Izat Ji Wandh Taluka Ratodero [Ref#900]",32,86,Approved,18.08.25,Jun-27,50.000,100.0,,2026-2027,
2506,PHEDR-PP-25-0056,2506,"Construction of Surface drains, CC Blocks and Paving blocks at Different villages UC Anwarbad, UC Purano Abad and UC Mahar Wada Taluka Bakrani [Ref#906]",32,86,Approved,18.08.25,Jun-27,50.000,100.0,,2026-2027,
2507,PHEDR-PP-25-0057,2507,"Construction of Surface drains, CC Blocks and Paving blocks at different Villages of UC Naich, UC Dargah Mashori and Left over street of UC Anwarbad Taluka Bakrani [Ref#907]",32,86,Approved,18.08.25,Jun-27,50.000,100.0,,2026-2027,
2508,PHEDR-PP-25-0058,2508,"Construction of Surface drains and Paving blocks at different Villages of UC Bugti Baloch, UC Beero Chandio, UC Lund, UC Kothi, UC Pathan (old) Taluka Bakrani and Taluka Larkana [Ref#908]",32,86,Approved,18.08.25,Jun-27,90.000,100.0,,2026-2027,
2509,PHEDR-PP-25-0059,2509,"Construction of Surface drains, CC Blocks and Paving blocks at different Villages of UC Fatih pur Mahota, UC Kanga @ Tahriri, UC Vikia Sangi Taluka Larkana [Ref#910]",32,86,Approved,18.08.25,Jun-27,50.000,100.0,,2026-2027,
2510,PHEDR-PP-25-0060,2510,"Construction of Surface Drains and Paving Block at UC-2, UC-4 & UC-5 of Dari Town PS-12 [Ref#911]",32,86,Approved,18.08.25,Jun-27,50.000,100.0,,2026-2027,
2511,PHEDR-PP-25-0061,2511,Construction of Surface Drains and Paving Block at UC-4 & UC-5 of Sachal Town PS-12 [Ref#912],32,86,Approved,18.08.25,Jun-27,50.000,100.0,,2026-2027,
2512,PHEDR-PP-25-0062,2512,Construction of Surface Drains and Paving Block at UC-4 & UC-5 of Haideri Town PS-12 [Ref#913],32,86,Approved,18.08.25,Jun-27,50.000,100.0,,2026-2027,
2513,PHEDR-PP-25-0063,2513,"Construction of Surface drains, CC Blocks, Paving blocks and Filter Plants at different Villages of UC Rasheed wagan and UC Rato Kot Taluka Larkana [Ref#914]",32,86,Approved,18.08.25,Jun-27,50.000,100.0,,2026-2027,
2514,PHEDR-PP-25-0064,2514,Rural Draiange Scheme for Village Moula Dad [Ref#343],32,86,Approved,18.08.25,Jun-27,50.000,100.0,,2026-2027,
2515,PHEDR-PP-25-0065,2515,"Construction of Drainage, Installation of Solar System at Water Supply Scheme and repair of Shades of Market at Sardar Sohrab Khan Sarki Town Committee PS-2 Taluka Thul District Jacobabad [Ref#766]",32,86,Approved,18.08.25,Jun-27,100.000,100.0,,2026-2027,
2516,PHEDR-PP-25-0066,2516,Rural Draiange Scheme for Village Qadir Pur [Ref#341],32,86,Approved,18.08.25,Jun-27,50.000,100.0,,2026-2027,
2517,PHEDR-PP-25-0067,2517,"Construction of CC Drain Type I, II and III for Muhallah Bhittai Town, Talani Phatak and Akilput Muhalla Near Bolan Disposal Pumping Station City Jacobabad [Ref#461]",32,86,Approved,18.08.25,Jun-27,80.000,100.0,,2026-2027,
2518,PHEDR-PP-25-0068,2518,Construction of Surface Drains &CC Paver Block from SP Chowk upto Session Judges Banglow via Rifal Naka Chowk. [Ref#113],32,86,Approved,18.08.25,Jun-27,200.000,100.0,,2026-2027,
2519,PHEDR-PP-25-0069,2519,Rural Draiange Scheme for Village Doda Pur Gari Kehro [Ref#344],32,86,Approved,18.08.25,Jun-27,50.000,100.0,,2026-2027,
2520,PHEDR-PP-25-0070,2520,"Upgradation of Drainage of Municipal Committee Thul-2, Taluka Thul District Jacobabad [Ref#765]",32,86,Approved,18.08.25,Jun-27,100.000,100.0,,2026-2027,
2521,PHEDR-PP-25-0071,2521,"Construction of CC Drain Type I, II and III for Muhallah Garhi Sabayo and Lahori Baba Muhalla City Jacobabad [Ref#460]",32,86,Approved,18.08.25,Jun-27,70.000,100.0,,2026-2027,
2522,PHEDR-PP-25-0072,2522,"Rural Draiange Scheme for Village Haji Lakhmir Brohi [Ref#342] Construction of Surface Drains & Providing Paver Block in Village Ghulam Hyder Magsi,",32,86,Approved,18.08.25,Jun-27,50.000,100.0,,2026-2027,
2523,PHEDR-PP-25-0075,2523,"Shahnawaz Goth, Soomar Khan, Jalal Brohi, Munamabad, Guhram Jafferi, Tunia Near Khahi, Bahar Ji Wandh, Gul Sher Mangrio, Orangabad Sultan, Nazar Muhammad, Andal Marfani, Mundho Khan Junejo, Ahmedabad, Samno Kharos, Ali Gohar Kharos, Kamberwan Markhiani, Aliabad Thaheem, Baz Muhammad Brohi & Qaim Khan Wadhiyo of Taluka Garhi",32,86,Approved,18.08.25,Jun-27,170.000,100.0,,2026-2027,
2524,PHEDR-PP-25-0076,2524,Yasin District Shikarpur. [Ref#1009] Construction of Paver Block at Taluka Matiari/Hala/Saeedabad [Ref#550],32,86,Approved,18.08.25,Jun-27,100.000,100.0,,2026-2027,
2525,PHEDR-PP-25-0077,2525,Construction of Drainage System and Water Supply at different Village of Taluka Matiari/Hala/Saeedabad [Ref#551],32,86,Approved,18.08.25,Jun-27,100.000,100.0,,2026-2027,
2526,PHEDR-PP-25-0078,2526,Construction of Drainage System at Bhitshah Taluka Hala District Matiari [Ref#552],32,86,Approved,18.08.25,Jun-27,50.000,100.0,,2026-2027,
2527,PHEDR-PP-25-0079,2527,Construction of Paver Block at Different Wards (01 to 08) Municipal Committee [Ref#540],32,86,Approved,18.08.25,Jun-27,50.000,100.0,,2026-2027,
2528,PHEDR-PP-25-0080,2528,Construction of Paver Block at Different Wards (09 to 16) Municipal Committee Hala [Ref#541],32,86,Approved,18.08.25,Jun-27,50.000,100.0,,2026-2027,
2529,PHEDR-PP-25-0081,2529,Construction of Drainage System Taluka Hala [Ref#543],32,86,Approved,18.08.25,Jun-27,50.000,100.0,,2026-2027,
2530,PHEDR-PP-25-0082,2530,Construction of Drainage System at Pirzada Taluka Saeedabad [Ref#546],32,86,Approved,18.08.25,Jun-27,50.000,100.0,,2026-2027,
2531,PHEDR-PP-25-0083,2531,Construction of Paver Block at Different Villages of Taluka Saeedabad [Ref#547],32,86,Approved,18.08.25,Jun-27,50.000,100.0,,2026-2027,
2532,PHEWS-PP-25-0084,2532,"Providing of Water Supply & Drainage Disposal & Paver Block in various streets of Village Fakeer Muhammad, Azeem Mahar, Nooruddin Brohi & Andal Mahar Taluka Lakhi [Ref#131]",32,86,Approved,21.08.25,Jun-27,100.000,100.0,,2026-2027,
2533,PHEDR-PP-25-0084,2533,Construction of Open Surface Drains in village Adul Aqlani UC Oderolal Station [Ref#352],32,86,Approved,18.08.25,Jun-27,50.000,100.0,,2026-2027,
2534,PHEDR-PP-25-0085,2534,Construction of Open Drain at Shah UC Bao Khan Pathan [Ref#353],32,86,Approved,18.08.25,Jun-27,50.000,100.0,,2026-2027,
2535,PHEDR-PP-25-0086,2535,Construction of Open Drain at Village Allah Bax Mirjat UC Hussain Hingoro [Ref#354],32,86,Approved,18.08.25,Jun-27,50.000,100.0,,2026-2027,
2536,PHEDR-PP-25-0087,2536,Construction of Open Drains in Village Waryah UC Hakro [Ref#355],32,86,Approved,18.08.25,Jun-27,50.000,100.0,,2026-2027,
2537,PHEDR-PP-25-0088,2537,Construction of Drains in Village Agham Wassan UC Faqir Nooh Khatian [Ref#356],32,86,Approved,18.08.25,Jun-27,50.000,100.0,,2026-2027,
2538,PHEDR-PP-25-0089,2538,"Construction of CC Drains, Paver Block & CC Block from Ward 1 to 6 Town Thana Bula Khan, Village Mole & Village Thana Ahmed Khan Taluka Thana Bula Khan District Jamshoro [Ref#752]",32,86,Approved,18.08.25,Jun-27,70.000,100.0,,2026-2027,
2539,PHEDR-PP-25-0090,2539,Providing & Fixing CC Paver Block in MC Tando allahyar District Tando Allahyar [Ref#256],32,86,Approved,18.08.25,Jun-27,50.000,100.0,,2026-2027,
2540,PHEDR-PP-25-0092,2540,Providing & Fixing CC Paver Block in Various Villages of UC Mirabad & UC Jhando Mari Taluka Jhando Mari District Tando Allahyar [Ref#258],32,86,Approved,19.08.25,Jun-27,50.000,100.0,,2026-2027,
2541,PHEDR-PP-25-0093,2541,Providing & Fixing CC Paver Block in Various Villages of UC Naseer Khan Leghari & UC Landhi Taluka Chamber District Tando Allahyar [Ref#260],32,86,Approved,19.08.25,Jun-27,50.000,100.0,,2026-2027,
2542,PHEDR-PP-25-0094,2542,Construction of Sewerage including paver block to Bannu City & Sorrundings [Ref#60],32,86,Approved,18.08.25,Jun-27,50.000,100.0,,2026-2027,
2543,PHEDR-PP-25-0095,2543,"Construction of Sewerage including paver block to Jhoke Shareef, Kamaro, DKS & Others UCs of Bathoro [Ref#61]",32,86,Approved,18.08.25,Jun-27,51.100,100.0,,2026-2027,
2544,PHEDR-PP-25-0096,2544,Construction of Paver Blocks from Khipro to Mirpurkhas road Taluka Khipro [Ref#253],32,86,Approved,18.08.25,Jun-27,50.000,100.0,,2026-2027,
2545,PHEDR-PP-25-0097,2545,Providing and laying of paver blocks including Sewerage lines different area of UC Saleh Muhammad PS-86 District Malir [Ref#366],32,86,Approved,19.08.25,Jun-27,120.000,100.0,,2026-2027,
2546,PHEDR-PP-25-0098,2546,Rehabilitation of Sewerage and Paver block in UC Bhitaiabad [Ref#437],32,86,Approved,19.08.25,Jun-27,50.000,100.0,,2026-2027,
2547,PHEDR-PP-25-0099,2547,Rehabilitation of Sewerage and Paver block in UC Bakhtawar [Ref#438],32,86,Approved,19.08.25,Jun-27,50.000,100.0,,2026-2027,
2548,PHEDR-PP-25-0100,2548,Rehabilitation of Sewerage in UC Darsano Channo PS-84 [Ref#442],32,86,Approved,19.08.25,Jun-27,50.000,100.0,,2026-2027,
2549,PHEDR-PP-25-0101,2549,"Providing & Laying Sewerage System & Water Supply Branch Lines at Taluka Murad Memon, District Malir Karachi [Ref#581]",32,86,Approved,19.08.25,Jun-27,100.000,100.0,,2026-2027,
2550,PHEDR-PP-25-0102,2550,"Providing & Laying Sewerage System & Water Supply Branch Lines at Taluka Ibrahim Hyderi, District Malir Karachi [Ref#582]",32,86,Approved,19.08.25,Jun-27,100.000,100.0,,2026-2027,
2551,PHEDR-PP-25-0103,2551,"Providing & Laying Sewerage System & Water Supply Branch Lines at Taluka Airport, District Malir Karachi [Ref#583]",32,86,Approved,19.08.25,Jun-27,50.000,100.0,,2026-2027,
2552,PHEDR-PP-25-0105,2552,Construction of Draiange Scheme i/c CC Paver Block in Village Allah rakhio Patan Taluka Jhando Mari District Tando Allahyar [Ref#259],32,86,Approved,19.08.25,Jun-27,50.000,100.0,,2026-2027,
2553,PHEDR-PP-25-0108,2553,Construction of Drainage and Paver Block in various villages of T/C Kotdigi [Ref#506],32,86,Approved,21.08.25,Jun-27,50.000,100.0,,2026-2027,
2554,PHEDR-PP-25-0109,2554,"Construction of Drainage and Paver Block in various villages of T/C Kumb, TC Fakirabad [Ref#507]",32,86,Approved,21.08.25,Jun-27,50.000,100.0,,2026-2027,
2555,PHEDR-PP-25-0110,2555,Construction of Drainage and Paver Block in various villages of UC Nasir Fakir Jalalani UC Talpur Wada [Ref#508],32,86,Approved,21.08.25,Jun-27,50.000,100.0,,2026-2027,
2556,PHEDR-PP-25-0111,2556,"Construction of Drainage and Paver Block in various villages of UC Lyari, UC Goondariro [Ref#509]",32,86,Approved,21.08.25,Jun-27,50.000,100.0,,2026-2027,
2557,PHEDR-PP-25-0112,2557,"Construction of Drainage and Paver Block in various villages of UC Atta Muhammad Hami, UC Muhbat Wah [Ref#510]",32,86,Approved,21.08.25,Jun-27,50.000,100.0,,2026-2027,
2558,PHEDR-PP-25-0113,2558,"Construction of Drainage and Paver Block in various villages of UC Bapho, UC Deh Sohu [Ref#511]",32,86,Approved,21.08.25,Jun-27,50.000,100.0,,2026-2027,
2559,PHEDR-PP-25-0114,2559,Construction of Drainage and Paver Block in various villages of UC Malhar Khaskheli UC Fatehpur [Ref#512],32,86,Approved,21.08.25,Jun-27,50.000,100.0,,2026-2027,
2560,PHEDR-PP-25-0115,2560,"Construction of Drainage and Paver Block in various villages of UC Shadi Shaheed, UC Tando Masti [Ref#513]",32,86,Approved,21.08.25,Jun-27,50.000,100.0,,2026-2027,
2561,PHEDR-PP-25-0116,2561,"Construction of Drainage and Paver Block in various villages of UC Jando Mashaik, UC Ali Muhammad Machi [Ref#514]",32,86,Approved,21.08.25,Jun-27,50.000,100.0,,2026-2027,
2562,PHEDR-PP-25-0117,2562,"Construction of Drainage and Paver Block in various villages of UC Jiskani, UC Rahim Bux Wassan [Ref#515]",32,86,Approved,21.08.25,Jun-27,50.000,100.0,,2026-2027,
2563,PHEDR-PP-25-0118,2563,"Provision of Sewerage Surface Drains, Pavers, Culverts in Various Villages of U.C Khan Sharif, U.C Machi, U.C Hamayoon and U.C Pir Jalil/Abdal of Taluka Shikarpur [Ref#96]",32,86,Approved,21.08.25,Jun-27,100.000,100.0,,2026-2027,
2564,PHEDR-PP-25-0119,2564,"Provision of Sewerage Surface Drains, Pavers, Culverts in Various Villages of U.C Jano, U.C Mureed Sethar, U.C Lodra and U.C Sultan Kot Taluka Shikarpur. [Ref#97]",32,86,Approved,21.08.25,Jun-27,75.000,100.0,,2026-2027,
2565,PHEDR-PP-25-0120,2565,"Provision of Sewerage Surface Drains, Pavers and repair /maintance of existing Pavers in Wards 1 to 30 of M.C Shikarpur. [Ref#100]",32,86,Approved,21.08.25,Jun-27,100.000,100.0,,2026-2027,
2566,PHEDR-PP-25-0121,2566,"Provision of Sewerage Surface Drains, Pavers in Various Villages of U.C Main Sahib, U.C Tarai & U.C Zarkhel. [Ref#101]",32,86,Approved,21.08.25,Jun-27,50.000,100.0,,2026-2027,
2567,PHEDR-PP-25-0122,2567,"Provision of Sewerage Surface Drains, Pavers in Various Wards of Khanpur City and Villages of U.C Garhi Dakho. [Ref#102] Paver Block/Drainage C Type Pacca Nala at",32,86,Approved,21.08.25,Jun-27,75.000,100.0,,2026-2027,
2568,PHEDR-PP-25-0123,2568,"Village Wazirabad Paver Block & Drainage at Dharani/Retaining wall various Villages Ratool Khan Mahar, Village Dabar, Garib Abed Muhalla, C Type Paka Nala Mushtaqque Mahar House to Fateh Tando Paver Block & Drainage at Villages Habib Kot, Sher Kot, Buk, Jhall Kalwari, Hothi Wahan, Mahboob Lohar, Mari",32,86,Approved,21.08.25,Jun-27,85.000,100.0,,2026-2027,
2569,PHEDR-PP-25-0124,2569,"Mehboob Goth, [Ref#105] Drainage Scheme from Bhutta Chukhra Muhalla Jano and various Villages, Mahar Village Near Begari Canal, Muhalla Gudu Mahar, Shikarpur City, Karan Sharif, Azeem Kakepoto, Wakro. [Ref#109]",32,86,Approved,21.08.25,Jun-27,50.000,100.0,,2026-2027,
2570,PHEDR-PP-25-0125,2570,"Providing of Drainage & Paver Block Street Lights and Village Napar Goath, Machi Nazar Mohammad Jagirani, Moula Bux, Mahmoodabagh, hothi Humbah, Amwar Machi Taluka Lakhi. [Ref#133]",32,86,Approved,21.08.25,Jun-27,50.000,100.0,,2026-2027,
2571,PHEDR-PP-25-0126,2571,"Providing of Drainage & Paver Block Street Lights and Village Khundho Unar, Kandhara, Azeem Sohindaro, Gabar Junejo, Nao Junejo, Raja Labano, Koro Taib, Baijlo Shakal Jageerani Taluka Lakhi. [Ref#134]",32,86,Approved,21.08.25,Jun-27,50.000,100.0,,2026-2027,
2572,PHEDR-PP-25-0127,2572,"Providing of Drainage & Paver Block Street Lights and Village Jumo Mahar, Jal Abdul Hussain Pathan Khabri, Rakhiyo, Taib Qadir Dino Noon Taluka Lakhi. [Ref#135]",32,86,Approved,21.08.25,Jun-27,50.000,100.0,,2026-2027,
2573,PHEDR-PP-25-0128,2573,"Paver Block alongwith Surface Drain. 1).Various Street fo Village Jaggan.(30 Millions) (2) Various Streets of Village Aslam Khan Brohi (10 Million) (3)Various Streets of Village Dia.10 Million) (4) Various Streets of Village Abdal (05 Million) (5) Village Khuda Bux Brohi to Link road Village Talib Phulpota via Ali Anwar Brohi (10 Million) Taluka Shikarpur(10 Million) (6) Main Bypass Shikarpur to Link Road Jano Dado Khan JI otaq to Primary School.Taluka Shikarpur (10 Million) [Ref#361] Paver Block & Drainage at various Villages Garhi Sahib Khan, Jan Muhammad Markhiyan?",32,86,Approved,21.08.25,Jun-27,75.000,100.0,,2026-2027,
2574,PHEDR-PP-25-0129,2574,"Bakhsho Ujjan, Jaffar Khan Mangu, Mour Khan Umrani, Khuda Box Brohi. Paver Mock & Drainage at vaious Villages of Taluka Garhi Yasin - Nabi Shah Waggan, Chuti Drip, Mitho Khan Gopang, Raza Muhammad Wadhiyo, & Village Nim, Paver Block & Drainage at Villages Maroo Kakepota, Rehmat Pur. Ladho Mahar, Baqar Shah, Deputy Banglow, Karim Bus Jafferi, Qaim Khan Wadhyo. Din Muhammad Wadhyo. Agan Khan Jafferi, Khahi, Panah Odho, Nabi Bux Odho, Qabalo, Sahita, Amrot, Orangabad, Gul Mohammad Brohi, Allah Bux Khoso, Mahboob Khoso, Nawab Khan Dal Alif Khan Khoso, Sahar, Drigpur, Jamalpur, Daro, Dengaro, Muhammad",32,86,Approved,21.08.25,Jun-27,80.000,100.0,,2026-2027,
2575,PHEDR-PP-25-0131,2575,"Khan Buriro, Sher Muhammad Ji Wandh, Madeji Rural, Sadique Jeho, Dawood li Wandh. Allah Warayo Buriro. [Ref#108] Providing of Drainage & Paver Block Street Lights and Village Ghari Syed Jarar Phore, Thairio, Rehatullah Khan, Budho Buriro Lakhmir Hakim Panhyar, UC Ghari Khan Phore, Dito Phare UC Ghari Syed, UC Thairio UC Areja Taluka Khanpur Taluka Lakhi. [Ref#132]",32,86,Approved,21.08.25,Jun-27,100.000,100.0,,2026-2027,
2576,PHEDR-PP-25-0132,2576,"Providing of Drainage & Paver Block Solar Lights in various streets of villages Ghulam Hyder Pahore Napar Kot, Bibi Noor UC Rahimabad & UC Pir Bux Shujarah Taluka Lakhi. [Ref#136]",32,86,Approved,21.08.25,Jun-27,50.000,100.0,,2026-2027,
2577,PHEDR-PP-25-0133,2577,Paver block CC drainage and CC block scheme for various villages of UC-Bero Chandio & UC-Kothi Kalhora [Ref#615],32,86,Approved,21.08.25,Jun-27,50.000,100.0,,2026-2027,
2578,PHEDR-PP-25-0134,2578,"Construction of Surface Drains i'c Paver Blocks in various Villages of UC-Chakro, UC-Kaani, UC-Wadi Wahni, Village Kharani Brobi, Village Bhagat & Construction of paving blocks in Public Sports Park Badah Town Taluka Dokri [Ref#699]",32,86,Approved,21.08.25,Jun-27,50.000,100.0,,2026-2027,
2579,PHEDR-PP-25-0135,2579,"Construction of CC Drains, RCC Nala & Paver Blocks in various Villages of UC-Wakro & in Jogi Muhalla, Tharecha Muhalla & Shaikh Muhalla UC-Mud Bahu & Constrution of Compound wall of Graveyart at village Nau abad Taluka Bakrani [Ref#702]",32,86,Approved,21.08.25,Jun-27,50.000,100.0,,2026-2027,
2580,PHEDR-PP-25-0136,2580,"Construction of CC Drains & Paver Blocks in Various Villages of UC Fareedabad, Construction of Compound wall at New graveyard, old graveyard Bakarni Ciy, Mai Rasti graveyard, Sangi Muhalla graveyard at Village Mad Bahu, Village Baggi, Village Bindi, Village Seehar, Village Sijawal Tunio, Village Hyder Brohi, Dargah Shaheed Badshah Taluka Bakrani [Ref#703]",32,86,Approved,21.08.25,Jun-27,50.000,100.0,,2026-2027,
2581,PHEDR-PP-25-0137,2581,"Construction of CC Drain & Paver Block in vaiorus Streets of Village Saidudero, Village Hassan Wahan, Village Wada Bosan, Village Wassayo Bhutto, Village Jumo Agham, Village Taib & Village Mevalkot of Taluka Ratodero (Each Village 10.00 Million) [Ref#992]",32,86,Approved,21.08.25,Jun-27,70.000,100.0,,2026-2027,
2582,PHEDR-PP-25-0138,2582,"Construction of Paving Block & CC Drains at Left Over streets of Ward No. 1, 2, 3, 5 & Main Markets of Centre City Ratodero at Municipal Committee Ratodero [Ref#994]",32,86,Approved,21.08.25,Jun-27,50.000,100.0,,2026-2027,
2583,PHEDR-PP-25-0139,2583,Construction of Rural Drainage Scheme in village Muneer Ahmed Khan Khooso and Construction of remaining work of Rural Drainage Scheme of Village Mir Mushtaq Ahmed Bijarani. [Ref#387],32,86,Approved,21.08.25,Jun-27,50.000,100.0,,2026-2027,
2584,PHEDR-PP-25-0140,2584,"Improvement and Extension of Drainage Scheme Karampur, Tangwani, Ghouspur and Dari. [Ref#529]",32,86,Approved,21.08.25,Jun-27,130.000,100.0,,2026-2027,
2585,PHEDR-PP-25-0141,2585,"Drainage and Paver Block Village Yaqoob Soomro UC Khewali, Bhatti Mohallah, Village Raisaldar [Ref#822]",32,86,Approved,21.08.25,Jun-27,120.000,100.0,,2026-2027,
2586,PHEDR-PP-25-0142,2586,Construction of Tuff Tile at various villages of PS-I Jacobabad. [Ref#114],32,86,Approved,21.08.25,Jun-27,200.000,100.0,,2026-2027,
2587,PHEDR-PP-25-0143,2587,Construction of Surface Drains & Paver Block at various Villages of UC New Jatoi and UC Deparja [Ref#776],32,86,Approved,29.08.25,Jun-27,80.000,100.0,,2026-2027,
2588,PHEDR-PP-25-0144,2588,"Construction of Open Surface Drain & Paver Block at various streets of various villages of UC Kenchi Jagir, Manahjeen and Fatoo Balal Taluka Moro [Ref#872]",32,86,Approved,29.08.25,Jun-27,55.000,100.0,,2026-2027,
2589,PHEDR-PP-25-0145,2589,"Construction of Open Surface Drains & Paver Block at various streets of various villages of UC Deparja, Salehpur, Kot Satabo, Laila, Gachero, Lundki Taluka Moro [Ref#873]",32,86,Approved,29.08.25,Jun-27,50.000,100.0,,2026-2027,
2590,PHEDR-PP-25-0146,2590,Construction of Surface Drains & Paver Block at Various Villages of UC Belawah & UC Gher Gaju [Ref#200],32,86,Approved,29.08.25,Jun-27,50.000,100.0,,2026-2027,
2591,PHEDR-PP-25-0147,2591,Construction of Surface Drains & Paver Block at Various Wards of Town Committee Bhiria City & Town Committee Bhiria Road. [Ref#202],32,86,Approved,29.08.25,Jun-27,65.000,100.0,,2026-2027,
2592,PHEDR-PP-25-0148,2592,"Provide Sewerage, Paver & CC Topping with disposal system for the Kandiaro Town Committee [Ref#149]",32,86,Approved,29.08.25,Jun-27,150.000,100.0,,2026-2027,
2593,PHEDR-PP-25-0149,2593,"Drainage and CC Pavers, Village Mirzapur and Village Dodha and Sale Rajpar [Ref#57]",32,86,Approved,29.08.25,Jun-27,50.000,100.0,,2026-2027,
2594,PHEDR-PP-25-0150,2594,Construction of Surface Drains & Paver Block at Various Wards of Town Committee Tharushah & Town Committee Mehrabpur. [Ref#203],32,86,Approved,29.08.25,Jun-27,65.000,100.0,,2026-2027,
2595,PHEDR-PP-25-0151,2595,"Construction of Open Surface Drain, Paver Block at various stree various villages Taluka N. Feroze [Ref#871]",32,86,Approved,29.08.25,Jun-27,70.000,100.0,,2026-2027,
2596,PHEDR-PP-25-0152,2596,Construction of Surface Drain & Paver Block at streets of various villages of Municipal Committee N. Feroze and Town Committee Padidan [Ref#874],32,86,Approved,29.08.25,Jun-27,70.000,100.0,,2026-2027,
2597,PHEDR-PP-25-0153,2597,"Drainage & Pumping Station, Paver Block & C.C In Muncipal Committee Mithi City [Ref#807]",32,86,Approved,29.08.25,Jun-27,100.000,100.0,,2026-2027,
2598,PHEDR-PP-25-0154,2598,"Construction of RCC Nala, surface drain and Paver block for Daulatpur City, Taluka Qazi Ahmed [Ref#526]",32,86,Approved,29.08.25,Jun-27,150.000,100.0,,2026-2027,
2599,PHEDR-PP-25-0155,2599,"Draingae Scheme for villages Syed Khair Shah, UC Khair Shah [Ref#463]",32,86,Approved,29.08.25,Jun-27,60.000,100.0,,2026-2027,
2600,PHEDR-PP-25-0156,2600,"Construction of Surface drain Providing & fixing Paver Block in various villages of UC Khar, UC Chararo. UC Phullel and Kazi Ahmed City [Ref#522]",32,86,Approved,29.08.25,Jun-27,59.000,100.0,,2026-2027,
2601,PHEDR-PP-25-0157,2601,Rural Drainage Scheme for Village Punhoo Gudaro Village Dawood Gudaro & Village Saeed Khan Lakho. [Ref#444],32,86,Approved,29.08.25,Jun-27,50.000,100.0,,2026-2027,
2602,PHEDR-PP-25-0158,2602,Rural Drainage Scheme for Village Naseer Muhammad Unar Village Murad Ali Chandio & Village Mehrabpur . [Ref#445],32,86,Approved,29.08.25,Jun-27,50.000,100.0,,2026-2027,
2603,PHEDR-PP-25-0159,2603,Rural Drainage Scheme for Village Wali Muhammad Unar Village Bahawal Mari Village Sardar Punjabi & Village Chutal Shah . [Ref#446],32,86,Approved,29.08.25,Jun-27,50.000,100.0,,2026-2027,
2604,PHEDR-PP-25-0160,2604,Rural Drainage Scheme for Village Bakhsho Magsi Village Bajhi Khan Chandio & Village Pandhi Khaskheli . [Ref#447],32,86,Approved,29.08.25,Jun-27,50.000,100.0,,2026-2027,
2605,PHEDR-PP-25-0161,2605,Rural Drainage Scheme for Village Jafar Jamali & Ward No 1 to 15 Town Commety Sakrand . [Ref#448],32,86,Approved,29.08.25,Jun-27,50.000,100.0,,2026-2027,
2606,PHEDR-PP-25-0162,2606,Rural Drainage Scheme for Village Village Dadh Village Dang Village Bago Unar Village Thango Rind Village Nebhao Bhoora. [Ref#449],32,86,Approved,29.08.25,Jun-27,50.000,100.0,,2026-2027,
2607,PHEDR-PP-25-0163,2607,"Construction of drainage providing & fixing Paver Block in UC Mehraro, UC Chararo, UC Saeed Kando & UC Phullel [Ref#521]",32,86,Approved,29.08.25,Jun-27,51.000,100.0,,2026-2027,
2608,PHEDR-PP-25-0164,2608,"Construction of Surface drain and Paver Block from Mir Mataro van stop to Bypass via Haji Ameen Shah Gravyard, from Gird Station road to via RHC Daulatpur to Dargah Mehboob Shah & UC Phullel, Charr, UC Sun [Ref#520]",32,86,Approved,29.08.25,Jun-27,80.000,100.0,,2026-2027,
2609,PHEDR-PP-25-0166,2609,(A) Consttruction of Surface Drain & CC Paver Blocks in Town Committee Jatia Taluka Shahdadpur (B) Construction of Surface Drains & Paver Block In Various Villages of UC Daim Khan Dhamrah Taluka Shahdadpur [Ref#795],32,86,Approved,29.08.25,Jun-27,55.000,100.0,,2026-2027,
2610,PHEDR-PP-25-0167,2610,(A) Construction of Surface Drain and CC Paver Block in Municipal Committee Shahdadpur (B) Construction of Surface Drains & Paver Block In Various VBillages of UC UC Habib Ullah Kerio Taluka Shahddadpur (C) Construction of Surface Drains & Paver Block In Various Villages of UC Gul Muhammad Laghari Taluka Shahdadpur [Ref#798],32,86,Approved,29.08.25,Jun-27,60.000,100.0,,2026-2027,
2611,PHEDR-PP-25-0168,2611,"(A) Consttruction of Surface Drain & Various Paver Block Streets i/c Sewerage System for Muhallah Haji Koro Khan Umrani Town Committee Shahpur Chakar Taluka Shahdadpur (B) Construction of Surface Drains & Paver Block & Culverts In Various Villages of UC Haji Koro Khan Umrani, Taluka Shahdadpur (C) Rehabilitation PE Pipe 3',4' & 6' dia at Village Hameer Khan Jariko Town Committee Shahpur Chakar Taluka Shahadadpur [Ref#796]",32,86,Approved,29.08.25,Jun-27,67.500,100.0,,2026-2027,
2612,PHEDR-PP-25-0169,2612,(A) Construction of Surface Drains & Paver Block In Various Villages of UC Shehli Nazamani Taluka Shahddadpur (B) Construction of Surface Drains & Paver Block In Various Villages of UC Lundo Taluka Shahdadpur (C) Construction of Surface Drains & Paver Block In Various Villages of UC Mitho Bhanejo Taluka Shahdadpur (D) Construction of Surface Drains & Paver Block In Various Villages of Barhoon Taluka Shahdadpur [Ref#797],32,86,Approved,29.08.25,Jun-27,60.000,100.0,,2026-2027,
2613,PHEDR-PP-25-0170,2613,(A) Construction of Surface Drains & Paver Block In Various Villages of UC No: 55 Gujro Taluka Tando Adam (B) Construction of Surface Drains & Paver Block In Various Villages of UC 58 Hurbari (C) Construction of Surface Drains & Paver Block In Various Villages of UC No: 56 Mir Hassan Mari Taluka Tando Adam (D) Construction of Surface Drains & Paver Block In Various Villages of UC No: 51 Din Muhammad Waryah Taluka,32,86,Approved,29.08.25,Jun-27,60.000,100.0,,2026-2027,
2614,PHEDR-PP-25-0171,2614,Tando Adam [Ref#793] Consttruction of Surface Drain & CC Paver Blocks in Municipal Committee Tando Adam [Ref#792],32,86,Approved,29.08.25,Jun-27,50.000,100.0,,2026-2027,
2615,PHEDR-PP-25-0172,2615,Construction of Surface Drains i/c C.C paver blocks from Gol Chakra to banglow road and Tando Adam city i/c P.E pipe 500mm for Urban water supply Scheme Tando Adam District Sanghar [Ref#577],32,86,Approved,29.08.25,Jun-27,150.000,100.0,,2026-2027,
2616,PHEDR-PP-25-0173,2616,"Construction of Surface Drains i/c C.C Paver for U.C-No:57 Tandoadam, U.C-No:58 Mitho Khoso, U.C-No:59 Faqeer Shair Muhammad Dero, U.C-No:60 kumb Daroon, U.C-No:66 Bara Chiri and U.C-No:67 Maldasi Taluka TandoAdam District Sanghar [Ref#579]",32,86,Approved,29.08.25,Jun-27,150.000,100.0,,2026-2027,
2617,PHEDR-PP-25-0174,2617,"Construction / Repair of Surface Drains (Drainage Schemes) Including CC Paving Streets of Different Union Councils of Taluka Sanghar i.e. UC Mian, UC Kot Nawab, UC Dhoro Janib, UC Chotiyaroon, UC Kalar, UC Pir Kihore, UC Sadhno, UC Setharpir, and Town Tando Mith Kahn [Ref#141]",32,86,Approved,29.08.25,Jun-27,150.000,100.0,,2026-2027,
2618,PHEDR-PP-25-0175,2618,"Construction of Paver Blocks Village Bagh Khan Jatoi, (B) Ismail Khaskheli Road, (C) Mohd Umar Rajjar (d) Sangharo Ram Taluka Sanghar [Ref#250]",32,86,Approved,29.08.25,Jun-27,50.000,100.0,,2026-2027,
2619,PHEDR-PP-25-0176,2619,"Construction of Paver Block village Fareed Marri (B) Khair Mohammad Rind Road (C) Sawan Rind (D) Qaim Shah UC Wali Mohd Keerio, Taluka Sinjhoro [Ref#251]",32,86,Approved,29.08.25,Jun-27,50.000,100.0,,2026-2027,
2620,PHEDR-PP-25-0177,2620,Constriction of Sewerage CC Drainage and Paver Block in various villages and UC’S Taluka Khipro [Ref#173] Construction of Surface Drains i/c C.C Paver,32,86,Approved,29.08.25,Jun-27,100.000,100.0,,2026-2027,
2621,PHEDR-PP-25-0178,2621,"for U.C-No:51 Din Muhammad Warriyah, U.C- No:52 Manik Thaheem, U.C-No:53 Tayyab Thaheem, U.C-No:54 Peero Faqeer Shoro, U.C-No:55 Gujhro and U.C-No:56 Mir Hassan Marri Taluka TandoAdam District Sanghar [Ref#580]",32,86,Approved,29.08.25,Jun-27,80.000,100.0,,2026-2027,
2622,PHEDR-PP-25-0179,2622,"Construction of CC and paver block road in Various wards of Kot Ghulam Muhammad including Various Ucs Ghulam Nohani, Mir Ali Bux, Mir Allah Dad, Mir Ghulam Hussain & Lal Shah [Ref#64]",32,86,Approved,29.08.25,Jun-27,100.000,100.0,,2026-2027,
2623,PHEDR-PP-25-0180,2623,"Construction of Paver Block road & Sewerage with Water Supply lines in village Sondio Kohli near Nazir Panhwar House, main road to Ramzan Lohar Street, Mano Kohli, Ayub Leghari UC 05/06 Town Khadim Ali Shah, Taluka Mirpurkhas [Ref#572]",32,86,Approved,29.08.25,Jun-27,50.000,100.0,,2026-2027,
2624,PHEDR-PP-25-0181,2624,"Constuction of drainage scheme Khumbri, Mahajir Goth [Ref#69]",32,86,Approved,29.08.25,Jun-27,50.000,100.0,,2026-2027,
2625,PHEDR-PP-25-0182,2625,Rehabilitation of drainage Scheme village Degan Bhurguri & Muhammad Hashim Bhurguri (Kalwari) [Ref#67],32,86,Approved,29.08.25,Jun-27,50.000,100.0,,2026-2027,
2626,PHEDR-PP-25-0183,2626,"Construction of drainage scheme Budha Kot, Diyal Garh [Ref#68]",32,86,Approved,29.08.25,Jun-27,50.000,100.0,,2026-2027,
2627,PHEDR-PP-25-0184,2627,"Construction of CC road and Drainage system and Replacement of Rising Main, Pumping Machinery & installation of Solar System at Source for Water Supply Scheme Janhero Sharif Taluka & District Umerkot. [Ref#274]",32,86,Approved,29.08.25,Jun-27,50.000,100.0,,2026-2027,
2628,PHEDR-PP-25-0187,2628,"Construction of Surface Drains, C.C Blocks & Paving Block at various Villages of U.C Sobho Magsi & Shah PanjoTaluka Mehar. [Ref#78]",32,86,Approved,29.08.25,Jun-27,50.000,100.0,,2026-2027,
2629,PHEDR-PP-25-0188,2629,"Construction of Surface Drains, C.C Blocks & Paving Block at various Villages of U.C Nau Goth & Mureed Lakhair Taluka Mehar [Ref#79]",32,86,Approved,29.08.25,Jun-27,50.000,100.0,,2026-2027,
2630,PHEDR-PP-25-0189,2630,"Construction of Surface Drains, C.C Blocks & Paving Block at various Villages of U.C Bothro Taluka Mehar. [Ref#80]",32,86,Approved,29.08.25,Jun-27,50.000,100.0,,2026-2027,
2631,PHEDR-PP-25-0190,2631,"Construction of Surface Drains, C.C Blocks & Paving Block at various Villages of U.C Kazi Arif & Litan Taluka Mehar. [Ref#81]",32,86,Approved,29.08.25,Jun-27,50.000,100.0,,2026-2027,
2632,PHEDR-PP-25-0191,2632,"Construction of Surface Drains, C.C Blocks & Paving Block at various Villages of U.C Baledai Taluka Mehar. [Ref#82]",32,86,Approved,29.08.25,Jun-27,50.000,100.0,,2026-2027,
2633,PHEDR-PP-25-0192,2633,"Construction of sewerage, drainage & paver block following UCs of Taluka Johi District Dadu. (i) UC Torr (ii) UC Drigh Bala (iii) UC Patt Gul Muhammad (iv) UC Wahi Pandhi [Ref#315]",32,86,Approved,29.08.25,Jun-27,100.000,100.0,,2026-2027,
2634,PHEDR-PP-25-0193,2634,Rehabilitation of drainage scheme of Tando Qaiser & Mori Mangar UC-72 TMC Tando Fazal [Ref#492],32,86,Approved,28.08.25,Jun-27,75.000,100.0,,2026-2027,
2635,PHEDR-PP-25-0194,2635,"Construction of Drainage System and allied works at village Bachal Solangi, Village Abdullah Chang & Gumanaabad TMC Nerunkot [Ref#850]",32,86,Approved,28.08.25,Jun-27,124.970,100.0,,2026-2027,
2636,PHEDR-PP-25-0195,2636,Construction of Surface Drainage & Paving Blocks at Dei City [Ref#666],32,86,Approved,28.08.25,Jun-27,50.000,100.0,,2026-2027,
2637,PHEDR-PP-25-0196,2637,Provision of Surface Drainage at Sangi Pharaho City [Ref#667],32,86,Approved,28.08.25,Jun-27,50.000,100.0,,2026-2027,
2638,PHEDR-PP-25-0197,2638,Construction of Surface Drainage & Provision of Paving Block's at Hayat Khaskheli City [Ref#665],32,86,Approved,28.08.25,Jun-27,100.000,100.0,,2026-2027,
2639,PHEDR-PP-25-0198,2639,Providing & laying / sewerage lines including paver blocks in different areas of PS-86 malir [Ref#371],32,86,Approved,28.08.25,Jun-27,110.000,100.0,,2026-2027,
2640,PHEDR-PP-25-0199,2640,Rehabilitation/ Improvement of Old Sewerage Damaged System and water system in UC Jaffar Tayyar District Malir [Ref#591],32,86,Approved,28.08.25,Jun-27,56.365,100.0,,2026-2027,
2641,PHEDR-PP-25-0200,2641,Improvement & Extension of Rural Drainage Scheme Bukera Sharif Taluka & district Tando Allahyar [Ref#257],32,86,Approved,28.08.25,Jun-27,150.000,100.0,,2026-2027,
2642,PHEDR-PP-25-0209,2642,"Construction of CC Drains, Pavers & CC Block from Ward 1 to 12 of MC Bolhari & Construction of CC drains, Paver Block & CC Block for variuos villages of UC Sindh University Ward No. 1 to 04 Taluka Kotri District Jamshoro [Ref#754]",32,86,Approved,28.08.25,Jun-27,100.290,100.0,,2026-2027,
2643,PHEDR-PP-25-0210,2643,"C.C Drainage and Paver Block for Town Committee Bozdar Wada, Muhalla Syed Irshad Shah , Muhalla Ujan Muhalal Asghar Bozdar & Village Sikandar Abad village Cheena, & Village Rato Sial. [Ref#328]",32,86,Approved,22.08.25,Jun-27,60.000,100.0,,2026-2027,
2644,PHEDR-PP-25-0211,2644,C.C Drainage and Paver Block for Villages of Haji Shahbaig Rajper Village Sanjar Khan Lund Village Walidad Lund & Setharja Town [Ref#330],32,86,Approved,22.08.25,Jun-27,60.000,100.0,,2026-2027,
2645,PHEDR-PP-25-0212,2645,C.C Drainage and Paver Block for the Villages of Nangar Khan Soomro Village Serai Nadir Ali Khaskheli Village Abdul Haleem Qureshi Muhalla & Village Turab Ali Lashari [Ref#332],32,86,Approved,22.08.25,Jun-27,50.000,100.0,,2026-2027,
2646,PHEDR-PP-25-0213,2646,C.C Drainage and Paver Block for Villages of Jumo Khan Shar Village Hussain Bux /Ustad Munwar Dasti village Gulsher Jogi village Shah Muhammad Laghari & Village Abdul Vessar [Ref#333],32,86,Approved,22.08.25,Jun-27,50.000,100.0,,2026-2027,
2647,PHEDR-PP-25-0214,2647,C.C Drainage and Paver block for Villages of Dost Muhammad Sodhro Village Sadique Sodhro Village Hashim Gopang & Village Khuda Bux Duzkani [Ref#334],32,86,Approved,22.08.25,Jun-27,50.000,100.0,,2026-2027,
2648,PHEDR-PP-25-0215,2648,C.C Drainage and Paver Block for Villages of Ghulam Hussain Sial village Ajab din dasti village najim din Islami village muhaib ali khaskheli & Village Amin Pato (Faizgung) [Ref#335],32,86,Approved,22.08.25,Jun-27,60.000,100.0,,2026-2027,
2649,PHEDR-PP-25-0216,2649,Construction of CC Paver open surface Drain various villages UC Changlani. [Ref#7],32,86,Approved,22.08.25,Jun-27,50.000,100.0,,2026-2027,
2650,PHEDR-PP-25-0217,2650,Construction of CC Paver open surface Drain various villages UC Umar Daho. [Ref#9],32,86,Approved,22.08.25,Jun-27,50.000,100.0,,2026-2027,
2651,PHEDR-PP-25-0218,2651,Construction of CC Paver open surface Drain various villages UC Band. [Ref#10],32,86,Approved,22.08.25,Jun-27,50.000,100.0,,2026-2027,
2652,PHEDR-PP-25-0219,2652,Construction of CC Paver open surface Drain various villages UC Muhammad Pur. [Ref#11],32,86,Approved,22.08.25,Jun-27,50.000,100.0,,2026-2027,
2653,PHEDR-PP-25-0220,2653,Construction of Drainage Network/ Sewerage system of Various Street of Mirpur Mathelo City [Ref#120],32,86,Approved,22.08.25,Jun-27,50.000,100.0,,2026-2027,
2654,PHEDR-PP-25-0221,2654,Construction of Drainage Network/ Sewerage system of Yaro Lund UC Machalo (WASH) [Ref#121],32,86,Approved,22.08.25,Jun-27,50.000,100.0,,2026-2027,
2655,PHEDR-PP-25-0222,2655,Construction of Drainage Network/ Sewerage system of Various Street of Dharki City (WASH) [Ref#123],32,86,Approved,22.08.25,Jun-27,50.000,100.0,,2026-2027,
2656,PHEDR-PP-25-0223,2656,Construction of Drainage Network/ Sewerage system of Various Street of Raharki [Ref#124],32,86,Approved,22.08.25,Jun-27,50.000,100.0,,2026-2027,
2657,PHEDR-PP-25-0224,2657,Construction of Draingae network / Sewerage in and CC Paver of various streets of UC Madanwala & Deh Soi Sharif [Ref#127],32,86,Approved,22.08.25,Jun-27,50.000,100.0,,2026-2027,
2658,PHEDR-PP-25-0225,2658,Drainage and CC Paver of various streets of UC Wasti Jeewan Shah & Deh Dub [Ref#128],32,86,Approved,22.08.25,Jun-27,50.000,100.0,,2026-2027,
2659,PHEDR-PP-25-0226,2659,Drainage and CC Paver of various streets of UC Chandia & Village Raheem Boohar [Ref#129],32,86,Approved,22.08.25,Jun-27,50.000,100.0,,2026-2027,
2660,PHEDR-PP-25-0227,2660,Construction of Drainage Network / Sewerage System in City Daharki [Ref#265],32,86,Approved,22.08.25,Jun-27,100.000,100.0,,2026-2027,
2661,PHEDR-PP-25-0229,2661,"Construction of Drainage Network / Sewerage System in UC Yaro Lund, Ghotki @ Mirpur Mathelo [Ref#270]",32,86,Approved,07.11.25,Jun-27,50.000,100.0,,2026-2027,
2662,PHEDR-PP-25-0231,2662,"Construction of CC Paver and Open Source Drain in various Villages Khangarh and City Khapur Mahar, Taluka Khangarh [Ref#471]",32,86,Approved,24.10.25,Jun-27,50.000,100.0,,2026-2027,
2663,PHEDR-PP-25-0234,2663,"Construction of CC Paver and Open Surface Drain in various villages of Union Council Mithri Village Bhetoor, Union Council Kandhlo [Ref#475]",32,86,Approved,22.08.25,Jun-27,50.000,100.0,,2026-2027,
2664,PHEDR-PP-25-0235,2664,"Construction of CC Paver and Open Surface Drain in Various Villages of Union Council Jarwar, UC Garhi Chakar, UC Dil Murad Gabole, UC Darwesh Naich [Ref#478]",32,86,Approved,22.08.25,Jun-27,50.000,100.0,,2026-2027,
2665,PHEDR-PP-25-0236,2665,Rehabilitation/ Reconstruction of sewerage & drainage system of UC Jarwar Taluka Mirpur Mathelo District Ghotki. ( PS-20 Ghotki -III) [Ref#921],32,86,Approved,22.08.25,Jun-27,50.000,100.0,,2026-2027,
2666,PHEDR-PP-25-0237,2666,"Construction of Surface Drains and CC Paver of UC Chandia, UC Band, UC Kondri Taluka Ubauro [Ref#951]",32,86,Approved,22.08.25,Jun-27,60.000,100.0,,2026-2027,
2667,PHEDR-PP-25-0238,2667,"Construction of Surface Drains and CC Paver of UC Khambra, UC Matar kot Taluka Ubauro [Ref#952]",32,86,Approved,22.08.25,Jun-27,60.000,100.0,,2026-2027,
2668,PHEDR-PP-25-0239,2668,"Construction of Surface Drains and CC Paver of UC Langho, UC Wasti jeewan shah Taluka Ubauro [Ref#953]",32,86,Approved,22.08.25,Jun-27,70.000,100.0,,2026-2027,
2669,PHEDR-PP-25-0240,2669,"Construction of Surface Drains and CC Paver of UC Madanwalo, UC Saindino Malik Taluka Ubauro [Ref#954]",32,86,Approved,22.08.25,Jun-27,50.000,100.0,,2026-2027,
2670,PHEDR-PP-25-0241,2670,"Construction of Surface Drains and CC Paver of UC Likpur, UC Jhangal Malik Taluka Ubauro [Ref#955]",32,86,Approved,22.08.25,Jun-27,70.000,100.0,,2026-2027,
2671,PHEDR-PP-25-0242,2671,"Surface Drains and CC Paver of UC Reti, UC Reni [Ref#956]",32,86,Approved,22.08.25,Jun-27,50.000,100.0,,2026-2027,
2672,PHEDR-PP-25-0243,2672,"Surface Drains and CC Paver of UC Khamiso Chachar, UC Kamoon Shaheed [Ref#957]",32,86,Approved,22.08.25,Jun-27,90.000,100.0,,2026-2027,
2673,PHEDR-PP-25-0244,2673,"Construction of Surface Drains and CC Paver of UC Ranwati, UC Saeedpur, UC Sui Sharif Taluka Ubauro [Ref#958]",32,86,Approved,22.08.25,Jun-27,50.000,100.0,,2026-2027,
2674,PHEDR-PP-25-0245,2674,"Provide Sewerage, Paver & CC Topping at UC Ghangra & Jam Noorullah [Ref#150]",32,86,Approved,22.08.25,Jun-27,50.000,100.0,,2026-2027,
2675,PHEDR-PP-25-0246,2675,"Provide Sewerage, Paver & CC Topping UC Khanwan & Koro Khushik [Ref#151]",32,86,Approved,22.08.25,Jun-27,50.000,100.0,,2026-2027,
2676,PHEDR-PP-25-0247,2676,"Provide Sewerage, Paver & CC Topping UC Mohbat Dero Sial, UC Mohbat Dero Jatoi & UC Shaikhani [Ref#152]",32,86,Approved,22.08.25,Jun-27,50.000,100.0,,2026-2027,
2677,PHEDR-PP-25-0248,2677,"Provide Sewerage, Paver & CC Topping UC Moria & Shamir Dero [Ref#153]",32,86,Approved,22.08.25,Jun-27,50.000,100.0,,2026-2027,
2678,PHEDR-PP-25-0249,2678,"Provide Sewerage, Paver & CC Topping UC Ghulam Shah & Kandhir [Ref#154]",32,86,Approved,22.08.25,Jun-27,50.000,100.0,,2026-2027,
2679,PHEDR-PP-25-0250,2679,"Provide Sewerage, Paver & CC Topping Kamal Dero & Soomar Channar [Ref#155]",32,86,Approved,22.08.25,Jun-27,50.000,100.0,,2026-2027,
2680,PHEDR-PP-25-0251,2680,"Provide Sewerage, Paver & CC Topping UC Manjth & Dhabro [Ref#156]",32,86,Approved,22.08.25,Jun-27,50.000,100.0,,2026-2027,
2681,PHEDR-PP-25-0252,2681,"Drainge and CC pavers, Village Muhabbat Dero Jatoi & Muhammad Khan Agro [Ref#49]",32,86,Approved,22.08.25,Jun-27,50.000,100.0,,2026-2027,
2682,PHEDR-PP-25-0253,2682,"Drainge and CC pavers, Village Dehat and Village Tunia Baqa Shah [Ref#50]",32,86,Approved,22.08.25,Jun-27,50.000,100.0,,2026-2027,
2683,PHEDR-PP-25-0254,2683,Drainage and CC pavers in Village Noor Muhammad Haji and Mirza Veghia Village Totaha [Ref#51],32,86,Approved,22.08.25,Jun-27,50.000,100.0,,2026-2027,
2684,PHEDR-PP-25-0255,2684,Drainage and CC Pavers in UC Kamal Dero and UC Moria [Ref#52],32,86,Approved,22.08.25,Jun-27,50.000,100.0,,2026-2027,
2685,PHEDR-PP-25-0256,2685,Drainage and CC Pavers in UC Darbelo and UC Abad [Ref#53],32,86,Approved,22.08.25,Jun-27,50.000,100.0,,2026-2027,
2686,PHEDR-PP-25-0257,2686,Drainage Sewerage in Village Kamal and Solangi and Behram Solangi and Pavers in Halani Town [Ref#54],32,86,Approved,22.08.25,Jun-27,60.000,100.0,,2026-2027,
2687,PHEDR-PP-25-0258,2687,Drainage and CC Pavers in UC Manjuth anc Town Committee Tharo Shah [Ref#55],32,86,Approved,22.08.25,Jun-27,50.000,100.0,,2026-2027,
2688,PHEDR-PP-25-0259,2688,Construction of CC Drains and Paving Blocks for Sachal Town Taluka Larkano [Ref#979],32,86,Approved,26.08.25,Jun-27,50.000,100.0,,2026-2027,
2689,PHEDR-PP-25-0260,2689,Construction of CC Drains and Paving Blocks for Hyderi Town Taluka Larkano [Ref#982],32,86,Approved,26.08.25,Jun-27,50.000,100.0,,2026-2027,
2690,PHEDR-PP-25-0261,2690,Construction of CC Drains and Paving Blocks for Empire Town Taluka Larkano [Ref#983],32,86,Approved,26.08.25,Jun-27,50.000,100.0,,2026-2027,
2691,PHEDR-PP-25-0262,2691,"Construction of CC Drain & Paver Block in vaiorus Villages of Union Council Agani, Union Council Akil, Union Council Dhamrah & Union Council Phull of Taluka Larkano (Each Union Council 20.000 Million) [Ref#991]",32,86,Approved,26.08.25,Jun-27,80.000,100.0,,2026-2027,
2692,PHEDR-PP-25-0263,2692,"Paver bilock & Drainage at various Villages Nanboro, Drib Tamwan, Bodo Khalu, Banga Labana. Dall Goth. Akil Goth, Moorani, Noro Gath 3 Sotho Goth, Beechang, Samano Goth, Chuman Goth. Syed Goth Badh Goth, Fakir Brahum Mahat, Soomar Geith, Malhi Goth, Qaios Laluno Goth, Dede Goth, Qasim Goth",32,86,Approved,21.08.25,Jun-27,50.000,100.0,,2026-2027,
2693,PHEDR-PP-25-0264,2693,"[Ref#106] Providing of Drainage Disposal & Paver Block UC Wazirabad, Village Hashim & Lakhi Town of Taluka Lakhi, District Shikarpur [Ref#130]",32,86,Approved,24.10.25,Jun-27,100.000,100.0,,2026-2027,
2694,PHEDR-PP-25-0265,2694,Construction new Drainage Schemes near Police Station Hingorija [Ref#90],32,86,Approved,26.08.25,Jun-27,50.000,100.0,,2026-2027,
2695,PHEDR-PP-25-0266,2695,Rehablitation of Dranage Schemes Syed Soofan Ali Shah [Ref#91],32,86,Approved,26.08.25,Jun-27,50.000,100.0,,2026-2027,
2696,PHEDR-PP-25-0267,2696,Construction new Drainage Schemes Bukhari Muhalla and Soomra Muhalla Hingorija [Ref#92],32,86,Approved,26.08.25,Jun-27,50.000,100.0,,2026-2027,
2697,PHEDR-PP-25-0268,2697,Rehablitation of Dranage Schemes Gareeb Abad Muhalla Hingorija [Ref#93],32,86,Approved,26.08.25,Jun-27,50.000,100.0,,2026-2027,
2698,PHEDR-PP-25-0269,2698,"Village Imam Bux Tanwar. Mangeja Mohala Sewerage C.C paver Block, Earth work [Ref#178]",32,86,Approved,26.08.25,Jun-27,50.000,100.0,,2026-2027,
2699,PHEDR-PP-25-0270,2699,"Village Kharal Abad Taluka Gambat Drainage C.C Paver Block, Earth work [Ref#179]",32,86,Approved,26.08.25,Jun-27,50.000,100.0,,2026-2027,
2700,PHEDR-PP-25-0271,2700,"Village Wada Lakha and Village Nandha Lakha Sewerage C.C paver Block, Earth work [Ref#180]",32,86,Approved,26.08.25,Jun-27,50.000,100.0,,2026-2027,
2701,PHEDR-PP-25-0272,2701,1-Constriction of Drainage S/ Drains C.C Kachi Abadi Rani pur T.C Ranipur 2-Mohalla Shah Nawaz Kalhoro T.C Rani Pur S. Drains C.C and paver Mohalla Various Mohallas T.C Rani Pur S. Drains and paver [Ref#181],32,86,Approved,26.08.25,Jun-27,50.000,100.0,,2026-2027,
2702,PHEDR-PP-25-0273,2702,Sewerage C.C paver and Earth work Scheme of Village Muhammad Khan Siyal and Hukai Tunya [Ref#182],32,86,Approved,26.08.25,Jun-27,50.000,100.0,,2026-2027,
2703,PHEDR-PP-25-0274,2703,"Construction of Surface drains, Paver Block, C.C block, Birdges/Culverts and Construction of Oxidation pond, rising main of various villages of Taluka Gambat and Sobhodero District Khairpur Mirs. [Ref#410]",32,86,Approved,26.08.25,Jun-27,100.000,100.0,,2026-2027,
2704,PHEDR-PP-25-0275,2704,"Construction of Drainage / Sewerage System at Village Purani Sagiyoon (Shahzad Bhagat), Ghazi Khan Bhagat,Muhammad Hassan Qureshi (Laiqat Qureshi), Qazi Bhutta, Main Asad Channa & Dr.Sarwar Shaikh Mohalla UC Sagiyoon Taluka Sobhodero. [Ref#413]",32,86,Approved,26.08.25,Jun-27,50.000,100.0,,2026-2027,
2705,PHEDR-PP-25-0276,2705,"Construction of Drainage / Sewerage System at Village Kamal Lashari, Amb (Dado Ramzan Sahito), Taj Muhammad Bhagat, Khalifah Near Wandh, Razal Narejo (Abdul Hakeem Narejo), Zulfiqar Narejo, Ali Gull Narejo, Khan Muhammad Narejo, Pir umar Dhani Narejo, Ustad Ghulam Hussain Narejo, & Village Fateh Ali Shahani Mohalla Akbar Shahani Taluka Sobbhodero. [Ref#414]",32,86,Approved,26.08.25,Jun-27,100.000,100.0,,2026-2027,
2706,PHEDR-PP-25-0277,2706,"Construction of Drainage / Sewerage System at Village Wari goth, Dilo Ujjan, Kalari, Arain, Hachari, Panjal Ujjan, Kha Ujjan, Abu Baqar Machi, Muhammad Bux Chandio, Atta Hussain Narejo, Basharat Mohalla, Taluka Gambat. [Ref#416]",32,86,Approved,26.08.25,Jun-27,50.000,100.0,,2026-2027,
2707,PHEDR-PP-25-0278,2707,"Construction of Drainage / Sewerage System at Village Radhar Lashari TC Khuhra, Punal Korai, Muhammad Saleh Khuhro, Atta Muhammad Khuhro & Khanan Narejo Taluka Gambat. [Ref#417] Construction of Drainage / Sewerage System &",32,86,Approved,26.08.25,Jun-27,50.000,100.0,,2026-2027,
2708,PHEDR-PP-25-0279,2708,"Two R.O Plants at City Baharo, Tragro, Moosa Kalhoro, Moor Larik, Phull Sahito, Daro Kalhora, Khatar, Ali Muhammad Narejo, Muhammad Bux Kahoro, Allah Wadiyo Kalhoro, Mangi Mohalla Pir Gillani, Kharal Abad, Muhammad Larik, Soomar Panhwar, Habibullah Ujjan & Nawab Ali Khemtio Taluka Gambat. [Ref#418]",32,86,Approved,26.08.25,Jun-27,50.000,100.0,,2026-2027,
2709,PHEDR-PP-25-0280,2709,"Construction of Drainage / Sewerage System at Village Dandhai Narejo, Golo Wahan Nareja, Allah Abad Kalhoro, Waryo Wahan Juneja, Sardah Jatoi, Haji Ghulam Jafar (Atta Muhammad Jamiro), Dhani Bux Jamiro (Shahnawaz Jamiro, Shahzad Jamiro & Two Culverts at Village Muhammad Panjal Narejo Taluka Gambat. [Ref#419]",32,86,Approved,26.08.25,Jun-27,50.000,100.0,,2026-2027,
2710,PHEDR-PP-25-0281,2710,"Construction of Drainage / Sewerage System at Village Ghail pur, Memon Mohalla, Ahsan Ali Thebo, Suresh Kumar Hindu Mohalla, Sadam Jokhio, Bhagyoo Khan Junejo, Lolayo Pir, Haji Pirano Phull, Haji Khuda Bux Ujjan, Gosala Mandir & Lari Ujjan Taluka Gambat [Ref#421]",32,86,Approved,26.08.25,Jun-27,50.000,100.0,,2026-2027,
2711,PHEWS-PP-25-0281,2711,Rehabilitation / Reconstruction of Drainage & Sewerage & CC paver for various streets of Khangarh Shareef Taluka Khangarh District Ghotki [Ref#920],32,86,Approved,21.11.25,Jun-27,150.000,100.0,,2026-2027,
2712,PHEDR-PP-25-0282,2712,"Construction of Drainage / Sewerage System at Ripri & Village Ghulam Abbas Ghummro & Village Khemtia, Dr. Nisar Khemtio, Daro Nareja Taluka Gambat. [Ref#428]",32,86,Approved,26.08.25,Jun-27,50.000,100.0,,2026-2027,
2713,PHEDR-PP-25-0283,2713,Construction of Paver Block and Drainage of various Streets / Muhallah / Villages of Taluka Badin [Ref#882],32,86,Approved,24.10.25,Jun-27,150.000,100.0,,2026-2027,
2714,PHEDR-PP-25-0284,2714,Provision of Paver Blocks and Drainage including Solar Lights at Municipal Committee Badin City [Ref#883],32,86,Approved,24.10.25,Jun-27,150.000,100.0,,2026-2027,
2715,PHEDR-PP-25-0285,2715,Construction of new drainage scheme in village Tando Alam Mari UC-84 Hyderabad & village Moosa Khatian UC-55 Hyderabad [Ref#501] (A) Rehabilitation of Drainage Scheme I/C Sewerage System for Village Sanjar Khan,32,86,Approved,16.09.25,Jun-27,150.000,100.0,,2026-2027,
2716,PHEDR-PP-25-0286,2716,Junejo uc No: 57 Mitho Khoso Taluka Tando Adam (22.50 Million) (B) Construction of Surface Drains & Paver Block In Various Villages of UC No: 57 Mitho Khoso Taluka Tando Adam (15.0 Million) (C) Construction of Surface Drains & Paver Block In Various Villages of UC No: 60 Kumb Darhon Taluka Tando Adam (15.0 Million) (D) Construction of Surface Drains & Paver Block In Various,32,86,Approved,16.09.25,Jun-27,67.500,100.0,,2026-2027,
2717,PHEDR-PP-25-0287,2717,Villages of UC No: 54 Peero Faqeer Shoro Taluka Tando Adam (15.0 Million) [Ref#794] Providing laying jointing and testing PE trunk main 8' dia and distribution system 6' 4' & 3' dia for urban water supply scheme Berani including solar Tube Well Berani City [Ref#252],32,86,Approved,16.09.25,Jun-27,200.000,100.0,,2026-2027,
2718,PHEDR-PP-25-0288,2718,"Construction of Drainage Schemes Ward No. 13, 14 & 15 MC Shahdadpur Taluka Shahadpur District Sanghar [Ref#167]",32,86,Approved,16.09.25,Jun-27,150.000,100.0,,2026-2027,
2719,PHEDR-PP-25-0289,2719,"Construction of Drainage Schemes Ward No. 1, 16 Hingoro Road MC Shahdadpur Taluka Shahadpur District Sanghar [Ref#168]",32,86,Approved,16.09.25,Jun-27,125.000,100.0,,2026-2027,
2720,PHEDR-PP-25-0291,2720,"Construction of Open Surface Drain, Paver Block & Culvert and variuos stree various villages [Ref#875]",32,86,Approved,16.09.25,Jun-27,45.000,100.0,,2026-2027,
2721,PHEDR-PP-25-0292,2721,Drainage System for Noorpur Stop Village Jumo Wasan & Mahi Khan Wagan UC Wagan Taluka & District N.Feroze [Ref#773],32,86,Approved,16.09.25,Jun-27,60.000,100.0,,2026-2027,
2722,PHEDR-PP-25-0293,2722,Drainage Scheme Town Committee Mithiani near High School & Sahita Muhalla Bhatti Muhalla and Paver Block Taluka & District N. Feroze [Ref#775],32,86,Approved,16.09.25,Jun-27,50.000,100.0,,2026-2027,
2723,PHEDR-PP-25-0296,2723,"Construction of Drainage Disposal work at Brohi Muhalla Disposal, Baboo Muhalla Disposal, Saddar Disposal and Channa Muhalla Disposal City Jacobabad [Ref#19]",32,86,Approved,22.09.25,Jun-27,130.000,100.0,,2026-2027,
2724,PHEDR-PP-25-0299,2724,"Construction of Drianage System Paver Block Various Taluka of District Kamber Shahdadkot Various Taluka Kamber Sijawal Junejo Mirokhan, Qubo Saeed and Taluka Shahdadkot [Ref#488]",32,86,Approved,22.09.25,Jun-27,50.000,100.0,,2026-2027,
2725,PHEDR-PP-25-0300,2725,"Provision of CC drains and Paver work for the UCs Drib, Moula Ali, Ghulam Ali, Datloi & Baiji [Ref#1013]",32,86,Approved,22.09.25,Jun-27,150.000,100.0,,2026-2027,
2726,PHEDR-PP-25-0301,2726,Provision of CC drains and Paver work for Pano Akil [Ref#1014],32,86,Approved,22.09.25,Jun-27,100.000,100.0,,2026-2027,
2727,PHEDR-PP-25-0302,2727,Drainage System along with Pumping Station at Village Izzat Ji Wandh Taluka Ratodero [Ref#1045],32,86,Approved,22.09.25,Jun-27,100.000,100.0,,2026-2027,
2728,PHEDR-PP-25-0303,2728,Drainage System along with Pumping Station at Village Ibrahim Ji Wandh Taluka Ratodero [Ref#1046],32,86,Approved,22.09.25,Jun-27,100.000,100.0,,2026-2027,
2729,PHEDR-PP-25-0304,2729,Drainage System along with Pumping Station at Village Razi Pitafi & Chandio Pitafi Taluka Ratodero [Ref#1047],32,86,Approved,22.09.25,Jun-27,100.000,100.0,,2026-2027,
2730,PHEDR-PP-25-0305,2730,Drainage System along with Pumping Station at Village Panjo Lorir Taluka Ratodero [Ref#1048],32,86,Approved,22.09.25,Jun-27,100.000,100.0,,2026-2027,
2731,PHEDR-PP-25-0306,2731,"Construction of Drain & Paver Block in Various Villages of UC Bosan, UC Waris Dino Machhi, UC Taib, UC Pir Bux Bhutto, UC Garhi Khuda Bux Bahman of Taluka Ratodero [Ref#1043]",32,86,Approved,22.09.25,Jun-27,120.000,100.0,,2026-2027,
2732,PHEDR-PP-25-0307,2732,"Construction of CC Drain & Paver Block in Various Villages of UC Izat Ji Wandh, UC Saidudero, UC Bungaldero, UC Lashari, UC Walidad Veesar & UC Jumo Agham of Taluka Ratodero [Ref#1044]",32,86,Approved,22.09.25,Jun-27,120.000,100.0,,2026-2027,
2733,PHEDR-PP-25-0308,2733,"Construction and Repair of surface Drains, RCC Nala, Sewer lines and their desilting to enhance the discharge carrying capacity of drains for Drainage system Larkano City. [Ref#998]",32,86,Approved,12.09.25,Jun-27,190.000,100.0,,2026-2027,
2734,PHEDR-PP-25-0309,2734,Water Supply & Drainage Scheme at Prem Nagar Islamkot District Tharparkar [Ref#1036],32,86,Approved,04.09.25,Jun-27,125.000,100.0,,2026-2027,
2735,PHEDR-PP-25-0311,2735,Drainage and CC Pavers in Village Khahi Qasim and Khahi Maman [Ref#56],32,86,Approved,22.08.25,Jun-27,50.000,100.0,,2026-2027,
2736,PHEDR-PP-25-0320,2736,"Construction of Rcc Sewer Line, Surface Drain for Draininge Scheme Ward No 1,2,15 & Mc Shahdadpur Taluka Shahdadpur District Sanghar [Ref#170]",32,86,Approved,16.09.25,Jun-27,75.000,100.0,,2026-2027,
2737,PHEDR-PP-25-0324,2737,"Construction of Open Surface Drains and CC Paver Block flooring for different villages of UC Kothi, Ghulamullah Otho & Karmalik Jati [Ref#970]",32,86,Approved,09.10.25,Jun-27,70.000,100.0,,2026-2027,
2738,PHEDR-PP-25-0325,2738,"Construction of Open Surface Drains and CC Paver Block flooring for different villages of UC Landiyoon, Goongani, Daultpur & Shah Bundar [Ref#971]",32,86,Approved,09.10.25,Jun-27,60.000,100.0,,2026-2027,
2739,PHEDR-PP-25-0326,2739,Construction of Open Surface Drains and CC Paver Block flooring for different villages of UC Chach Jahan Khan [Ref#972],32,86,Approved,09.10.25,Jun-27,50.000,100.0,,2026-2027,
2740,PHEDR-PP-25-0327,2740,"Water Supply, Drainage System and CC at village Khair Muhammad Notkhani ward #01 Muncipal Committee Mathi district Badin [Ref#262]",32,86,Approved,09.10.25,Jun-27,75.500,100.0,,2026-2027,
2741,PHEDR-PP-25-0328,2741,Construction of C.C-Paver Block in various streets of Taluka Garhi Khairo and Taluka Jacobabad. [Ref#T22],32,86,Approved,09.10.25,Jun-27,100.000,100.0,,2026-2027,
2742,PHEDR-PP-25-0329,2742,"Construction of Drains Type-I, II & III for Channa Muhalla City Jacobabad [Ref#1075]",32,86,Approved,09.10.25,Jun-27,95.000,100.0,,2026-2027,
2743,PHEDR-PP-25-0330,2743,"Construction of CC Drain Type I, II and III for Lashari Muhalla, Brohi Muhalla, Baboo Muhalla, Naib Muhalla, Murtaza Park, Dastagir Colony and Channa Muhalla City Jacobababd [Ref#16]",32,86,Approved,09.10.25,Jun-27,155.000,100.0,,2026-2027,
2744,PHEDR-PP-25-0331,2744,Construction of Drainage Network / Sewerage System in MC Mirpur Mathelo [Ref#271],32,86,Approved,09.10.25,Jun-27,50.000,100.0,,2026-2027,
2745,PHEDR-PP-25-0332,2745,Drainage and CC Paver of various streets of UC Chinjan [Ref#126],32,86,Approved,09.10.25,Jun-27,50.000,100.0,,2026-2027,
2746,PHEDR-PP-25-0333,2746,Construction of Drainage Network/ Sewerage system of UC Jahan Khan (WASH) [Ref#122],32,86,Approved,09.10.25,Jun-27,50.000,100.0,,2026-2027,
2747,PHEDR-PP-25-0334,2747,Construction of CC Paver Road Open Surface Drain from NHWAY By Pass to Bago Wah Top to Raja House Various Street. [Ref#3],32,86,Approved,09.10.25,Jun-27,100.000,100.0,,2026-2027,
2748,PHEDR-PP-25-0335,2748,"Construction of CC Paver Road Open Surface Drain from Shanti Nagar to Shaikh Mohallah, Memon Mohallah & Various Street [Ref#5]",32,86,Approved,09.10.25,Jun-27,50.000,100.0,,2026-2027,
2749,PHEDR-PP-25-0336,2749,Construction of CC Paver Road Open Surface Drain Old GT Road to Shanti Nagar Various Street. [Ref#6],32,86,Approved,09.10.25,Jun-27,50.000,100.0,,2026-2027,
2750,PHEDR-PP-25-0337,2750,Drainage and CC Paver of various streets of Bharchundi Sharif [Ref#125],32,86,Approved,09.10.25,Jun-27,50.000,100.0,,2026-2027,
2751,PHEDR-PP-25-0338,2751,Construction of CC Paver and Open Surface Drain in various villages of Union Council Ali Mahar Qazi Badal Union Council Lohi [Ref#474],32,86,Approved,09.10.25,Jun-27,50.000,100.0,,2026-2027,
2752,PHEDR-PP-25-0339,2752,Construction of CC Paver Road Open Surface Drain in village Anwar Abad Taluka Khan Garh Sharif. [Ref#4],32,86,Approved,09.10.25,Jun-27,50.000,100.0,,2026-2027,
2753,PHEDR-PP-25-0340,2753,Construction of CC Paver open surface Drain various villages UC Berri & UC Hussain Beli [Ref#8],32,86,Approved,09.10.25,Jun-27,50.000,100.0,,2026-2027,
2754,PHEDR-PP-25-0341,2754,"Construction of Drainage System CC Paver UC Sanko village Abdullah Rajri, Ghulam Hyder Leghari, Kareem Dad Makar, Bago Daro (various muhallahs), Chato Kati, Mian Raza Raheem (UC Bharchundi Sharif) [Ref#267]",32,86,Approved,09.10.25,Jun-27,50.000,100.0,,2026-2027,
2755,PHEDR-PP-25-0342,2755,"Construction of CC Paver and Open Surface Drain in Various Villages of Union Council Ali Bagh, UC Berri, UC Attal Muradani, UC Umer Daho, UC Wangi, UC Baghoo Daho, UC Wasti Qutubdin Shah, UC Sundrani, UC Qador Pur, UC Bandh [Ref#476]",32,86,Approved,09.10.25,Jun-27,50.000,100.0,,2026-2027,
2756,PHEDR-PP-25-0343,2756,"Construction of CC Paver and Open Surface Drain in Various Villages of Union Council Muhammad Khan Kacho Bindi, UC Hussain Valley, UC Muhammad Pur, UC Ruk, UC Khadwari, UC Khuhara, UC Changiani, UC Jamal [Ref#477]",32,86,Approved,09.10.25,Jun-27,50.000,100.0,,2026-2027,
2757,PHEDR-PP-25-0344,2757,"Improvement & Extension of Drainage Scheme Sale Pat District Sukkur [Ref#662] Construction of surface drains & providing paver block in village Hur Khan brohi, Hafiz Raham Ali Barohi, Makan Jalwani, M. Mithal",32,86,Approved,09.10.25,Jun-27,200.000,100.0,,2026-2027,
2758,PHEDR-PP-25-0345,2758,"Wadheyo, Ghulam Rasool Malghani, Ali Gohar Malghani, Ghulam Sarwar Malghani, Saif ullah Pathan, Nagar Shar, Pir Bux Barohi, Hotani, Qalandar Bux Brohi, Muhammad Murad Barohi, Jahagir Barohi, Mohel, Jhunghal Jafri, Shah Muhammad Mangrio, Construction of C Type Nala From Molla Bux Bhutto Hotal to Sim Shaikh via Zulfiqar Marfani Otak Gari Yasin, various street of Town Gari Yasin, Drains and pavor blocks, Bhambiar, Khahi Mahar, Sadam Brohi Nim, Abdul Sattar Jamali, Sohrab Khan Jakhrani, Torband, Arain, Dakhan [Ref#1068]",32,86,Approved,09.10.25,Jun-27,150.000,100.0,,2026-2027,
2759,PHEDR-PP-25-0346,2759,"Construction of Surface Drains & Providing Paver Block in Village Mir Dada Khan Bhayo, Unar Goth, Rab Nawaz Magnejo, Long Detho, Deputy Banglow, Bado, Allah Bux Khoso, Haji Noor Hassan Jakhirani, Chand Goth, Jahan Khan, Halepota, Thinda, Maka, Sardar Abdul Nabi Thaheem, Shahkulipur, Khuda Bux",32,86,Approved,09.10.25,Jun-27,180.000,100.0,,2026-2027,
2760,PHEDR-PP-25-0347,2760,"Khoso, Sahekiji, Khan Kalhoro [Ref#1008] Construction of Surface Drains & Paver Blocks in various villages of Taluka Kandhkot & Kashmore [Ref#823]",32,86,Approved,09.10.25,Jun-27,50.000,100.0,,2026-2027,
2761,PHEDR-PP-25-0348,2761,"Construction of Surface Drains & Paver Blocks in Guddu Town, Taluka Kashmore [Ref#826]",32,86,Approved,09.10.25,Jun-27,100.000,100.0,,2026-2027,
2762,PHEDR-PP-25-0349,2762,Construction of Surface Drains & Paver Blocks in Taluka Kashmore [Ref#829],32,86,Approved,09.10.25,Jun-27,80.000,100.0,,2026-2027,
2763,PHEDR-PP-25-0350,2763,"Improvement and Extension of Drainage Scheme Khanpur, Rustam and Humayoon and Mian Jo Goth [Ref#528]",32,86,Approved,30.09.25,Jun-27,120.000,100.0,,2026-2027,
2764,PHEDR-PP-25-0351,2764,Improvement and Solarization of Suhail Colony Pumping Station for Drainage Scheme Larkano city [Ref#978],32,86,Approved,30.09.25,Jun-27,80.000,100.0,,2026-2027,
2765,PHEDR-PP-25-0352,2765,Construction of RCC Nala at various locations of PS-11 Taluka Larkano [Ref#980],32,86,Approved,30.09.25,Jun-27,150.000,100.0,,2026-2027,
2766,PHEDR-PP-25-0353,2766,"Construction of CC Drains , CC Blocks and Paving Blocks for Dari Town Taluka Larkano [Ref#984]",32,86,Approved,30.09.25,Jun-27,50.000,100.0,,2026-2027,
2767,PHEDR-PP-25-0354,2767,"Construction of surface drains, CC blocks, RCC Nala and Paving Blocks for drainage scheme Larkano City. [Ref#999]",32,86,Approved,30.09.25,Jun-27,60.000,100.0,,2026-2027,
2768,PHEDR-PP-25-0355,2768,"Construction of CC Drains and solarization of Pumping Station of Police Line disposal, Nazar Muhallah disposal, Dodai Road disposal, Pir Sher road disposal and Akil Road Disposal for Drainage Scheme Larkano City [Ref#981]",32,86,Approved,30.09.25,Jun-27,200.000,100.0,,2026-2027,
2769,PHEDR-PP-25-0356,2769,Construction of CC Drains and Diversion of Pumping Station Arzi Bhutto disposal to Akil Road Pumping Station for Drainage Scheme Larkano City [Ref#977],32,86,Approved,30.09.25,Jun-27,120.000,100.0,,2026-2027,
2770,PHEDR-PP-25-0357,2770,"Construction of Drainge System Paver Block Various UC'S of Taluka Shahdadkot and Taluka Kamber UC Chajhra, UC Abri, UC Lashkri, UC Jaien Abro, UC Khairpur Juco, UC Seelra, UC Jamali, UC Laghari - UC, Chakyani UC Aitbar Chandio [Ref#487]",32,86,Approved,30.09.25,Jun-27,50.000,100.0,,2026-2027,
2771,PHEDR-PP-25-0358,2771,"Construction of CC Drains & Paver Blocks in various Village of UC Hyder Chandio, Arzi Bhutto Thouf Chosoul Taluka Sijwal Junejo [Ref#320]",32,86,Approved,30.09.25,Jun-27,50.000,100.0,,2026-2027,
2772,PHEDR-PP-25-0359,2772,"A) Construction of CC Drains & Pavers Block in UCs Karira, Khabbar, Allahbad, Nadirabad Taluka Mirokhan B) Installation of RO (Revers Osomosis) Plants in Village Rap Watto Chandio Taluka Mirokha [Ref#321]",32,86,Approved,30.09.25,Jun-27,70.000,100.0,,2026-2027,
2773,PHEDR-PP-25-0360,2773,Installation of RO (Reverse Osmosis) Plants in Various UC`s of Miro Khan City Installation of RO (Reverse Osmosis) Plants in Various UC`s of Behram Town [Ref#323],32,86,Approved,30.09.25,Jun-27,60.000,100.0,,2026-2027,
2774,PHEDR-PP-25-0361,2774,"Construction of CC Paver and Open Surface Drain in Various Municipal Committee Ghotki Muhallah Malik Parvez, Muhallah Advocate Wajid Ali Shah [Ref#479]",32,86,Approved,30.09.25,Jun-27,50.000,100.0,,2026-2027,
2775,PHEDR-PP-25-0362,2775,"Construction of CC Paver and Open Surface Drain in Various Muhallah Ashok House, Shamsabad, Muhallah Sajjad House Shamsabad, Muhalla Chana House Shamsabad [Ref#480]",32,86,Approved,30.09.25,Jun-27,50.000,100.0,,2026-2027,
2776,PHEDR-PP-25-0363,2776,"Construction of Drains, Paver Blocks & Installation of RO plants & Water Supply schemes at various Ucs of Taluka Warah & Nasirabad [Ref#1069]",32,86,Approved,24.10.25,Jun-27,155.000,99.8,,2026-2027,
2777,PHEDR-PP-25-0364,2777,"Drainage Scheme & Paver Block at various villages Sikandar Khan Jatoi, Mithal Khan Jatoi, Shaheed Khan Jatoi, Rasool Bux Jatoi, Zubair Khan Jatoi, Chandi Khan Jatoi, Muhammad Bux Jatoi, Fakir Ali Mardan Jatoi, Dost Muhammad Jatoi & Surraondings, Taluka & District Khairpur [Ref#1076]",32,86,Approved,24.10.25,Jun-27,157.000,100.0,,2026-2027,
2778,PHEDR-PP-25-0365,2778,Construction of Drainage Network / Sewerage System in UC Dad [Ref#266],32,86,Approved,24.10.25,Jun-27,50.000,100.0,,2026-2027,
2779,PHEDR-PP-25-0366,2779,Construction of Drainage Network / Sewerage System in UC Keenjhur Pitafi [Ref#272],32,86,Approved,24.10.25,Jun-27,50.000,100.0,,2026-2027,
2780,PHEDR-PP-25-0367,2780,"Construction of Disposal Pumping Station in Village 60th Mile, UC 60th Mile [Ref#1011]",32,86,Approved,24.10.25,Jun-27,184.855,100.0,,2026-2027,
2781,PHEDR-PP-25-0368,2781,Providing Drainage Facility at Rehmanabad Muhalla Bandhi Town [Ref#1031],32,86,Approved,24.10.25,Jun-27,97.495,100.0,,2026-2027,
2782,PHEDR-PP-25-0369,2782,Rural Drainage Scheme for Village Saeed Kando Village Khan Muhammad Rind Village Nathyani & Various Villages. [Ref#450],32,86,Approved,24.10.25,Jun-27,50.000,100.0,,2026-2027,
2783,PHEDR-PP-25-0372,2783,"Construction of Drainage Network / Sewerage System in UC Raharki, District Ghotki [Ref#273]",32,86,Approved,07.11.25,Jun-27,100.000,100.0,,2026-2027,
2784,PHEDR-PP-25-0373,2784,Construction of Surface Drains and CC Paver of Different Villages of UC Reni UC Jam Pur UC Beruta Taluka Daharki [Ref#T9],32,86,Approved,07.11.25,Jun-27,50.000,100.0,,2026-2027,
2785,PHEDR-PP-25-0374,2785,Construction of Surface Drains and CC Paver of Different Villages of UC Khanbhra UC Kundi Wali UC Bandh UC Chandia Taluka Ubauro [Ref#T10],32,86,Approved,07.11.25,Jun-27,50.000,100.0,,2026-2027,
2786,PHEDR-PP-25-0375,2786,Construction of Surface Drains and CC Paver of Different Villages of UC Kamo Shaheed UC Khameso Chachar [Ref#T11],32,86,Approved,07.11.25,Jun-27,50.000,100.0,,2026-2027,
2787,PHEDR-PP-25-0376,2787,Construction of Surface Drains and CC Paver of Different Villages of UC Madan Wala UC Soi Sharif Taluka Ubaro [Ref#T12],32,86,Approved,07.11.25,Jun-27,50.000,100.0,,2026-2027,
2788,PHEDR-PP-25-0377,2788,Construction of Surface Drains and CC Paver of Different Villages of UC Matar Kot UC Jhangal Malik UC Rawanti & UC Wasti Jewan Shah [Ref#T13],32,86,Approved,07.11.25,Jun-27,50.000,100.0,,2026-2027,
2789,PHEDR-PP-25-0378,2789,Construction of Drainage Scheme and Tuff Tiles of Village Mouj Ali Samejo Taluka Daharki [Ref#T14],32,86,Approved,07.11.25,Jun-27,50.000,100.0,,2026-2027,
2790,PHEDR-PP-25-0379,2790,"Rehabilitation /Construction of Drainage Scheme and Tuff Tiles for Village, Sideeque Kalwar, Village Nazeer Ahmed Khan Chijjan, Lashari Muhalla, Village Pir Muhammad Khatyan and Abbasi Muhalla [Ref#T15]",32,86,Approved,07.11.25,Jun-27,100.000,100.0,,2026-2027,
2791,PHEDR-PP-25-0380,2791,"Rehabilitation / Constuction of Drainage scheme and Tuff Tiles for Villages Wali Muhmmad Korai, Jamal Khan Korai, Mumtaz Ali Samo [Ref#T16]",32,86,Approved,07.11.25,Jun-27,100.000,100.0,,2026-2027,
2792,PHEDR-PP-25-0381,2792,Construction of Drainage/Sewerage System & Paving Block of Various Villages of Taluka Kingri [Ref#T3],32,86,Approved,07.11.25,Jun-27,150.000,100.0,,2026-2027,
2793,PHEDR-PP-25-0382,2793,"Construction of Drainage/Sewerage System & Paving Block of Village Qaimuddin Odho, Aman Odho, Muhammad Khan Odho & Village Alli Haider Jalbani & Fateh Muhammad Burdi TC Piryaloi [Ref#T4]",32,86,Approved,07.11.25,Jun-27,100.000,100.0,,2026-2027,
2794,PHEDR-PP-25-0383,2794,"Construction of Drainage/Sewerage System & Paving Block System UC Pir Badal Various villages, Village Mujahid, Ai Bux Sarohi, Sono Bhatti, Dilawar Khuhro, Gul Muhammad Shaikh Miani Mallah, Muhammad Juman Sehito Yaar Muhamad Markhand Mahi Wahid Bux Sobdar kalhoro & Ghulam Qadir Kalo [Ref#T5]",32,86,Approved,07.11.25,Jun-27,100.000,100.0,,2026-2027,
2795,PHEDR-PP-25-0384,2795,"Construction of Drainage/Sewerage System & Paving Block Village Khadim Shah, Taj Din Punjabi, Nawab Din Chadhar, Muhammad Azam Chadhar, Khalifo Ramzan Kandhro & Hadi Bux Kandhro [Ref#T6]",32,86,Approved,07.11.25,Jun-27,50.000,100.0,,2026-2027,
2796,PHEDR-PP-25-0385,2796,"Construction of Drainage/Sewerage at Village of Muhammad Sharif Kandhro, Wali Muhammad Banglow, Qamar Din Kandhro, Zulfiqar Khaskheli, Leamon Shah, Drib Rozi Kandhro & Lal Bux Kandhro [Ref#T7]",32,86,Approved,07.11.25,Jun-27,50.000,100.0,,2026-2027,
2797,PHEDR-PP-25-0386,2797,"Construction of Drainage/Sewerage with Paving Block at Village Bhale Dino Maitlo, City Sadar Ji Bhatyoon, Muhalla Syed Roshan Shah & Syed Dur Muhammad Shah [Ref#T8]",32,86,Approved,07.11.25,Jun-27,50.000,100.0,,2026-2027,
2798,PHEDR-PP-25-0387,2798,"Construction of Drains & Providing & Laying Paving Block in various streets of Samaro Town, Pithoro Town, Shadi Palli Town and Dhoronaro Town District Umerkot. [Ref#632]",32,86,Approved,07.11.25,Jun-27,119.602,100.0,,2026-2027,
2799,PHEDR-PP-25-0388,2799,"Construction of Drain Nala type A,B,C and Providing & Laying Paving Blocks in Kunri City, Bustan City Nabisar & Talhi [Ref#633]",32,86,Approved,07.11.25,Jun-27,50.000,100.0,,2026-2027,
2800,PHEDR-PP-25-0389,2800,"Construction of Drains and Providing & Laying Paving Blocks in various Streets of Kunri City, Bustan City, Nabisar Town & UC Talhi Kunri [Ref#638] Construction of Surface Drains and Paver",32,86,Approved,07.11.25,Jun-27,149.968,100.0,,2026-2027,
2801,PHEDR-PP-25-0391,2801,"Block in Soomar Shah Colony, Village Allah Bux Kubber, Village Mansoor Hoat, Village Allah Bux Bhand, Dr. Allah Bux Mahar Village Hashim Bughio, Village Morial Hothipoto, Village Jari, Village Manzoor Brohi, Village Sattar Dino Dahri, Village Wali Muhammad Mirasi, Village Sobharo Khan, Taluka Kazi",32,86,Approved,29.08.25,Jun-27,50.000,100.0,,2026-2027,
2802,PHEDR-PP-25-0392,2802,Ahmed [Ref#525] Constriction of Sewerage CC Drainage and Paver Block in various villages and UC’S Taluka Sanghar [Ref#174],32,86,Approved,29.09.25,Jun-27,50.000,100.0,,2026-2027,
2803,PHEDR-PP-25-0393,2803,"Construction of CC Paver Open Surface Drain in various Town Kameeti Khangarh Ward I, II, III, IV, V, VI Taluka Khangarh [Ref#473]",32,86,Approved,24.10.25,Jun-27,50.000,100.0,,2026-2027,
2804,PHEDR-PP-25-0394,2804,Improvement / Extension and sewerage treatment of waste water drainage scheme of Daur Town Taluka Daur District SBA [Ref#1010],32,86,Approved,29.12.25,Jun-27,644.627,100.0,,2026-2027,
2805,PHEDR-PP-25-0395,2805,"Muzammil Town Disposal & Drainage Scheme Nawabshah, District SBA [Ref#1022]",32,86,Approved,29.12.25,Jun-27,266.602,100.0,,2026-2027,
2806,PHEDR-PP-25-0396,2806,Construction of CC Drain and Laying of Paver Block at Muradpur Circle [Ref#763],32,86,Approved,19.12.25,Jun-27,100.000,100.0,,2026-2027,
2807,PHEDR-PP-25-0397,2807,Construction of CC Drain and Laying of Paver Block at Thul Circle [Ref#764],32,86,Approved,19.12.25,Jun-27,100.000,100.0,,2026-2027,
2808,PHEDR-PP-25-0398,2808,"Construction of CC Drain and Laying of Paver Block at Misripur Circle / Tapa Kot Jangoo PS- 2, Taluka Thul [Ref#767]",32,86,Approved,19.12.25,Jun-27,100.000,100.0,,2026-2027,
2809,PHEDR-PP-25-0401,2809,Construction of Surface drains & providing paving block in various villages (32) of Taluka Sakrand [Ref#1081],32,86,Approved,19.12.25,Jun-27,150.000,100.0,,2026-2027,
2810,PHEDR-PP-25-0402,2810,Construction of Surface drains & providing paving block in various villages (23) of Taluka Sakrand [Ref#1082],32,86,Approved,19.12.25,Jun-27,100.000,100.0,,2026-2027,
2811,PHEDR-PP-25-0403,2811,"Construction of Surface drains i/c paving block for village Jamal Keerio, UC Dalel Dero, Taluka Sakrand [Ref#1083]",32,86,Approved,19.12.25,Jun-27,57.152,100.0,,2026-2027,
2812,PHEDR-PP-25-0404,2812,"Drainage scheme for village Tali, Ward#06 Sakrand Town [Ref#1084]",32,86,Approved,19.12.25,Jun-27,50.000,100.0,,2026-2027,
2813,PHEDR-PP-25-0405,2813,Drainage scheme for village New Batho & Village Sand Keerio [Ref#1085],32,86,Approved,19.12.25,Jun-27,62.000,100.0,,2026-2027,
2814,PHEDR-PP-25-0406,2814,Construction of Surface drains & providing paving block in various villages (18) of Taluka Sakrand [Ref#1086],32,86,Approved,19.12.25,Jun-27,80.853,100.0,,2026-2027,
2815,PHEDR-PP-25-0407,2815,Installation of 36 Submersible Pump in various locations & Installation of Tube Well for Water Supply Scheme village Jaro Bheel of Taluka Umerkot [Ref#338],32,86,Approved,07.11.25,Jun-27,95.000,100.0,,2026-2027,
2816,PHEDR-PP-25-0408,2816,"Paver and Drainage for Ward No. 2 and Ward No. 4 of Bhan Saeedabad Town, Taluka Sehwan District Jamshoro [Ref#1101]",32,86,Approved,24.12.25,Jun-27,199.060,100.0,,2026-2027,
2817,PHEDR-PP-25-0409,2817,"Paver and Drainage for various villages of UC Arazi, UC Bubak & UC Bhambha Taluka Sehwan District Jamshoro [Ref#1102]",32,86,Approved,24.12.25,Jun-27,199.930,100.0,,2026-2027,
2818,PHEDR-PP-25-0411,2818,"Construction / Repair of Surface drains (Drainage Schemes) Including C.C Paving Streets of Different Union Councils of Taluka Sinjhoro i.e UC Preetamabad, UC 33 Jamrao, UC 22 Jamrao, UC Azeemabad UC 30 Jamrao and TC Khadro [Ref#T2]",32,86,Approved,09.03.26,Jun-27,250.000,100.0,,2026-2027,
2819,PHEDR-PP-25-0413,2819,"Provision of Paver Block and Drainage in various villages of the Union Councils of Taluka Shikarpur: Sultan Kot, Lodra, Hamayoon, Wada Machi and Pir Jalil [Ref#98]",32,86,Approved,23.04.26,Jun-27,50.000,100.0,,2026-2027,
2820,PHEDR-PP-25-0414,2820,"Provision of Paver Block and drainage in various wards of Town Committee Khanpur and villages of Union Councils of Mian Sahib, Zarkhel, Garhi Dakho, Tatrai and Deh Mehmooda Taluka Khanpur as well as Union Councils Jano and Karan Sharif Taluka Shikarpur [Ref#1108]",32,86,Approved,23.04.26,Jun-27,50.000,100.0,,2026-2027,
2821,PHEDR-PP-25-0415,2821,"Construction of Drainage,Solar R.O Plant, and Tuff Tiles for Various Muhalla of Bharchundi Sharif Taluka Daharki [Ref#283]",32,86,Approved,30.03.26,Jun-27,100.000,100.0,,2026-2027,
2822,PHEDR-PP-25-0416,2822,"Rehabilitation of Drainage scheme,Solar R.O Plant, and Tuff Tiles for Various Muhalla of Village Nao Koat Taluka Daharki [Ref#284]",32,86,Approved,30.03.26,Jun-27,100.000,100.0,,2026-2027,
2823,PHEDR-PP-25-0417,2823,Construction of Drainage Scheme and Tuff Tiles for Village Kouro Sameejo Taluka Daharki [Ref#285],32,86,Approved,30.03.26,Jun-27,50.000,100.0,,2026-2027,
2824,PHEDR-PP-25-0410,2824,Up-gradation of Drainage System of Larkano City,32,86,Approved,13.04.26,Jun-28,4000.000,100.0,,2026-2027,
2825,PHEWS-PP-25-0412,2825,Construction of Paver Blocks in UC Pir Ikhlas Shah Taluka Rohri,32,86,Approved,04.05.26,Jun-28,96.400,7.3,,2026-2027,
2826,PHESB-PP-15-0057,2826,Establishment of Project Management Unit (PMU) for Drinking Water Hub Projects (Revised) (SDG#6),32,87,Approved,09.09.15,Jun-27,875.594,76.3,,2026-2027,
2827,PHESB-PP-16-0129,2827,Providing and Installation of Solar System for Rurul Water Supply and Drainage Schemes in Sindh Phase I (SDG # 6),32,87,Approved,30.11.16,Jun-27,1602.581,83.2,,2026-2027,
2828,PHESB-PP-16-0130,2828,Rehabilitation of Non-Functional Water Supply and Drainage Schemes Phase-I (Revised)(SDG # 6),32,87,Approved,30.11.16,Jun-27,5269.000,88.1,,2026-2027,
2829,PHESB-PP-17-0253,2829,Providing and Installation of Solar System for Rurul Water Supply and Drainage Schemes in Sindh Phase II (SDG # 6),32,87,Approved,14.09.17,Jun-27,1575.944,69.8,,2026-2027,
2830,PHESB-PP-17-0254,2830,Elimination of Urban Sewerage Discharging in Irrigation Canals and lakes in Sindh Phase-I (Revised) (SDG # 6),32,87,Approved,09.02.18,Jun-27,3764.648,86.9,,2026-2027,
2831,PHESB-PP-19-0378,2831,"Monitoring, Evalaution & Co-ordination Unit. (Revised) (SDG#6)",32,87,Approved,10.11.19,Jun-27,665.471,56.1,,2026-2027,
2832,PHESB-PP-20-0111,2832,Elimination of Sewerage Discharging in Irrigation Canals and lakes in Sindh Phase-II (SDG#6),32,87,Approved,30.12.20,Jun-27,3751.768,33.9,,2026-2027,
2833,PHESB-PP-22-1231,2833,Survey for Ground Water Quality and Quantity and Mapping in all over Sindh (SGD #6),32,87,Approved,07.08.23,Jun-27,400.000,62.5,,2026-2027,
2834,PHESB-PP-22-1236,2834,Rehabilitation of Non-functional Water Supply & Drainage Schemes in District Naushahro Feroze (Phase-II) (SDG # 6).,32,87,Approved,01.12.22,Jun-27,158.473,100.0,,2026-2027,
2835,PHESB-PP-22-1239,2835,Rehabilitation of Non-functional Water Supply & Drainage Schemes in District Dadu (Phase- II) (SDG#6),32,87,Approved,21.12.22,Jun-27,311.764,66.7,,2026-2027,
2836,PHESB-PP-22-1240,2836,Rehabilitation of Non-functional Water Supply & Drainage Schemes in District Larkano (Phase-II) (SDG#6),32,87,Approved,05.01.23,Jun-27,220.500,54.4,,2026-2027,
2837,PHESB-PP-22-1241,2837,Rehabilitation of Non-functional Water Supply & Drainage Schemes in District Kamber (Phase-II) (SDG # 6).,32,87,Approved,22.02.23,Jun-27,421.320,55.4,,2026-2027,
2838,PHESB-PP-22-1242,2838,Rehabilitation of Non-functional Water Supply & Drainage Schemes in District Shikarpur (Phase-II) (SDG # 6).,32,87,Approved,05.01.23,Jun-27,300.887,53.6,,2026-2027,
2839,PHESB-PP-22-1244,2839,Rehabilitation of Non-functional Water Supply & Drainage Schemes in District Kashmore (Phase-II) (SDG # 6).,32,87,Approved,01.12.22,Jun-27,173.142,53.5,,2026-2027,
2840,PHESB-PP-22-1247,2840,Rehabilitation of Non-functional Water Supply & Drainage Schemes in District Jamshoro (Phase-II) (SDG # 6). (Revised on 26.02.25),32,87,Approved,17.01.23,Jun-27,222.000,31.6,,2026-2027,
2841,PHESB-PP-22-1248,2841,Rehabilitation of Non-functional Water Supply & Drainage Schemes in District Tando Muhammad Khan (Phase-II) (SDG # 6).,32,87,Approved,30.03.23,Jun-27,156.480,63.4,,2026-2027,
2842,PHESB-PP-22-1249,2842,Rehabilitation of Non-functional Water Supply & Drainage Schemes in District Matiari (Phase- II) (SDG#6),32,87,Approved,05.01.23,Jun-27,227.769,63.7,,2026-2027,
2843,PHESB-PP-22-1252,2843,Rehabilitation of Non-functional Water Supply & Drainage Schemes in District Mirpurkhas (Phase-II) (SDG#6),32,87,Approved,05.01.23,Jun-27,463.668,41.8,,2026-2027,
2844,PHESB-PP-22-1253,2844,Rehabilitation of Non-functional Water Supply & Drainage Schemes in District Umerkot (Phase-II) (SDG#6),32,87,Approved,18.01.23,Jun-27,306.058,70.8,,2026-2027,
2845,PHESB-PP-21-1121,2845,Installation of Solar Powered R.O/Filter Plants in Sindh Province including all Hospital & Schools Phase-I (SDG # 6),32,87,Approved,,Jun-27,2000.000,0.5,,2026-2027,
2846,PHESB-PP-25-0001,2846,"Improved Governance through Research, Development of a Robust M&E / MIS system and Capacity Building of Staff on Nutrition / Sensitive WASH using IEC Materials developed by PINS 1 for inculcating Social and Behavioral Change (SBCC) among Communities",32,87,Approved,,Jun-27,20.000,25.0,,2026-2027,
2847,PHEWS-PP-13-0037,2847,Water Supply Scheme (Filtration) Dadu,32,88,Approved,27.09.13,Jun-27,754.737,100.0,,2026-2027,
2848,PHEWS-PP-14-0078,2848,Upgradation of Pipe Line Water Supply Scheme Naukot-Mithi upto Chelhar (Revised on 08.01.2023) (SDG # 6),32,88,Approved,13.01.15,Jun-27,1025.707,76.3,,2026-2027,
2849,PHEWS-PP-16-0115,2849,Installation of RO (Desalination) Plant @ Manora Island (SDG#6),32,88,Approved,10.08.16,Jun-28,427.648,83.4,,2026-2027,
2850,PHEWS-PP-16-0116,2850,Improvement & Extention Water Supply/Sewerage System Bhitshah (Revised on 07.08.23),32,88,Approved,30.11.16,Jun-28,724.692,35.8,,2026-2027,
2851,PHEWS-PP-17-0224,2851,Water Supply Scheme Hub Dam to 42 Various Villages Construction of Surface Water Tanks with Pump Room i/c Electricity System near Hub Dam River Deh Allah Phai (Re-Revised on 30.01.25),32,88,Approved,12.01.18,Jun-28,805.327,70.6,,2026-2027,
2852,PHEWS-PP-17-0233,2852,Urban Water Supply Scheme Shah Purchakar Phase-II,32,88,Approved,26.01.18,Jun-28,306.405,49.3,,2026-2027,
2853,PHEWS-PP-19-0342,2853,Improvement and Extention of Urban Water Supply Scheme T.M.Khan City (SDG#6) (Revised on 14.04.25),32,88,Approved,20.02.20,Jun-28,197.624,77.0,,2026-2027,
2854,PHEWS-PP-19-0348,2854,Feasibility study for water supply scheme for larkano City from Dadu Canal Source (Revised on 18.04.23),32,88,Approved,05.08.19,Jun-27,49.000,100.0,,2026-2027,
2855,PHEWS-PP-21-0982,2855,Construction of New Water Supply Scheme for Various Villages in Taluka Hyderabad Rural (Re-Revised on 30.01.25),32,88,Approved,13.05.22,Jun-28,698.357,78.2,,2026-2027,
2856,PHEWS-PP-21-0991,2856,Filtration of Water Supply Scheme Kotri City Zone-A (Allah Wala Chowk). Taluka Kotri (SDG # 6) (Revised Date: 30-03-2026 Capital: 177.95 Revenue: 0.00 Total Cost: 177.95),32,88,Approved,20.01.22,Jun-28,177.949,46.4,,2026-2027,
2857,PHEWS-PP-21-0993,2857,Water Supply Scheme Arazi Via Bubuk and adjoining 26 Nos Villages from Indus Source Taluka Sehwan (Revised on 16.02.24),32,88,Approved,28.12.21,Jun-28,594.565,87.7,,2026-2027,
2858,PHEWS-PP-22-1087,2858,Improvement & Extention i/c change of source and construction of rapid gravity filtration system for Urban Water Scheme Sehwan (SDG#6). (Revised on 30.01.25),32,88,Approved,24.11.22,Jun-28,1531.546,32.1,,2026-2027,
2859,PHEWS-PP-22-1088,2859,Improvement & Extention i/c Adjoining Mohallas for Urban Water Scheme Bhan Saeedabad (SDG#6) (Revised on 30.01.25),32,88,Approved,24.11.22,Jun-28,1193.874,26.2,,2026-2027,
2860,PHEWS-PP-22-1091,2860,Installation of RO plants in various villages of Taluka Sehwan (SDG#6),32,88,Approved,01.02.23,Jun-27,200.000,100.0,,2026-2027,
2861,PHEWS-PP-22-1095,2861,"Provision of Water Supply Line from KB Feeder to Faqeer jo Goth to Thatta City, Shahi Bazar 18”, Sonara Street and Various Streets, District Thatta",32,88,Approved,10.11.22,Jun-27,189.917,100.0,,2026-2027,
2862,PHEWS-PP-22-1103,2862,Water Supply Scheme in Ward 1 to 23 MC Tando Allahyar (SDG#6) (Revised on 26.02.25),32,88,Approved,08.12.22,Jun-28,400.000,63.5,,2026-2027,
2863,PHEWS-PP-22-1104,2863,"Improvement and Extension of water supply schemes (Shadi Palli, road samaro and Dhoronaro) (SDG#6) (Revised on 31.10.24)",32,88,Approved,17.01.23,Jun-27,91.446,100.0,,2026-2027,
2864,PHEWS-PP-22-1828,2864,Improvement & Extension of Urban Water Supply Scheme Umerkot Town (Revised on 13.05.25),32,88,Approved,17.05.23,Jun-28,1595.726,30.1,,2026-2027,
2865,PHEWS-PP-23-0004,2865,Water Supply Scheme with underground tank and with all equipments at Ali Akbar Shah UC Ali Akbar Shah Malir.,32,88,Approved,18.07.23,Jun-27,100.000,100.0,,2026-2027,
2866,PHEWS-PP-23-0005,2866,Water Supply Scheme with underground tank and with all equipments at Ilyas Goth Malir UC Chashma.,32,88,Approved,18.07.23,Jun-27,100.000,100.0,,2026-2027,
2867,PHEWS-PP-23-0006,2867,Providing & Laying of Water Supply Lines at Malir Karachi.,32,88,Approved,18.07.23,Jun-27,50.000,100.0,,2026-2027,
2868,PHEWS-PP-23-0008,2868,Providing & Installation of 200 Submersible Pumps for District Tharparkar (Phase-II) (Revised on 23.10.24),32,88,Approved,07.08.23,Jun-28,691.704,2.8,,2026-2027,
2869,PHEWS-PP-23-0010,2869,Additional source from K.G Canal for Urban Water Supply Scheme Makli,32,88,Approved,11.01.24,Jun-28,730.271,32.2,,2026-2027,
2870,PHEWS-PP-23-0011,2870,Additional source from K.G Canal for Urban Water Supply Scheme Thatta.,32,88,Approved,11.01.24,Jun-28,466.000,32.2,,2026-2027,
2871,PHEWS-PP-23-0014,2871,Water Supply & Drainage scheme i/c Paver Block at Village Muradani Taluka Ghorabari District Thatta,32,88,Approved,18.07.23,Jun-28,200.000,58.5,,2026-2027,
2872,PHEWS-PP-23-0021,2872,Water Supply Scheme Phase-ll Tando Allahyar,32,88,Approved,18.07.23,Jun-28,100.000,57.0,,2026-2027,
2873,PHEWS-PP-23-0024,2873,Rehabilitation of water supply scheme Rano Khoso District Jamshoro (Revised on 31.10.24),32,88,Approved,13.07.23,Jun-28,197.289,34.0,,2026-2027,
2874,PHEWS-PP-23-0025,2874,"Renovation / Rehabilitation of water supply scheme UC Bajara and UC Jhangara, Taluka Sehwan (Revised on 31.10.24) (Revised Date: 07-11-2025 Capital: 192.58 Revenue: 0.00 Total Cost: 192.58)",32,88,Approved,13.07.23,Jun-27,192.580,100.0,,2026-2027,
2875,PHEWS-PP-23-0026,2875,Construction of Water Supply Scheme Ghulam Muhammad Laghari and adjoining villages including drainage system Taluka Shahdadpur,32,88,Approved,14.07.23,Jun-27,195.000,47.1,,2026-2027,
2876,PHEWS-PP-23-0027,2876,"Installation of RO plants at UC Ikhlas Ali Shah, UC Sangrar, UC Nasarabad, Trighatti & Dhakhano Taluka Rohri (Revised on 27.09.24)",32,88,Approved,13.07.23,Jun-27,44.351,100.0,,2026-2027,
2877,PHEWS-PP-23-0028,2877,Construction of water Treatment Plant at New water works water supply scheme Rohri District Sukkur (Revised on 14.04.25),32,88,Approved,07.08.23,Jun-28,1109.857,18.7,,2026-2027,
2878,PHEWS-PP-23-0030,2878,Water Supply Scheme Chak No. 2 & Village Trighatti Taluka Rohri District Sukkur (Revised on 27.09.24),32,88,Approved,13.07.23,Jun-28,155.697,49.5,,2026-2027,
2879,PHEWS-PP-23-0031,2879,"Construction of Water Supply Schemes at Town Committee Kandhra, Taluka Rohri (Revised on 02.09.24)",32,88,Approved,13.07.23,Jun-27,319.910,100.0,,2026-2027,
2880,PHEWS-PP-23-0038,2880,"Construction of new Water supply schemes / repairing of water supply & Katcha water pond for drinking of public for Taluka Shahdadkot, city Shahdadkot Taluka Qubo Saeed Khan, Town Committee Qubo Saeed Khan & Taluka Sujawal Junejo.",32,88,Approved,03.04.24,Jun-27,75.000,100.0,,2026-2027,
2881,PHEWS-PP-23-0040,2881,Rural Water Supply Scheme for village Ber Shareef Taluka Kamber. (Revised Date: 06-11- 2025 Capital: 110.00 Revenue: 0.00 Total Cost: 110.00),32,88,Approved,04.03.24,Jun-27,110.000,100.0,,2026-2027,
2882,PHEWS-PP-23-0044,2882,Construction of Water Supply Scheme along with Filtration Plant at Garhi Khero (Revised on 09.12.24) (Revised Date: 09-12-2024 Capital: 855.58 Revenue: 0.00 Total Cost: 855.58),32,88,Approved,29.04.24,Jun-28,855.581,12.5,,2026-2027,
2883,PHEWS-PP-23-0045,2883,"Water Supply System in different UC’s of Taluka Sehwan & Manjhand, District Jamshoro (Revised on 30.01.25)",32,88,Approved,07.08.23,Jun-28,564.870,63.2,,2026-2027,
2884,PHEWS-PP-25-0001,2884,"Construction of under ground clear water tank & providing laying jointing & testing conveyence main PE pipe 10"" dia from KW & SB Conduit to UC Jaffar-e-Tayyar via Lal Shah Pumping Station Ghareebabad, Ammar-e-yasir Para & Adjoint areas of Malir Town District Malir",32,88,Approved,15.12.25,Jun-28,495.230,51.9,,2026-2027,
2885,PHEWS-PP-25-0002,2885,Providing water supply scheme for Kathore & Surrounding villages from Mole Dam,32,88,Approved,28.08.25,Jun-28,199.681,28.5,,2026-2027,
2886,PHEWS-PP-25-0003,2886,Improvement & Extension of Water Supply Schemes 48 Villages of Kathore District Malir,32,88,Approved,28.08.25,Jun-28,199.984,16.0,,2026-2027,
2887,PHEWS-PP-25-0004,2887,Repair & Rehabilitation of Water Supply Schemes & Sewerage in Karachi,32,88,Approved,28.08.25,Jun-28,198.689,28.7,,2026-2027,
2888,PHEWS-PP-25-0006,2888,"Construction of Surface Drain and Paving Block in Village Sher Khan Solangi, Waka Muhalla and New Bus Stand Town Sehwan Taluka District Jamshoro",32,88,Approved,19.12.25,Jun-28,70.000,22.5,,2026-2027,
2889,PHEWS-PP-25-0007,2889,Paver Block for Village Gul Mohammad Shah and New Abadi Town Sehwan Taluka Sehwan District Jamshoro,32,88,Approved,19.12.25,Jun-28,65.000,23.3,,2026-2027,
2890,PHEWS-PP-25-0008,2890,Repair and improvement water supply scheme at village Muhammad Raheem Balal District Matiari,32,88,Approved,28.08.25,Jun-27,20.000,100.0,,2026-2027,
2891,PHEWS-PP-25-0009,2891,"Providing Water Supply Facility to Village Hussainabad & Adjoining Areas, Taluka Jati.",32,88,Approved,28.08.25,Jun-27,20.000,100.0,,2026-2027,
2892,PHEWS-PP-25-0010,2892,"Water Supply Scheme for Union Committee 1 to 19, Municipal Corporation SBA",32,88,Approved,29.08.25,Jun-28,100.000,32.0,,2026-2027,
2893,PHEWS-PP-25-0011,2893,"Providing Drinking Water Supply & Disposal of Sludge/Waste Water Draiange Facility at Cadet College Kakar Taluka K.N Shah, District Dadu.",32,88,Approved,26.02.25,Jun-28,241.941,27.9,,2026-2027,
2894,PHEWS-PP-25-0012,2894,Improvement & Extension of Urban Water Supply Scheme Jam Nawaz Ali & Sinjhoro Town,32,88,Approved,15.12.25,Jun-28,250.000,15.3,,2026-2027,
2895,PHEWS-PP-25-0013,2895,Rehabilitation of urban water supply scheme Shahdadpur District Sanghar,32,88,Approved,29.08.25,Jun-28,100.000,19.5,,2026-2027,
2896,PHEWS-PP-25-0014,2896,"Water supply scheme village Keetari jamalani, muhammad Hashim para taluka dahli",32,88,Approved,19.12.25,Jun-27,27.088,100.0,,2026-2027,
2897,PHEWS-PP-25-0015,2897,"Construction of water supply and drainage at locoshed and machhar coloney MC Rohri, district Sukkur",32,88,Approved,26.08.25,Jun-28,100.000,7.0,,2026-2027,
2898,PHEWS-PP-25-0016,2898,"Construction of water supply and drainage at village Raza Goth UC Nau Raja and village Haji khan Ghunio , Kazi Muhallah UC Sangi, Taluka Pano Akil, district Sukkur",32,88,Approved,26.08.25,Jun-28,90.000,7.8,,2026-2027,
2899,PHEWS-PP-25-0018,2899,Providing & installing RO Plants in various Union Councils of District Larkano,32,88,Approved,25.08.25,Jun-28,250.000,52.8,,2026-2027,
2900,PHEWS-PP-25-0019,2900,"Improvement & Extension of Water Supply Scheme Badah Town, Taluka Dokri, District Larkana",32,88,Approved,22.09.25,Jun-28,397.470,52.1,,2026-2027,
2901,PHEWS-PP-25-0020,2901,"Extension of water supply facility for shahdadkot city from Warah Canal Source, , district Kambar Shahdadkot",32,88,Approved,10.11.25,Jun-28,2000.000,100.0,,2026-2027,
2902,PHEWS-PP-25-0021,2902,Extension and improvement of Water supply scheme to main Bazar areas and drainage with oxidation pond at UC Gath-har Taluka Kamber,32,88,Approved,26.08.25,Jun-28,120.000,18.3,,2026-2027,
2903,PHEWS-PP-25-0022,2903,"Installation of RO (Reverse Osmosis) Plants in Various UC`s of Hyder Chandio, Arzi Bhutto, Thouf Chosoul Taluka Sijawal Junejo [Ref#316]",32,88,Approved,18.08.25,Jun-27,60.000,100.0,,2026-2027,
2904,PHEWS-PP-25-0023,2904,A) Construction of CC Drains & Paver Blocks in various UCs of Taluka Miro khan B) Installation of RO (Reverse Osmosis) Plants in various UCs of Taluka Miro khan [Ref#317] 1) Construction of Paver Block & CC Drains:,32,88,Approved,18.08.25,Jun-27,190.000,100.0,,2026-2027,
2905,PHEWS-PP-25-0024,2905,"a) From mosque, Mian Shahid Hussain Tunio to Link Water Supply Miro khan City b) Naseem Wadho House to Ali Akbar House Latif Colony Mirokhan City c) Boundary Wall of Graveyard Hamadullah Hazoori Miro khan City. 2) Installation of RO Plant various",32,88,Approved,18.08.25,Jun-27,60.000,100.0,,2026-2027,
2906,PHEWS-PP-25-0025,2906,"locations in Miro khan City. [Ref#319] Installation of RO (Reverse Osmosis) Plants in Various UC`s of Abri , Jain Abro, Khairpur Juso, Lakha, Lashkari Chandio, Ranwati, Chhajra Taluka Kamber [Ref#322]",32,88,Approved,18.08.25,Jun-27,70.000,100.0,,2026-2027,
2907,PHEWS-PP-25-0026,2907,"Instalation of R/o Plants varins (07) Locations of Taluka Sijawal, Shahdadkot, Taluka, Kamber in Village, village Gul: M. Jarwar, village Allah Bux Laghari, village Menho khan Laghari, village Sahib khan Bhatti, village Abdul Rasool Brohi, village Suhrab Patojo, village Jumo khan Brohi [Ref#482]",32,88,Approved,18.08.25,Jun-27,50.000,100.0,,2026-2027,
2908,PHEWS-PP-25-0027,2908,"Paver Block, CC Drain of Taluka Miro Khan in Various UCs. Karira, Naderabad, Allahbad, Khaber Tharoo Wadhio, Misri Khan Chandio, Village Mukhdom Magsi, Village Bambo Khan Chandio [Ref#483]",32,88,Approved,18.08.25,Jun-27,50.000,100.0,,2026-2027,
2909,PHEWS-PP-25-0028,2909,"Instalation / Extension of water supply scheme village Hayat Khan Gopang, Construction of Drainge System, Paver Block Various UC'S Taluka Sijawal Junejo, UC Sijawal Junejo, UC Dighano Mahessar, UC Mastoi, UC Hyder Chandio, UC Arzi Bhutto. [Ref#484]",32,88,Approved,18.08.25,Jun-27,50.000,100.0,,2026-2027,
2910,PHEWS-PP-25-0029,2910,Installation of RO Plants in various locations (1) village kot Lal Bux Mahessar (2). Village Sher M. Israr (3). Village Baloch Khan Masti (4) village Guhram Lashari (5). Village m. Paryal Mughari (6) village Jumo khan Chandio (7) village Arzi Mughari [Ref#481],32,88,Approved,18.08.25,Jun-27,50.000,100.0,,2026-2027,
2911,PHEWS-PP-25-0030,2911,"Installation of RO (Reverse Osmosis) Plants in Various UC`s of Abri , Jain Abro, Khairpur Juso, Lakha, Lashkari Chandio, Ranwati, Chhajra Taluka Kamber [Ref#318]",32,88,Approved,18.08.25,Jun-27,190.000,100.0,,2026-2027,
2912,PHEWS-PP-25-0031,2912,"Provision of R.O Plants in Village Bakhar Karira, Village Raheem Bughio, Village Hussain Ali Isran, Village Tarai Abro, Village Lale Ja Bhan Taluka Bakrani [Ref#694]",32,88,Approved,18.08.25,Jun-27,50.000,100.0,,2026-2027,
2913,PHEWS-PP-25-0032,2913,"Provision of R.O Plants in Village Haji Khan Noonari Taluka Bakrani, Village Vechar, Fateh Muhammad Awan, Soonharo Gadhi, Chuttal Abro Taluka Dokri [Ref#695]",32,88,Approved,18.08.25,Jun-27,50.000,100.0,,2026-2027,
2914,PHEWS-PP-25-0033,2914,"Provision of R.O Plants in Village Haji Mashori, Village Ali Murad Chandio, Village Juman Chandio, Village Sechar Station & Village Jadam Shakh Taluka Dokri [Ref#696]",32,88,Approved,18.08.25,Jun-27,50.000,100.0,,2026-2027,
2915,PHEWS-PP-25-0034,2915,"Construction of Filter Plant at Village Banguldero, Village Zangeja, Village Thull Junejo, Village Allah Bux Hakro & Village Garhi Harsa of Taluka Ratodero [Ref#901]",32,88,Approved,18.08.25,Jun-27,50.000,100.0,,2026-2027,
2916,PHEWS-PP-25-0035,2916,"Construction of Filter Plant at Village Moaj Ali Brohi, Village Muhikumddin Brohi, Village Waris Dino Machhi, Village Siddique Panhyar, Village Sono Brohi of Taluka Ratodero [Ref#902]",32,88,Approved,18.08.25,Jun-27,50.000,100.0,,2026-2027,
2917,PHEWS-PP-25-0036,2917,"Construction of Filter Plant at Village Muhammad Waris Korkani, Village Ghulam Mustafa Jatoi, Village Muhammad Chhuttal Bhatti, Village Machhi Khan Brohi & Village Shadi Khan Brohi of Taluka Ratodero [Ref#903]",32,88,Approved,18.08.25,Jun-27,50.000,100.0,,2026-2027,
2918,PHEWS-PP-25-0037,2918,"Construction of Filter Plant at Village Aziz Ahmed Sasoli, Village Bhau Khan Kosh, Village Abdul Fatah Kosh, Village Jamsher Kawahi & Village Muhammad Ali Jalbani of Taluka Ratodero [Ref#904]",32,88,Approved,18.08.25,Jun-27,50.000,100.0,,2026-2027,
2919,PHEWS-PP-25-0038,2919,"Construction of Filter Plant at Village Wahid Bux Khan Bhutto, Village Basarddin Khoso, Village Kamal Khan Chandio, Village Aitbar Brohi & Village Peroz Ji Wandh of Taluka Ratodero [Ref#905]",32,88,Approved,18.08.25,Jun-27,50.000,100.0,,2026-2027,
2920,PHEWS-PP-25-0039,2920,Construction/installation of RO Plaint Water Supply in various Ucs of Taluka Jacoabad [Ref#359],32,88,Approved,18.08.25,Jun-27,60.000,100.0,,2026-2027,
2921,PHEWS-PP-25-0040,2921,Construction of Pucca Storage Tank for Improvement Execution of Urban Water Supply Scheme [Ref#842],32,88,Approved,18.08.25,Jun-27,50.000,100.0,,2026-2027,
2922,PHEWS-PP-25-0041,2922,"Water Supply Scheme at Village Khairo Machi, Ashique Thebo, Syed Muhalla, UC-Petaro & Samon Muhalla Taluka Kotri [Ref#568]",32,88,Approved,18.08.25,Jun-27,50.000,100.0,,2026-2027,
2923,PHEWS-PP-25-0042,2923,Construction of Deep Solar Bore 36 Nos. various Ucs Taluka Thana Bula Khan District Jamshoro [Ref#751],32,88,Approved,18.08.25,Jun-27,70.600,100.0,,2026-2027,
2924,PHEWS-PP-25-0043,2924,Water Supply Scheme Popat Goth Taluka Kotri District Jamshoro [Ref#753],32,88,Approved,18.08.25,Jun-27,131.600,100.0,,2026-2027,
2925,PHEWS-PP-25-0044,2925,"Installation 36 deep Tube Wells with solar system, Water supply in different Villages of Different 07 Union Councils Taluka Thana Bula Khan District Jamshoro. [Ref#803]",32,88,Approved,18.08.25,Jun-27,70.000,100.0,,2026-2027,
2926,PHEWS-PP-25-0045,2926,Water Supply Schemes. Tube Wells I/C Solar System & Surface Drain & Paver Block in Various Street of Sari City UC Sari & Villages Mole Taluka Thana Bula Khan District Jamshoro. [Ref#804],32,88,Approved,18.08.25,Jun-27,120.000,100.0,,2026-2027,
2927,PHEWS-PP-25-0046,2927,"Water Supply Scheme Village Umaid Ali Katchelo Village Badda, Village Waswani and Malik Qaiser UC Petaro Taluka Kotri District Jamshoro [Ref#737]",32,88,Approved,18.08.25,Jun-27,130.000,100.0,,2026-2027,
2928,PHEWS-PP-25-0047,2928,Water Supply Scheme Sikanderabad and Khanpur Railway Colony Ward 1 to 11 Municipal Committee Kotri Taluka Kotri District Jamshoro [Ref#739],32,88,Approved,18.08.25,Jun-27,54.000,100.0,,2026-2027,
2929,PHEWS-PP-25-0048,2929,Provision and Installation of Solar Submersible Pumps in various Areas of Taluka Thana Bula Khan [Ref#851],32,88,Approved,18.08.25,Jun-27,75.000,100.0,,2026-2027,
2930,PHEWS-PP-25-0049,2930,"Water Supply Scheme at Village Mangio Shoro, Murad Samo, Manjho Shoro & Siddique Shoro Taluka Kotri [Ref#564]",32,88,Approved,18.08.25,Jun-27,50.000,100.0,,2026-2027,
2931,PHEWS-PP-25-0050,2931,Rahabilitation of Water Supply scheme for villages Jakhro Usman Jakhro of surrounding villages [Ref#592],32,88,Approved,18.08.25,Jun-27,95.000,100.0,,2026-2027,
2932,PHEWS-PP-25-0051,2932,Provision of installation of ultra filtration plant in various villages of District Thatta [Ref#593],32,88,Approved,19.08.25,Jun-27,90.000,100.0,,2026-2027,
2933,PHEWS-PP-25-0052,2933,Installation of solar tube well at various locations in District Thatta [Ref#594],32,88,Approved,18.08.25,Jun-27,65.000,100.0,,2026-2027,
2934,PHEWS-PP-25-0053,2934,Construction of Rural Water Supply Scheme Village Abdul Sattar Shah and Tharo Gurmani [Ref#12],32,88,Approved,18.08.25,Jun-27,65.000,100.0,,2026-2027,
2935,PHEWS-PP-25-0054,2935,Construction of Rural Water Supply Scheme Village Jar [Ref#13],32,88,Approved,18.08.25,Jun-27,65.000,100.0,,2026-2027,
2936,PHEWS-PP-25-0056,2936,"Construction of new Water Supply Scheme in Village Mithal Khan Lund, Mehrab Khan Lund, Mitho Khan Lund UC-80, TMC Tando Fazal [Ref#493]",32,88,Approved,18.08.25,Jun-27,75.000,100.0,,2026-2027,
2937,PHEWS-PP-25-0057,2937,Construction of new water supply scheme in village Hussain Khan Thoro UC-60 TMC Tando Jam PS-61 [Ref#499],32,88,Approved,18.08.25,Jun-27,50.000,100.0,,2026-2027,
2938,PHEWS-PP-25-0058,2938,Construction of New water supply scheme Village Kaloo Khaskhali Seri UC-83 of TMC Tando Fazal PS-61 [Ref#500],32,88,Approved,18.08.25,Jun-27,50.000,100.0,,2026-2027,
2939,PHEWS-PP-25-0059,2939,Construction of New Water Supply Scheme in village Gul Muhammad Gopang and other UC- 56 TMC Tando Jam PS-61 [Ref#845],32,88,Approved,18.08.25,Jun-27,50.000,100.0,,2026-2027,
2940,PHEWS-PP-25-0060,2940,"Providing and Installing RO plant in various villages of Taluka Bulri Shah Karim, District Tando Muhammad Khan [Ref#602]",32,88,Approved,18.08.25,Jun-27,100.000,100.0,,2026-2027,
2941,PHEWS-PP-25-0061,2941,"Water Supply Line , Sewerage , Paver Block UC Sharpao , UC Muslimabad NA 230 District Malir [Ref#220]",32,88,Approved,19.08.25,Jun-27,100.000,100.0,,2026-2027,
2942,PHEWS-PP-25-0062,2942,"Water Supply Line , Sewerage , Paver Block UC Cattle Colony NA-230 District Malir [Ref#221]",32,88,Approved,19.08.25,Jun-27,50.000,100.0,,2026-2027,
2943,PHEWS-PP-25-0063,2943,"Water Supply Line , Sewerage , Paver Block UC Majeed NA-230 District Malir [Ref#222]",32,88,Approved,19.08.25,Jun-27,50.000,100.0,,2026-2027,
2944,PHEWS-PP-25-0064,2944,"Water Supply Line , Sewerage , Paver Block UC Saleh Muhammad NA-230 District Malir [Ref#223]",32,88,Approved,19.08.25,Jun-27,50.000,100.0,,2026-2027,
2945,PHEWS-PP-25-0065,2945,"Water Supply Line , Sewerage , Paver Block UC Ibrahim Hyderi, UC Ali Akber Shah PS-87 Malir Karachi [Ref#226]",32,88,Approved,19.08.25,Jun-27,100.000,100.0,,2026-2027,
2946,PHEWS-PP-25-0066,2946,"Water Supply Line , Sewerage , Paver Block UC Muzaffarabad PS-87 Malir Karachi [Ref#227]",32,88,Approved,19.08.25,Jun-27,100.000,100.0,,2026-2027,
2947,PHEWS-PP-25-0067,2947,"Water Supply Line , Sewerage , Paver Block UC Chashma PS-87 Malir Karachi [Ref#228]",32,88,Approved,19.08.25,Jun-27,50.000,100.0,,2026-2027,
2948,PHEWS-PP-25-0068,2948,"Water Supply Line , Sewerage , Paver Block UC Rehri PS-87 Malir Karachi [Ref#229]",32,88,Approved,19.08.25,Jun-27,50.000,100.0,,2026-2027,
2949,PHEWS-PP-25-0069,2949,"Installation of Water Supply Line & Sewerage Line in Yousuf Goth, Dawood Goth, Sajjan Goth, Hassan Goth, Sector 17/A, 17/B, 12/E, 14/A Saddam chowk Sector 11 Baldia Town in PS 111, District Kemari Karachi. [Ref#311]",32,88,Approved,19.08.25,Jun-27,90.000,100.0,,2026-2027,
2950,PHEWS-PP-25-0070,2950,Providing and laying / joinintng water supply lines and repair of old water supply lines and providing laying paver blocks and PS86 district malir [Ref#370],32,88,Approved,19.08.25,Jun-27,120.000,100.0,,2026-2027,
2951,PHEWS-PP-25-0071,2951,"Improvement & Extension of Water Supply Line and Construction of CC Paving, CC Block & Open Surface Drain at Village Khasai Taluka Manjhand District Jamshoro. [Ref#566]",32,88,Approved,19.08.25,Jun-27,50.000,100.0,,2026-2027,
2952,PHEWS-PP-25-0072,2952,"Improvement & Extension of Water Supply Line at Village Bhooro Rind, Mureed Khan Rind & Various Village of Taluka Manjhand District Jamshoro. [Ref#567]",32,88,Approved,19.08.25,Jun-27,60.000,100.0,,2026-2027,
2953,PHEWS-PP-25-0073,2953,"Water Supply Scheme Khanote Phase-II UC Khanote Taluka Manjhand, Districk Jamshoro [Ref#741]",32,88,Approved,19.08.25,Jun-27,57.000,100.0,,2026-2027,
2954,PHEWS-PP-25-0074,2954,Water Supply Scheme at Village Allah Bux Khoso Taluka Kotri [Ref#950],32,88,Approved,19.08.25,Jun-27,125.000,100.0,,2026-2027,
2955,PHEWS-PP-25-0075,2955,Construction of Water Supply & Drainage Scheme at Village Umaid Ali Dal [Ref#28],32,88,Approved,19.08.25,Jun-27,100.000,100.0,,2026-2027,
2956,PHEWS-PP-25-0076,2956,Construction of Water Supply & Drainage Scheme at Village Allahyar Khan Lund/ Shahnawaz Muhajir [Ref#31],32,88,Approved,19.08.25,Jun-27,50.000,100.0,,2026-2027,
2957,PHEWS-PP-25-0078,2957,"Water supply, Sewerage C.C paver and Earth work scheme of village Sardar Bux Kalhoro, Karal Mohalla and Bheel Mohalla [Ref#183]",32,88,Approved,21.08.25,Jun-27,50.000,100.0,,2026-2027,
2958,PHEWS-PP-25-0079,2958,"Water Supply Scheme of Village Shakeel Ahmed Narejo Abra Mohalla Jatoi Mohalla Kharal Mohalla, Jagerani Mohalla Saidi Lower Sewerage C.C paver Block and Earth work [Ref#184]",32,88,Approved,21.08.25,Jun-27,50.000,100.0,,2026-2027,
2959,PHEWS-PP-25-0080,2959,"Water supply, Sewerage and Earth work scheme of village Khadim Kharal, Mehar Jodh, Bhutta, Jinjhan [Ref#185]",32,88,Approved,21.08.25,Jun-27,50.000,100.0,,2026-2027,
2960,PHEWS-PP-25-0081,2960,"Water supply, sewerage C.C paver and Earth work scheme of village Bakhshan Jodh, Kalhora, Shanbani Bloch [Ref#186]",32,88,Approved,21.08.25,Jun-27,50.000,100.0,,2026-2027,
2961,PHEWS-PP-25-0082,2961,Installation and maintence of R.O Plants in Various Wards M.C Shikarpur [Ref#95],32,88,Approved,21.08.25,Jun-27,75.000,100.0,,2026-2027,
2962,PHEWS-PP-25-0083,2962,Installation / Maintaince of R.O Plants and Repair/ in various Wards of Khanpur CityTaluka Khanpur. [Ref#103] Providing Installing RO Plants. 1). Government,32,88,Approved,21.08.25,Jun-27,50.000,100.0,,2026-2027,
2963,PHEWS-PP-25-0085,2963,Girls Degree College Shikarpur. 2) Government Girls High School Hazari Gate Shikarpur. 3) Government Ganga Bai Women Hospital Shikarpur. 4)Kath Madi Near Boys Primary School Shikarpur. 5). Memon Mohalla Wagono Gate Shikarpur. 6) Old Sadar Near Mian House Shikarpur. 7) Amin Shah Chishti Muhalla Shikarpur 8) Mehar Shah Qubo,32,88,Approved,21.08.25,Jun-27,75.000,100.0,,2026-2027,
2964,PHEWS-PP-25-0086,2964,Shikarpur [Ref#362] Six RO Plants of various Villages and City NA- 193 Shikarpur [Ref#107],32,88,Approved,21.08.25,Jun-27,60.000,100.0,,2026-2027,
2965,PHEWS-PP-25-0087,2965,"Provisin of R.O Plant in Village Sobdar Gargani UC-Yaroo Lakhair, Construction of CC Drains, CC Block & Paver Blocks in various Villages of UC-Matto, Ariaja Town & Improvement & Extension of Drainage Scheme Bakrani [Ref#698]",32,88,Approved,21.08.25,Jun-27,50.000,100.0,,2026-2027,
2966,PHEWS-PP-25-0088,2966,Construction of Water Supply Scheme in Village Muhammad Hayat Khan Khooso U/C Manjhi and Village Raheem Bux Khooso U/C Cheel. [Ref#384],32,88,Approved,21.08.25,Jun-27,52.970,100.0,,2026-2027,
2967,PHEWS-PP-25-0089,2967,"Construction of Rural Water supply Scheme for village Rasaldar Cityr & Adab Hussain Golato, and Village Piyaro Khan Golo UC Rasaldar [Ref#385]",32,88,Approved,21.08.25,Jun-27,91.730,100.0,,2026-2027,
2968,PHEWS-PP-25-0090,2968,Construction of Rural Water supply Scheme for Village Sher Ali Khan Jakhrani UC Malguzar [Ref#386],32,88,Approved,21.08.25,Jun-27,60.090,100.0,,2026-2027,
2969,PHEWS-PP-25-0091,2969,Water Supply Scheme to Village Ghulam Hussain Along Adio Wah and Usman Khan Gulrani [Ref#821],32,88,Approved,21.08.25,Jun-27,130.000,100.0,,2026-2027,
2970,PHEWS-PP-25-0092,2970,"Water Supply Scheme Mian Muhammad Yousif Bharchundi, Waryo Machi and Ahsan Khoso TC Kashmore [Ref#830] Water Pipe Line Village Shakoor Abad 3 Kms",32,88,Approved,21.08.25,Jun-27,70.000,100.0,,2026-2027,
2971,PHEWS-PP-25-0093,2971,And Sollar Pump With Boring In Different Villages Of Taluka Kaloi (i) Dildar Paro Village Mehrab Ahemdani (II) Syed Khan Paro Lail Farm UC Phan (iii) Chandio Paro Village Jumoon Chandio UC Phant (iv) Qasam Paro [Ref#806],32,88,Approved,29.08.25,Jun-27,50.000,100.0,,2026-2027,
2972,PHEWS-PP-25-0094,2972,"Instalation of tube well in village Rarli UC Dhaklo and solar pump wih boring in different villages of Taluka Chhachhro, Hassan Rind Ji Dhani UC Tameer Hameer, Meghwar Paro Dhaklo, Yaqoob Sangrasi Paro Dhaklo, Janyani Paro Dhaklo, Bachal Nohri Paro Goongi [Ref#810]",32,88,Approved,29.08.25,Jun-27,80.000,100.0,,2026-2027,
2973,PHEWS-PP-25-0095,2973,Instalation of tube well in village Pochando Par UC Vejhiar and solar pump wih boring in different village of Taluka Mithi (i) Awais Paro Tigthio (ii) Village Mau Faqir & Meghwar Paro (iii) Bilawal Khan Joos Village Rehjrarro (iv) Jouaro Thakur Paro V [Ref#811],32,88,Approved,29.08.25,Jun-27,60.000,100.0,,2026-2027,
2974,PHEWS-PP-25-0096,2974,Installation of solar tube wells in various villages of Taluka Chachro & Mithi 1. Meenhal Bajeeer 2. Udani Sangarsi Paro. 3. Karimdino Ji Dhani 4. Hurgan Ji Dhani 5. Rarli Menghwar Paro 6. Chelhar Akhani Paro [Ref#758],32,88,Approved,29.08.25,Jun-27,126.000,100.0,,2026-2027,
2975,PHEWS-PP-25-0097,2975,Installation of solar tube wells in various villages of Taluka Islamkot & Chachro 1. Benazir Colony Islamkot 2. Shiv Colony Islamkot 3. Gorhyar 4. Vakryo Kolhi Paro 5. Megh Khawrya 6. Kantio Dal Paro 7. Morasyo Sameja 8. Godhyar Ilyas & Hakam Jeendani Paro [Ref#759],32,88,Approved,29.08.25,Jun-27,134.500,100.0,,2026-2027,
2976,PHEWS-PP-25-0098,2976,Installation of Solar Submersible Pumps for various villages in Taluka Nagarparkar (55 Units) [Ref#295],32,88,Approved,29.08.25,Jun-27,134.000,100.0,,2026-2027,
2977,PHEWS-PP-25-0099,2977,Installation of Solar Submersible Pumps for various villages in Taluka Dahi (30 Units) [Ref#296],32,88,Approved,29.08.25,Jun-27,150.000,100.0,,2026-2027,
2978,PHEWS-PP-25-0100,2978,Installation of Solar Submersible Pumps for Various Village in Taluka Chachro & Dahli (20 Units) Part-1 [Ref#191],32,88,Approved,29.08.25,Jun-27,100.000,100.0,,2026-2027,
2979,PHEWS-PP-25-0101,2979,Installation of Solar Submersible Pumps for Various Village in Taluka Chachro & Dahli (20 Units) Part-2 [Ref#192],32,88,Approved,29.08.25,Jun-27,100.000,100.0,,2026-2027,
2980,PHEWS-PP-25-0102,2980,"Installation of Solar Based Tube Wells i/c Pipe Line & RCC Reservoirs at Village Khiyar & Rohar Shahmir Samejo & Water Supply Pipe Line Scheme with RCC Tank for Existing Tube Well at Village Gadhro to Mose Ji Dhani, Talab Dhani, Jamal Dhani & Sadiya Paro [Ref#193]",32,88,Approved,29.08.25,Jun-27,50.000,100.0,,2026-2027,
2981,PHEWS-PP-25-0103,2981,Installation of solar pump with boring in different villages (I) Leeri Bheel UC Kantio (II) Village Borli Nahro Bheel (III) Bhagoo Bheel Ji Dhani UC Chelhar (IV) Village Sooram Bheel (V) Bheel Paro Satla (VI) Aaso ji Dhani UC Dhaklo (VII) Hale Ji Dhani U [Ref#339],32,88,Approved,29.08.25,Jun-27,80.000,100.0,,2026-2027,
2982,PHEWS-PP-25-0104,2982,RO Plants at various villages of District Shaheed Benazirabad [Ref#464],32,88,Approved,29.08.25,Jun-27,67.804,100.0,,2026-2027,
2983,PHEWS-PP-25-0105,2983,"R/O Plants Talka Hospital Sakrand, Village Yaar Muhammad Tanwari, Village Mir Khan Lighari , Village Wali Muhammad Unar, Village Mashakh, Village Hassan Jamali, Village Sahib Khan Jamali. [Ref#452]",32,88,Approved,29.08.25,Jun-27,50.000,100.0,,2026-2027,
2984,PHEWS-PP-25-0106,2984,"RO plant for village Qasim Rahoo, village Sardar Raza Muhammad Dahri & village Haji Ghulam Muhammad Raza Zardari, providing & fixing paver block in village Muhammad Ibrahim, Ghazi Khan Khaskheli, Dourai Maharand drainage system in various village of Taluka Qazi Ahmed [Ref#523]",32,88,Approved,29.08.25,Jun-27,50.000,100.0,,2026-2027,
2985,PHEWS-PP-25-0107,2985,"Installation of RO plant in village Khar & village Khatyan Dahri, providing, fixing paver block in , village Atur Mari, compound wall & store room at Eidgah of village Haji Juman Dahri [Ref#524]",32,88,Approved,29.08.25,Jun-27,60.000,100.0,,2026-2027,
2986,PHEWS-PP-25-0108,2986,Construction of Water Supply at various villages of Taluka Kot Ghulam Muhammad & Shujabad [Ref#517],32,88,Approved,29.08.25,Jun-27,160.000,100.0,,2026-2027,
2987,PHEWS-PP-25-0109,2987,"Construction of Open Surface Drains, CC Paver Blocks and Solar RO Plant at Village Al Imran Deh 106, UC Turk al Mari, Taluka Hussain Buksh Mari, District Mirpurkhas [Ref#576]",32,88,Approved,29.09.25,Jun-27,50.000,100.0,,2026-2027,
2988,PHEWS-PP-25-0110,2988,"Construction of Water Tank various Village of Taluka Sindh , Shujabad and Hussain Bux Mari [Ref#649]",32,88,Approved,29.08.25,Jun-27,100.000,100.0,,2026-2027,
2989,PHEWS-PP-25-0111,2989,"Construction of Water Tank at various villages of Taluka Kot Ghulam Muhammad, Digri & Shujabad [Ref#516]",32,88,Approved,29.08.25,Jun-27,180.000,100.0,,2026-2027,
2990,PHEWS-PP-25-0112,2990,Extension & Improvement of Water Supply scheme in Kot Meerus Landhi Deh 280 along with 07 Wards paver block scheme Kot Ghulam Taluka KGM District Mirpurkhas [Ref#573],32,88,Approved,29.08.25,Jun-27,50.000,100.0,,2026-2027,
2991,PHEWS-PP-25-0113,2991,Water Supply scheme village Shah Muhammad Kapri Deh 267 UC Khuda Dad along with Solar RO Plant at Village Mir Khuda Dad with Paver Block scheme Taluka KGM District Mirpurkhas [Ref#574],32,88,Approved,29.08.25,Jun-27,50.000,100.0,,2026-2027,
2992,PHEWS-PP-25-0114,2992,"Construction and rehabilitation of water supply scheme Chonro Bhurguri Derran, Ahmed Khan Bhurguri, Ghumman Kalro & Shah Muhammad Nohani [Ref#65]",32,88,Approved,29.08.25,Jun-27,100.000,100.0,,2026-2027,
2993,PHEWS-PP-25-0115,2993,"Construction of water supply scheme in village Saeed Khan Laghari, Dittal Laghari & Jalalabad [Ref#66]",32,88,Approved,29.08.25,Jun-27,50.000,100.0,,2026-2027,
2994,PHEWS-PP-25-0116,2994,"Installation of 10 No. of RO Plants at Village Mehar Ali Lashari, Deh 240. Village Chaudry Irshad Chaudhry Mansha Deh 244, Village Munawar Lashari Deh 225, Village Gahi Khan Lashari Deh 236, At Village Zahidabad Deh 101, Village Bhitaro Sharif deh 105 [Ref#646]",32,88,Approved,29.08.25,Jun-27,100.000,100.0,,2026-2027,
2995,PHEWS-PP-25-0117,2995,"Installation of RO Plant various location Taluka Sindhri, Shujabad & Hussain Bux Mari [Ref#648]",32,88,Approved,29.08.25,Jun-27,100.000,100.0,,2026-2027,
2996,PHEWS-PP-25-0118,2996,RO Plants at various villages of District Mirpurkhas [Ref#817],32,88,Approved,29.08.25,Jun-27,50.000,100.0,,2026-2027,
2997,PHEWS-PP-25-0119,2997,Drinking Water Tank of Taluka Digri & Jhudo [Ref#818],32,88,Approved,29.08.25,Jun-27,50.000,100.0,,2026-2027,
2998,PHEWS-PP-25-0120,2998,Installation of RO Plants at various villages of Taluka Jhudo [Ref#518],32,88,Approved,29.08.25,Jun-27,90.000,100.0,,2026-2027,
2999,PHEWS-PP-25-0121,2999,"Upgradation And Restoration Of Rural Water Supply Scheme Rahmore/ Pir Bachal Shah Taluka Kunri, District Umerkot [Ref#634]",32,88,Approved,29.08.25,Jun-27,119.913,100.0,,2026-2027,
3000,PHEWS-PP-25-0122,3000,"Upgradation And Restoration Of Rural Water Supply Scheme Soofi Ahmed Ali Dadro Taluka Kunri, District Umerkot [Ref#635]",32,88,Approved,29.08.25,Jun-27,64.537,100.0,,2026-2027,
3001,PHEWS-PP-25-0123,3001,Construction of Water Supply Scheme Abdul Aziz Arain UC Gapno & Pipeline for Water Supply Scheme i/c Construction of R.C.C Reservoirs for Village Amanullah Dars-Haji Tahir Shah Siyohee UC Faqir Abdullah Taluka & District Umerkot. [Ref#636],32,88,Approved,29.08.25,Jun-27,65.000,100.0,,2026-2027,
3002,PHEWS-PP-25-0125,3002,Construction of Clear Water Tank at Kolhi Daro in Umerkot town Taluka & District Umerkot. [Ref#928],32,88,Approved,29.08.25,Jun-27,184.683,100.0,,2026-2027,
3003,PHEWS-PP-25-0128,3003,"Constrition of water supply schemes for villages Gahi Khan Janwery, Amber, Sultan Bhatti, Improvement & Extension of water Supply Schemes Radhan Town Taluka Mehar. [Ref#75]",32,88,Approved,29.08.25,Jun-27,100.000,100.0,,2026-2027,
3004,PHEWS-PP-25-0129,3004,Constrition of water supply schemes for Villages Mir Muhammad Bhand & Qadir Bux Jatoi Taluka Meahr. [Ref#76],32,88,Approved,29.08.25,Jun-27,70.000,100.0,,2026-2027,
3005,PHEWS-PP-25-0130,3005,Constrition of water supply schemes for villages Dilu Khokhar & Umedo Dero Taluka Mehar. [Ref#77] Construction / Improvement & Extension of,32,88,Approved,29.08.25,Jun-27,80.000,100.0,,2026-2027,
3006,PHEWS-PP-25-0131,3006,Water Supply Scheme Chore & adjoining villages upper Qambar & Saith G Rasool Khoso & Water Supply Scheme village Mado Taluka KN Shah & Providing 2 Nos. Drinking water facility through tube wells on solar energy system near Dargah Aale Sain Shah Godrio at Perach Taluka Mehar [Ref#144],32,88,Approved,29.08.25,Jun-27,100.000,100.0,,2026-2027,
3007,PHEWS-PP-25-0132,3007,Provision of water supply scheme to following villages of Taluka Johi District Dadu. (i) Sobo Qambrani (ii) Ibrahim Rustamani (iii) Hasal Leghari (iv) Ghulam Nabi Leghari (v) Garhi Soomro (vi) Adam Leghari (vii) Dittal Leghari (viii) Sobho Doltani (ix) Rajo Gandho (Paryani Muhalla) (x) Jiand Khan Chandio [Ref#314],32,88,Approved,29.08.25,Jun-27,150.000,100.0,,2026-2027,
3008,PHEWS-PP-25-0133,3008,"Installation of Solar Powered Drinking water facilities for Villages of UC'S Shah Hassan, Chinni, Tando Rahim Khan, Wahi Pandhi and Adjoining Villages of Taluka Johi, District Dadu. (PS-83) [Ref#535]",32,88,Approved,29.08.25,Jun-27,100.000,100.0,,2026-2027,
3009,PHEWS-PP-25-0134,3009,"Installation of Solar Powered Drinking Water Facilities for Villages of UC'S Johi-II, Pir Mashaik and Adjoining Villages i/c fully covered Drainage (1000 ft) for Sabhago Panhwar, Taluka Johi, District Dadu. (PS-83) [Ref#536]",32,88,Approved,29.08.25,Jun-27,100.000,100.0,,2026-2027,
3010,PHEWS-PP-25-0135,3010,"Installation of Solar Powered Drinking Water Facilities For villages for UC'S Kamal Khan, Sawro, Thariri Jado Shaheed and adjoining villages Taluka Johi, District Dadu. (PS-83) [Ref#537]",32,88,Approved,29.08.25,Jun-27,100.000,100.0,,2026-2027,
3011,PHEWS-PP-25-0136,3011,"Installing Deep Hand Pump in various villages of Taluka Johi, District Dadu. (PS-83) [Ref#539]",32,88,Approved,29.08.25,Jun-27,50.000,100.0,,2026-2027,
3012,PHEWS-PP-25-0137,3012,"Providing Drinking Water Facility Through Tube Well on Solar Energy, at Water Supply Scheme Badani Khokhar Taluka Dadu, Providing & Installing R.O Plant at Mukhtiar Nagar, at Bhai Khan Lashari and at Dodani Jamali, Taluka Dadu. [Ref#782]",32,88,Approved,29.08.25,Jun-27,50.000,100.0,,2026-2027,
3013,PHEWS-PP-25-0138,3013,"Providing Drinking Water Facility Through Tube Well on Solar Energy, at Water Supply Scheme Khuda Bux Mohrai alongwith Surrounding Villages & Providing & Installing R.O Plant at Village Phakka & Village Kamal Panhwar, Taluka Dadu. [Ref#783]",32,88,Approved,29.08.25,Jun-27,50.000,100.0,,2026-2027,
3014,PHEWS-PP-25-0139,3014,"Providing Drinking Water Facility Through Tube Well on Solar Energy, at Water Supply Scheme at Chinjani alongwith Surrounding Villages & at Mahi Sohrabani, Asghar Guhramani, Dilshadani alongwith Surrounding Villages Taluka Johi. [Ref#784]",32,88,Approved,29.08.25,Jun-27,50.000,100.0,,2026-2027,
3015,PHEWS-PP-25-0140,3015,"Providing Drinking Water Facility Through Tube Well on Solar Energy, at Water Supply Scheme at Moosa Jamali, Joosani Jamali Villages & at Bago Khan Shahani Taluka Johi. [Ref#785]",32,88,Approved,29.08.25,Jun-27,50.000,100.0,,2026-2027,
3016,PHEWS-PP-25-0141,3016,"Providing Drinking Water Facility Through Tube Well on Solar Energy, at Water Supply Scheme at Ibrahim Chandio Village and Village Farooqabad Near Mureed Dero and Village Jalab Rind UC Wahi Pandhi Taluka Johi. [Ref#786]",32,88,Approved,29.08.25,Jun-27,50.000,100.0,,2026-2027,
3017,PHEWS-PP-25-0142,3017,"Providing Drinking Water Facility Through Tube Well on Solar Energy, at Water Supply Scheme at Village Gul Patel and Village Zahri Rustmani UC Wahi Pandhi Taluka Johi and & Providing & Installing R.O Plant at Village Shahmeer Gadhi and Village Sher Muhammad Babbar Taluka Johi. [Ref#787]",32,88,Approved,29.08.25,Jun-27,50.000,100.0,,2026-2027,
3018,PHEWS-PP-25-0144,3018,Rehabilitation of Water Supply and Drainage of Khoski City and provision of paver blocks at village Budho Dasti [Ref#436],32,88,Approved,09.10.25,Jun-27,50.000,100.0,,2026-2027,
3019,PHEWS-PP-25-0145,3019,Improvement & Extension Of Water Supply At Village Gulab Laghri UC Manak Laghri [Ref#640],32,88,Approved,28.08.25,Jun-27,80.000,100.0,,2026-2027,
3020,PHEWS-PP-25-0146,3020,"Provision of Pakka Water Tanks at Village Banhoo Mallah and Surrounding villages of Malak Ashtar, Ramazn Lund, Bacho Lund, Janjho Dal, Haji Naboo Mallah and Pagaro Abdul Rehman Mallah & Darya Khan Chandio [Ref#431]",32,88,Approved,28.08.25,Jun-27,50.000,100.0,,2026-2027,
3021,PHEWS-PP-25-0147,3021,"Provision of UF RO Plant at village Chak No. 12 (Mureed Chang) and Dargha Ahmed Rajo and Provision of Water Tansk Chak No. 47 and Surrounding Villages of Chak No. 16 , Chak No. 04 , Ashraf Khaskeli, Zainal Samejo, Vikio Raji and Kando Lund [Ref#434]",32,88,Approved,28.08.25,Jun-27,50.000,100.0,,2026-2027,
3022,PHEWS-PP-25-0148,3022,Installation of RO Plant at various villages [Ref#562],32,88,Approved,28.08.25,Jun-27,160.000,100.0,,2026-2027,
3023,PHEWS-PP-25-0149,3023,"Installation of UF plant at various villages Scheme for Drainage, Town Tando Bago Construction of paver block roads various Ucs Taluka Tando Bago / Badin / Talhar District Badin [Ref#563]",32,88,Approved,28.08.25,Jun-27,90.000,100.0,,2026-2027,
3024,PHEWS-PP-25-0150,3024,"Installation of R.O Plant's at Village Bakhsho Nizamani, Village Mevo Mandhrani, Village Ali Muhammad Bozdar, Village Umar Din Arain, Sim Sorhadi Stop [Ref#670]",32,88,Approved,28.08.25,Jun-27,50.000,100.0,,2026-2027,
3025,PHEWS-PP-25-0151,3025,"Improvement of Ware Supply Schemes, Ponds and Water Filter Plants [Ref#747]",32,88,Approved,28.08.25,Jun-27,100.000,100.0,,2026-2027,
3026,PHEWS-PP-25-0152,3026,Under Ground Tank water supply line with All Equipment at Khalifa jatt & DABLA PARA UC Rehri NA-230 District Malir [Ref#218],32,88,Approved,28.08.25,Jun-27,100.000,100.0,,2026-2027,
3027,PHEWS-PP-25-0155,3027,Construction of Water Supply & Drainage Scheme at Village Maal Khan Thebo [Ref#29],32,88,Approved,28.08.25,Jun-27,100.000,100.0,,2026-2027,
3028,PHEWS-PP-25-0156,3028,Construction of Drainage Scheme and Providing & Installing of Solar Powered RO Plant at Village Pir Jurial Shah ji Mari [Ref#30],32,88,Approved,19.12.25,Jun-27,50.000,100.0,,2026-2027,
3029,PHEWS-PP-25-0157,3029,Construction of Drainage Scheme Miyoon Yar Muhammad Thebo / Wanhyal Thebo [Ref#32],32,88,Approved,19.12.25,Jun-27,50.000,100.0,,2026-2027,
3030,PHEWS-PP-25-0158,3030,Construction of Drainage Scheme Village Mithoo Mirjat / Ibrahim Shah [Ref#33],32,88,Approved,19.12.25,Jun-27,50.000,100.0,,2026-2027,
3031,PHEWS-PP-25-0159,3031,Construction of Drainage Scheme Village Allah Rakhyo Pathan [Ref#35],32,88,Approved,19.12.25,Jun-27,50.000,100.0,,2026-2027,
3032,PHEWS-PP-25-0160,3032,Improvement & Extension of Water Supply Scheme Chamber Taluka Chamber District Tando Allahyar [Ref#254],32,88,Approved,28.08.25,Jun-27,50.000,100.0,,2026-2027,
3033,PHEWS-PP-25-0161,3033,Construction of Drainage Scheme Village Ditto Kalroo [Ref#34],32,88,Approved,19.12.25,Jun-27,50.000,100.0,,2026-2027,
3034,PHEWS-PP-25-0162,3034,Construction of Water Supply Scheme Missan Wadi Taluka Jhando Mari District Tando Allahyar [Ref#255],32,88,Approved,28.08.25,Jun-27,100.000,100.0,,2026-2027,
3035,PHEWS-PP-25-0163,3035,"Providing PC Pipe, LSR & Tanks for Water Supply Schemes Sahaho Palari, Kako Palari, Ali Bux Jakhro, Muqeem Palari, Hussain Khaskheli & Water Supply Scheme Qaisar Jakhro Taluka Thana Bula Khan, District Jamshoro [Ref#749]",32,88,Approved,09.10.25,Jun-27,50.250,100.0,,2026-2027,
3036,PHEWS-PP-25-0164,3036,"PE Pipe Distribution 4' & 3' Thana Ahmed Khan, Rehabilitation of 07 Nos: Tube Wells of Water Supply Scheme Thana Ahmed Khan, Water Supply Scheme Village Asghar Khaskheli Near Wadero Mal Khan Palari, Provide Water Supply Scheme with Deep Tube Well Submersible Pump of 3' dia and Solar Energy System 7.5 HP and Distribution pipe line of 3' dia for village Ghazi Khan Burro & Water Supply Scheme Thana Bulla Khan Taluka Thana Bula Khan District Jamshoro",32,88,Approved,09.10.25,Jun-27,77.240,100.0,,2026-2027,
3037,PHEWS-PP-25-0165,3037,"[Ref#750] Water Supply Scheme Village Dhani Bux Aloodani Khoso, Drainage Paver, CC Allah Bachayo Shoro, Jan Muhammad UC Allah Bachayo Shoro Taluka Kotri District Jamshoro [Ref#738]",32,88,Approved,28.08.25,Jun-27,50.000,100.0,,2026-2027,
3038,PHEWS-PP-25-0166,3038,"Water Supply Scheme at Village Pandhi Khan Tangyani, Ali Shair Tangyani, Qurban Tangyani, Khameso Niyalani, bilalwal Khoso & Mosa Mureedani Taluka Manjhand District Jamshoro. [Ref#565]",32,88,Approved,28.08.25,Jun-27,120.000,100.0,,2026-2027,
3039,PHEWS-PP-25-0167,3039,"Construction of Water Supply and Drainage, Paver Block, CC Block Village Unerpur Taluka Manjhand, District Jamshoro [Ref#742]",32,88,Approved,28.08.25,Jun-27,52.000,100.0,,2026-2027,
3040,PHEWS-PP-25-0168,3040,"Water supply, sewerage C.C paver and Earth work scheme of village Noor Muhammad s/o Lal Dino Kharal, Syed Murad Shah, Ujjan and Sadi stop [Ref#187]",32,88,Approved,22.08.25,Jun-27,50.000,100.0,,2026-2027,
3041,PHEWS-PP-25-0169,3041,"Installation of RO Plants No. 13 at Various Villages, Taluka Faiz Gunj [Ref#502]",32,88,Approved,22.08.25,Jun-27,105.000,100.0,,2026-2027,
3042,PHEWS-PP-25-0170,3042,Rehabilitation/Construction of water supply & drainage system of UC sahib khan Loond Taluka Mirpur Mathelo district Ghotki. (PS-20 Ghotki-III) [Ref#922],32,88,Approved,22.08.25,Jun-27,50.000,100.0,,2026-2027,
3043,PHEWS-PP-25-0171,3043,Providing of R.O Plants varius places of Town Committee Hingorija [Ref#94],32,88,Approved,26.08.25,Jun-27,50.000,100.0,,2026-2027,
3044,PHEWS-PP-25-0172,3044,Improvement Of Water Supply & Improvement Of Drainage & Provision Of Street Pavers At Town Committee Pangrio [Ref#643],32,88,Approved,16.09.25,Jun-27,50.000,100.0,,2026-2027,
3045,PHEWS-PP-25-0173,3045,Rehabilitation & Extension of Water Supply Scheme and Drainage of Town Rajo Khanani [Ref#664],32,88,Approved,16.09.25,Jun-27,100.000,100.0,,2026-2027,
3046,PHEWS-PP-25-0174,3046,"Installation of R.O Plants at Village Bakho Chandio, Ghulam Shah City, Village Ghulam Muhammad Chandio, Village Yousif Chawro, Village Sultan Seenhro [Ref#671]",32,88,Approved,16.09.25,Jun-27,50.000,100.0,,2026-2027,
3047,PHEWS-PP-25-0178,3047,"Installation of RO Plant at different villages, construction of Storage Tank at different villages of Taluka Shahdadpur and Dewatering Pumping Station Salinity Water Dispose of Taluka Shahdadpur District Sanghar [Ref#171]",32,88,Approved,16.09.25,Jun-27,56.400,100.0,,2026-2027,
3048,PHEWS-PP-25-0179,3048,Construction of Water Supply Scheme at Nusrat Canal to village Moula Bux Dahri via village Noor Muhammad Bhatti connected Taluka Shahdadpur District Sangarh UC Haji Daim Khan Dhamrah. [Ref#948],32,88,Approved,16.09.25,Jun-27,75.000,100.0,,2026-2027,
3049,PHEWS-PP-25-0180,3049,Construction of Water Supply Scheme at village Gul Baig Shar Taluka Shadadpur District Sangarh Main Shahpur Chakar to Sangarh Road. [Ref#949],32,88,Approved,16.09.25,Jun-27,50.000,100.0,,2026-2027,
3050,PHEWS-PP-25-0188,3050,"Providing and Installing R.O Plant 5000 Galon per day- Town Committee Mithiani UC Lett. UC Deparja UC New Jatoi, UC Abran, UC Thatt Goraho, UC Bhrty, Municipal Corporation Naushahro Feroze - Town Committee Paddidan. [Ref#774]",32,88,Approved,16.09.25,Jun-27,60.000,100.0,,2026-2027,
3051,PHEWS-PP-25-0189,3051,"Providing and Installing (R.O) Plant at Village Turta Arain UC Mehar Haji & Construction of Surface Drains , C.C Topping, Culverts, Paver Block & Other Relevant Work at Various Village’s of UC Lakha Road, UC Saeedpur, UC Naoabad, UC Mehar Haji, UC Jiando Rajoer & UC Hot Khan Jalbani Taluka & District Naushero Feroze [Ref#201]",32,88,Approved,16.09.25,Jun-27,70.000,100.0,,2026-2027,
3052,PHEWS-PP-25-0191,3052,"Providing Drinking Water Facility Through Tube Well on Solar Energy System, at Water Supply Scheme Hamzo Kolachi, Muzwar Channa, Shabbir Abad & Adjoining Villages Taluka K.N Shah & Providing Drinking Water Facility Through Tube Well on Solar Energy System, at Water Supply Scheme Essa Machhi Taluka K.N Shah. [Ref#962]",32,88,Approved,16.09.25,Jun-27,100.000,100.0,,2026-2027,
3053,PHEWS-PP-25-0192,3053,"Providing Drinking Water Facility Through Tube Well on Solar Energy System, at Water Supply Scheme Jhando Babar, Umed Ali Ghashkori & Adjoining Villages Taluka K.N Shah. &Providing Drinking Water Facility Through Tube Well on Solar Energy System, at Water Supply Scheme Muhammad Rind & Murad Palipoto Taluka K.N Shah & Improvement of water Supply Scheme Sita Taluka KN Shah [Ref#963]",32,88,Approved,16.09.25,Jun-27,100.000,100.0,,2026-2027,
3054,PHEWS-PP-25-0193,3054,"Providing Drinking Water Facility Through Tube Well on Solar Energy System, at Water Supply Scheme Essa Khan TheboTaluka K.N Shah & Providing Surface Drain co Block and Paving Block for village Essa khan Thebo & Providing Drinking Water Facility Through Tube Well on Solar Energy System, at Water Supply Scheme Hadiyo Khoso, & Adjoining",32,88,Approved,16.09.25,Jun-27,100.000,100.0,,2026-2027,
3055,PHEWS-PP-25-0194,3055,"Villages Taluka K.N Shah [Ref#964] Construction of Water Supply Scheme for Village Charo, Garkan, Khushal Machhi and Yaqoob Machhi Taluka Mehar . [Ref#965]",32,88,Approved,16.09.25,Jun-27,150.000,100.0,,2026-2027,
3056,PHEWS-PP-25-0195,3056,Improvement and Extension of Water supply and Drainage scheme Radhan Taulka Mehar [Ref#966],32,88,Approved,16.09.25,Jun-27,50.000,100.0,,2026-2027,
3057,PHEWS-PP-25-0196,3057,Improvement & Extension of Water Supply scheme Ghulamullah i/c Paver Block & Drainage at Ghulamullah City Taluka Mirpur Sakro [Ref#1061],32,88,Approved,16.09.25,Jun-27,150.000,100.0,,2026-2027,
3058,PHEWS-PP-25-0197,3058,Water supply scheme village Ali Muhammad Jat & surrounding Coastal Highway [Ref#1062],32,88,Approved,16.09.25,Jun-27,150.000,100.0,,2026-2027,
3059,PHEWS-PP-25-0198,3059,"Water supply scheme Haji Umar Otho, Kharochan & surrounding Taluka Keti Bundar [Ref#1063] Repair of Water Supply: Village Sanjhar",32,88,Approved,16.09.25,Jun-27,200.000,100.0,,2026-2027,
3060,PHEWS-PP-25-0201,3060,Bhatti;Repair of Water Supply: Village Umaid Ali Junejo;Construction of Solar Water Supply Scheme: Village Chhutta Khan Mastoi;Construction of Solar Water Supply: Village Rais Mirza Baig Magsi;Construction of Solar Water Supply Scheme: Village Rais Ali Dost Magsi [Ref#837],32,88,Approved,22.09.25,Jun-27,50.000,100.0,,2026-2027,
3061,PHEWS-PP-25-0202,3061,"Construction of Solar Water Supply: For Village Haibat Khan Magsi & Muhammad Malook Magsi;Construction of Solar Water Supply: For Village Kot Shah Baig;Construction of Solar Water Supply: Kachi Pull;Construction of Solar Water Supply: 9700 Pull;Construction of Solar Water Supply: Village Rais Allahdad Magsi Loung Rahoojo, Sahib Brohi Punhal Magsi & Mashooque Gadhi",32,88,Approved,22.09.25,Jun-27,50.000,100.0,,2026-2027,
3062,PHEWS-PP-25-0203,3062,"[Ref#838] Providing Water Supply (RO Plant), Paver block in street and drainage system in village Shahabad UC-5 Taluka and District Larkana [Ref#800]",32,88,Approved,22.09.25,Jun-27,125.000,100.0,,2026-2027,
3063,PHEWS-PP-25-0204,3063,"Providing Water Supply (RO Plant), Paver block in street and drainage system in village Muhammad Ali Maree (Bugti Baloch) UC-20 Taluka and District Larkana [Ref#801]",32,88,Approved,22.09.25,Jun-27,60.000,100.0,,2026-2027,
3064,PHEWS-PP-25-0207,3064,"Water supply & Drainage system for various UCs from UC 55,56,57,58,59,60 to 87 Taluka Rural Hyderabad District Hyderabad [Ref#300]",32,88,Approved,16.09.25,Jun-27,149.983,100.0,,2026-2027,
3065,PHEWS-PP-25-0208,3065,Provision of RO Plants 20 Nos i/c Solar Energy of Different Villages of Taluka Tando Adam District Sanghar [Ref#578],32,88,Approved,16.09.25,Jun-27,120.000,100.0,,2026-2027,
3066,PHEWS-PP-25-0209,3066,"Constriction of R.O Plant in Various Villages, UC'S Taluka Khipro, District Sanghar [Ref#175]",32,88,Approved,16.08.25,Jun-27,50.000,100.0,,2026-2027,
3067,PHEWS-PP-25-0213,3067,Construction of New Water works & PE rising main from Mithrao Canal Sanghar [Ref#247],32,88,Approved,16.09.25,Jun-27,200.000,100.0,,2026-2027,
3068,PHEWS-PP-25-0214,3068,Construction of New Water Supply Scheme feeding from Bhan Wah from Lohariro city Union Council Pir Kehore Taluka Sanghar [Ref#248],32,88,Approved,16.09.25,Jun-27,100.000,100.0,,2026-2027,
3069,PHEWS-PP-25-0215,3069,"Installation of RO Plants, Water Supply Schemes, Pever Block Schemes and Drainage for Various Villages of Taluka Mithi [Ref#725]",32,88,Approved,24.10.25,Jun-27,110.000,100.0,,2026-2027,
3070,PHEWS-PP-25-0216,3070,"Installation of RO Plants, Water Supply Schemes, Paver Block Schemes and Drainage for Various Villages of Taluka Kaloi [Ref#723]",32,88,Approved,16.09.25,Jun-27,170.000,100.0,,2026-2027,
3071,PHEWS-PP-25-0217,3071,"Installation of RO Plants, Water Supply Schemes, Paver Block Schemes and Drainage for Various Villages of Taluka Diplo [Ref#724]",32,88,Approved,16.09.25,Jun-27,120.000,100.0,,2026-2027,
3072,PHEWS-PP-25-0218,3072,Installation of RO Plant at village Sahi Jo Tar UC Khensar and Submersible Pumps at Various Villages of District Tharparkar [Ref#278],32,88,Approved,16.09.25,Jun-27,50.000,100.0,,2026-2027,
3073,PHEWS-PP-25-0219,3073,Upgradation of Water Supply Scheme Nangarparkar Town [Ref#46],32,88,Approved,29.09.25,Jun-27,200.000,100.0,,2026-2027,
3074,PHEWS-PP-25-0222,3074,Installation of Submersible Pumps at Various Villages / Locations of District Umerkot [Ref#276],32,88,Approved,16.09.25,Jun-27,50.000,100.0,,2026-2027,
3075,PHEWS-PP-25-0223,3075,Provision of 50 Solar Summersile Pumps in various Villages of District Umerkot [Ref#36],32,88,Approved,16.09.25,Jun-27,130.000,100.0,,2026-2027,
3076,PHEWS-PP-25-0224,3076,Improvement and extension of Rural Water Supply scheme Kharoro Charan and Improvement & Extension of water Supply scheme Samaro Road Taluka Samaro [Ref#929],32,88,Approved,16.09.25,Jun-27,62.334,100.0,,2026-2027,
3077,PHEWS-PP-25-0230,3077,Installation of RO Plants in Taluka Nawabshah [Ref#1024],32,88,Approved,29.09.25,Jun-27,60.000,100.0,,2026-2027,
3078,PHEWS-PP-25-0231,3078,Installation of RO Plants in Taluka Daur [Ref#1025],32,88,Approved,29.09.25,Jun-27,99.994,100.0,,2026-2027,
3079,PHEDR-PP-25-0232,3079,"Construction of CC Paver Village Manjanwaro, Village Nangwraow Daimwari and Village Shehzada, Taluka Khangarh [Ref#472]",32,88,Approved,24.10.25,Jun-27,50.000,100.0,,2026-2027,
3080,PHEWS-PP-25-0232,3080,Provision of R.O Plants i/c Solarized/water ponds/ extension of water supply schemes of various towns & Villages of Taluka Jam Nawaz Ali. District Sanghar [Ref#768],32,88,Approved,29.09.25,Jun-27,125.000,100.0,,2026-2027,
3081,PHEWS-PP-25-0233,3081,"Installation of R.O Plants at Village Hyder Bhurgari, Village Dewani Faqeer, Village Boharo Sahi Khan Laghari, Village Mian Pota, Village Miyoon Malook [Ref#669]",32,88,Approved,24.10.25,Jun-27,50.000,100.0,,2026-2027,
3082,PHEWS-PP-25-0234,3082,"Construction of Rural Water Supply Scheme for Village Haji Ibrahim Jat i/c surrounding UC Shah Bundar and Village Aamoon Mandhrio UC Salam Garh, Taluka Shah Bunder [Ref#969]",32,88,Approved,16.09.25,Jun-27,120.000,100.0,,2026-2027,
3083,PHEWS-PP-25-0235,3083,"Installation of UF Plants, water pound and paver blocks for various UCs namely Muhammad Khan Bhurgari, Abdullah Shah and Chaker Panhwar, Taluka Badin [Ref#728]",32,88,Approved,09.10.25,Jun-27,160.000,100.0,,2026-2027,
3084,PHEWS-PP-25-0236,3084,"Installation of UF Plants, water pound and paver blocks for various UCs namely Saeed Khan Bhurgari, Pir Bodlo, Dei Jarkas, Hayat Khaskeli, Khalifo Qasim and TC Khoski Taluka Tando Bago [Ref#729]",32,88,Approved,09.10.25,Jun-27,120.000,100.0,,2026-2027,
3085,PHEWS-PP-25-0237,3085,"Installation of UF plants, water pound and paver blocks for various Ucs namely Nindo and Mithi-III Taluka Badin [Ref#1077]",32,88,Approved,09.10.25,Jun-27,120.000,100.0,,2026-2027,
3086,PHEWS-PP-25-0238,3086,"Installation of UF plants, water pound and paver blocks for various Ucs namely Khan Shah, Mir Ghulam Muhammad, Sarang Fakeer, Saman Sarkar, Malkani, Pahar Mari Taluka Tando Bado [Ref#1078]",32,88,Approved,09.10.25,Jun-27,100.000,100.0,,2026-2027,
3087,PHEWS-PP-25-0240,3087,"Providing and Installing RO plant in various Villages Of Taluka Tando Muhammad Khan, District Tando Muhammad Khan [Ref#603]",32,88,Approved,09.10.25,Jun-27,75.000,100.0,,2026-2027,
3088,PHEWS-PP-25-0241,3088,"Providing and Installing RO plant in various Villages Of Taluka Tando Ghulam Hyder, District Tando Muhammad Khan [Ref#604]",32,88,Approved,09.10.25,Jun-27,75.000,100.0,,2026-2027,
3089,PHEWS-PP-25-0244,3089,"Installation of RO Plants for UC Dhandhi, UC Nasirabad & UC Sangrar, Taluka Rohri District Sukkur [Ref#1012]",32,88,Approved,09.10.25,Jun-27,125.000,100.0,,2026-2027,
3090,PHEWS-PP-25-0245,3090,Construction / Rehabilitation of Water supply schemes for various village of NA-201 & Construction of surface drains & paving blocks for Saleh Pat Town District Sukkur [Ref#1066],32,88,Approved,09.10.25,Jun-27,170.000,100.0,,2026-2027,
3091,PHEWS-PP-25-0246,3091,Installation of RO plants for UC Naro Hamthar & UC Mubarakpur Taluka Pano Akil District Sukkur [Ref#1067] Water Supply Scheme at various villages,32,88,Approved,09.10.25,Jun-27,125.000,100.0,,2026-2027,
3092,PHEWS-PP-25-0247,3092,"Sikandar Khan Jatoi, Mithal Khan Jatoi, Shaheed Khan Jatoi, Rasool Bux Jatoi, Zubair Khan Jatoi, Chandi Khan Jatoi, Muhammad Bux Jatoi, Fakir Ali Mardan Jatoi, Dost Muhammad Jatoi & Surraondings, Taluka & District Khairpur [Ref#459]",32,88,Approved,24.10.25,Jun-27,96.000,100.0,,2026-2027,
3093,PHEWS-PP-25-0248,3093,Construction of Solar Water Supply: Village Bashir Ladhani;Construction of Solar Water Supply: For Village Fazal Muhammad Kamboh & Khuhawar House & Khosa House;Construction of Solar Water Supply: Village Gorage;Construction of Solar Water Supply: Village Zar Buriro;Construction of Solar Water Supply: Village Sikandar Ali Magsi & Haji Muhammad Hebtani Magsi,32,88,Approved,30.09.25,Jun-27,50.000,100.0,,2026-2027,
3094,PHEWS-PP-25-0249,3094,[Ref#839] Construction of Paver Block & CC Drains in various UCs of Taluka Qubo Saeed Khan Shahdadkot [Ref#836],32,88,Approved,24.10.25,Jun-27,50.000,100.0,,2026-2027,
3095,PHEWS-PP-25-0250,3095,Repair of Water Supply: For Extention of Pipline for Qubo City;Repair of Water Supply: For Extention of Pipline for Sijawal Junejo City;Construction of Solar Water Supply: Village Chakar Sultan;Construction of Solar Water Supply: Village Ghulam Rasool Magsi;Construction of Solar Water Supply:,32,88,Approved,24.10.25,Jun-27,50.000,100.0,,2026-2027,
3096,PHEWS-PP-25-0251,3096,"Village Luqman Siyal [Ref#840] Providing Water Supply (RO Plant), Paver block in street and drainage system in village Allah Warayo Jarwar UC Dhoree, Taluka Qubo Saeed Khan District Kambar [Ref#802]",32,88,Approved,24.10.25,Jun-27,65.000,100.0,,2026-2027,
3097,PHEWS-PP-25-0252,3097,Water Supply Schemes in various UCs of Taluka Kamber [Ref#881],32,88,Approved,24.10.25,Jun-27,95.000,100.0,,2026-2027,
3098,PHEWS-PP-25-0253,3098,Installation of Solar Submersible Pumps in various villages of Taluka Diplo & Kaloi [Ref#1052],32,88,Approved,24.10.25,Jun-27,62.500,100.0,,2026-2027,
3099,PHEWS-PP-25-0254,3099,"Installation of Solar Submersible Pumps in various villages in Taluka Mithi, Islamkot & Chachro [Ref#1053]",32,88,Approved,24.10.25,Jun-27,62.500,100.0,,2026-2027,
3100,PHEWS-PP-25-0255,3100,Improvement & Extension of Urban Water Supply Scheme Nawabshah [Ref#1021],32,88,Approved,24.10.25,Jun-27,142.789,100.0,,2026-2027,
3101,PHEWS-PP-25-0256,3101,"Installation of RO plants (village Faiz Muhammad Pathan, UC Abdullah Khan Lund & village Khadim Hussain Shar [Ref#1032]",32,88,Approved,24.10.25,Jun-27,20.000,100.0,,2026-2027,
3102,PHEWS-PP-25-0257,3102,Construction of water tanks in different villages of taluka kunri & taluka umerkot. [Ref#637],32,88,Approved,07.11.25,Jun-27,99.598,100.0,,2026-2027,
3103,PHEWS-PP-25-0258,3103,Installation of Solar Submersible Pumps for various villages in Taluka Chachro (24 Units) District Tharparkar [Ref#294],32,88,Approved,07.11.25,Jun-27,113.380,100.0,,2026-2027,
3104,PHEWS-PP-25-0259,3104,Installation of Solar submersible pumps at Taluka Nangarparkar and Chacharo [Ref#47],32,88,Approved,07.11.25,Jun-27,80.000,100.0,,2026-2027,
3105,PHEWS-PP-25-0260,3105,"Installation of Solar submersible pumps at Taluka Nagarparkar, District Tharparkar [Ref#1092]",32,88,Approved,07.11.25,Jun-27,170.000,100.0,,2026-2027,
3106,PHEWS-PP-25-0261,3106,Installation of Solar submersible pumps for various villages in Taluka Chachro (22 Units) District Tharparkar [Ref#1093],32,88,Approved,07.11.25,Jun-27,102.620,100.0,,2026-2027,
3107,PHEWS-PP-25-0262,3107,Rural Water Supply Scheme for Mir Muhammad Salah Shahlayani Jamali Taluka Gharhi Khairo District Jacobabad [Ref#340],32,88,Approved,07.11.25,Jun-27,50.000,100.0,,2026-2027,
3108,PHEWS-PP-25-0263,3108,Establishment of New Phase-III and Improvement of Existing Phase-I & II @ Urban Water Supply Scheme Kunri Town. [Ref#629],32,88,Approved,29.09.25,Jun-27,199.943,100.0,,2026-2027,
3109,PHEWS-PP-25-0264,3109,Providing & Installing Small Submersible Pumps on Solar Based Energy (48.0 Nos) in Various Places of Taluka Umerkot & District Umerkot [Ref#630],32,88,Approved,29.09.25,Jun-27,80.000,100.0,,2026-2027,
3110,PHEWS-PP-25-0265,3110,"Providing & Installing Submersible Pumps & Reservoir in Union Council Khokhrapar, Sekhro, Kaplor, Mehandray Jo Par & Kacholi of Taluka Umerkot & District Umerkot [Ref#631]",32,88,Approved,29.09.25,Jun-27,50.000,100.0,,2026-2027,
3111,PHEWS-PP-25-0266,3111,"Installation of Solar Power RO Plants Qty 10 in various villages of NA-209, District Sanghar [Ref#249]",32,88,Approved,29.09.25,Jun-27,100.000,100.0,,2026-2027,
3112,PHEWS-PP-25-0267,3112,Provision of R.O Plants i/c Solarized/water ponds/ extension of water supply schemes of various towns & Villages of Taluka Sinjhoro. District Sanghar [Ref#769],32,88,Approved,29.09.25,Jun-27,125.000,100.0,,2026-2027,
3113,PHEWS-PP-25-0268,3113,Constriction of water tank at various villages UC’S Taluka Khipro and Taluka Sanghar [Ref#172],32,88,Approved,29.09.25,Jun-27,50.000,100.0,,2026-2027,
3114,PHEWS-PP-25-0269,3114,Improvement & Extension water Supply scheme of Khaan and Patoyoon Taluka Sindhri District Mirpurkhas [Ref#575],32,88,Approved,29.09.25,Jun-27,50.000,100.0,,2026-2027,
3115,PHEWS-PP-25-0270,3115,Construction of Additional Storage Tank and 06 Nos. of water dispensing stations and Rehabilitation of Existing Filtration Plant at Digri Town [Ref#816],32,88,Approved,07.11.25,Jun-27,50.000,100.0,,2026-2027,
3116,PHEWS-PP-25-0272,3116,Installation of RO Plant various locations Mirpurkhas City [Ref#647],32,88,Approved,29.09.25,Jun-27,100.000,100.0,,2026-2027,
3117,PHEWS-PP-25-0273,3117,"Deep pump for Drinking Water with Solar & Summar for Hard Areas of UC Shalmani, UC Amri, UC Jhangara & UC Bajara District Jamshoro [Ref#1097]",32,88,Approved,24.12.25,Jun-27,71.070,100.0,,2026-2027,
3118,PHEWS-PP-25-0274,3118,Water Supply Scheme Drinking Facilities for Villages of Taluka Manjhand and Taluka Sehwan District Jamshoro [Ref#1098],32,88,Approved,24.12.25,Jun-27,114.100,100.0,,2026-2027,
3119,PHEWS-PP-25-0275,3119,"Renovation / Repair of Water Supply Scheme of Village Usman Solangi, UC Shaikh Taluka Sehwan District Jamshoro [Ref#1099]",32,88,Approved,24.12.25,Jun-27,66.480,100.0,,2026-2027,
3120,PHEWS-PP-25-0276,3120,Water Supply Schemes for Villages of UC Jhangara Taluka Sehwan District Jamshoro [Ref#1100],32,88,Approved,24.12.25,Jun-27,68.244,100.0,,2026-2027,
3121,PHEWS-PP-25-0277,3121,Construction of New Sources at Ban Wah (Mithrao Canal) for Urban Water Supply Scheme Pithoro Town District Umerkot [Ref#925],32,88,Approved,09.03.26,Jun-27,299.883,100.0,,2026-2027,
3122,PHEWS-PP-25-0278,3122,Providing / Installation total no. 16 RO Plants (5000 GPD) with solar system at 16 locations in Taluka Ghotki [Ref#238],32,88,Approved,21.11.25,Jun-27,125.000,100.0,,2026-2027,
3123,PHEWS-PP-25-0279,3123,"RO Plants for the following UCs:- 1. Changlani 2. Hussain Bali 3. Jamal 4. Muhammad Pure 5. Qadir Pure, 6.Adil Pure, 7.Ruk, 8.Bandh [Ref#1015]",32,88,Approved,21.11.25,Jun-27,130.000,100.0,,2026-2027,
3124,PHEWS-PP-25-0280,3124,"Water Supply Scheme for various wards of Town Committee Khangarh at Khanpur Mahar, Taluka Khangarh [Ref#919]",32,88,Approved,21.11.25,Jun-27,150.000,100.0,,2026-2027,
3125,PHEWS-PP-25-0282,3125,"Providing Drain and Paver block facility at various wards of Town Committee Khangarh at Khanpur Mahar, Taluka Khangarh [Ref#1095]",32,88,Approved,21.11.25,Jun-27,100.000,100.0,,2026-2027,
3126,PHEWS-PP-25-0283,3126,Providing of 100 Solar Pumps in District Umerkot,32,88,Approved,09.03.26,Jun-28,245.908,2.8,,2026-2027,
3127,PHEWS-PP-25-0284,3127,"Improvement of Water Supply Scheme at Fly Over M-9 Super Highway for Bulk Water Supply Scheme Taluka Gadap (Providing and fixing pe pipe 0' - 18"" Dia)",32,88,Approved,09.03.26,Jun-28,19.386,100.0,,2026-2027,
3128,PHEWS-PP-25-0285,3128,Construction of RO Plant for UC Pir Ikhlas Shah Taluka Rohri,32,88,Approved,11.05.26,Jun-28,99.615,7.0,,2026-2027,
3129,PHEWS-PP-25-0286,3129,Installation of RO Plants in UC Wahur Taluka Sehwan District Jamshoro,32,88,Approved,04.06.26,Jun-28,35.613,50.5,,2026-2027,
3130,PHEWS-PP-25-0288,3130,Instalation of tube well in (i) Village Sil Bheel UC Vejhiar (ii) Village Pade Ral UC Dhaklo (iii) Village Akliyoon Sameja UC Kantio [Ref#809],32,88,Approved,06.05.26,Jun-27,60.000,100.0,,2026-2027,
3131,PHEWS-PP-25-0297,3131,Paver Block and Drainage scheme in various villages of Taluka Faiz Ganj/Mirwah/Sobho Dero Part-I [Ref#503],32,88,Approved,22.09.25,Jun-27,160.000,100.0,,2026-2027,
3132,PHEWS-PP-25-0298,3132,Paver block & drainage schemes in various of Taluka Faiz Ganj / Mirwah Sobho Dero Part-II [Ref#1060],32,88,Approved,22.09.25,Jun-27,185.000,100.0,,2026-2027,
3133,PHEWS-PP-25-0271,3133,"Construction of Water Supply Scheme Based on (Slow Sand Filtration System), Drainage System I/C Paver Block and Solar Lights in various at Villages of UC Sanjar Chang, UC Landhi and UC Darya Khan Mari District Tando Allahyar.",32,88,Approved,09.02.26,Jun-27,827.002,0.8,,2026-2027,
3134,PHEWS-PP-25-0287,3134,Rehabilitation / repair of proposed filter plants taluka Sehwan District Jamshoro,32,88,Approved,04.06.26,Jun-28,278.760,25.1,,2026-2027,
3135,RDDCO-PP-21-1154,3135,"Reconditioning of Road from Village Khairo Dhero to Village Allah Bux Hakro via Lashari Bridge including Paver Block and CC Drain, Taluka Ratodero.",32,89,Approved,26.10.21,Jun-27,110.000,100.0,,2026-2027,
3136,RDDCO-PP-23-0171,3136,Construction / Rehabilitation of Road Including Paver Block & Drainge in UC Dhandi (Revised on 13.12.24),32,89,Approved,18.07.23,Jun-27,130.000,100.0,,2026-2027,
3137,RDDCO-PP-23-0172,3137,Construction / Rehabilitation of Road Including Paver Block & Drainge in UC Sangrar (Revised on 13.12.24),32,89,Approved,18.07.23,Jun-27,130.000,100.0,,2026-2027,
3138,RDDCO-PP-23-0189,3138,Construction of 12 feet wide Link Road from main Gadap road at Liaquat Milat Chowk Stop to Baqai Cadet College Karachi,32,89,Approved,03.05.24,Jun-27,14.850,100.0,,2026-2027,U/R
3139,RDDCO-PP-25-0001,3139,Construction / Improvement of Roads of UC Shalmani & UC Amri & Sann Taluka Manjhand & Taluka Sehwan,32,89,Approved,23.10.25,Jun-27,180.000,33.9,,2026-2027,
3140,RDDCO-PP-25-0002,3140,Construction of road from M-9 Motorway Kathor More to Haji Ibrahim Goth with Street Lights,32,89,Approved,09.03.26,Jun-27,417.340,61.5,,2026-2027,
3141,RDDCO-PP-25-0003,3141,Construction of Road & Bridge from Bhiro Wah to Village Achar Mangrio via Village Arbab Shaikh via VillageSain Dino Mangrio via Bilawal Gabol via Village Abdul Raheem Gabol UC Sangrar Taluka Rohri District Sukkur,32,89,Approved,23.10.25,Jun-27,86.621,47.6,,2026-2027,
3142,RDDCO-PP-25-0004,3142,Reconditioning / Widening of road from Village Abdullah Lakhan left side of Bundh minor i/c approaches to Village Peeral Sanghar Upto Mubarak Lakhan District Ghotki,32,89,Approved,23.10.25,Jun-27,24.144,100.0,,2026-2027,
3143,RDDCO-PP-25-0005,3143,"Construction of road from OGDCL Ayoub Lakhan Road to Mohalla Korho Khan Lakhan, Mistri Abdul Haq House of Aijaz Ahmed Lakhan District Ghotki",32,89,Approved,23.10.25,Jun-27,9.681,100.0,,2026-2027,
3144,RDDCO-PP-25-0006,3144,"Construction of link road from Village Kadir Sanjrani link road to Village Mehboob-Ul-Haq Sanjrani Deh Kulan Taluka Shahpur Chakar District Sanghar Bridges Jati 2R Sim Naali @ Pir Dino Mallah, 1R Sim @ Karoo Ghoongro, Bridge @ Sim to",32,89,Approved,23.10.25,Jun-27,30.000,100.0,,2026-2027,
3145,RDDWS-PP-25-0006,3145,"Village Haji Suleman Jat, Bridge @ 1R Karo Ghoongro Sim Drain along road Sidhu Mandhro, Bridge @ Sim Naali 4R Vilalge Mir Muhammad Mallah, Bridge @ Malia wah to Village Haji Hussain Maliho ,Bridge @ Paban Naali RD-7. Bridges Shah Bander Bridge @ Khanto Wah to Village Muhammad Jalbani, Bridge @ Mir Wah Village Haji Muhammad",32,89,Approved,14.10.25,Jun-27,100.000,100.0,,2026-2027,
3146,RDDCO-PP-25-0007,3146,"Abbasi, Bridge @ Mir Wah Village Khuda Bux Shaikh. [Ref#855] Rehabilitation/construction of metallic road from Tando Adam Jhol Road to Village Raheemabad i.c various links Taluka Tando Adam District Sanghar",32,89,Approved,10.02.26,Jun-27,25.000,100.0,,2026-2027,
3147,RDDCO-PP-25-0008,3147,Construction of Road from Main Road to Village Akber Dars District Mirpurkhas,32,89,Approved,23.10.25,Jun-27,16.000,100.0,,2026-2027,
3148,RDDCO-PP-25-0009,3148,"Construction / Rehabilitation of roads in Taluka Sakrand, Daur, Nawabshah & Kazi Ahmed District SBA",32,89,Approved,23.10.25,Jun-27,140.000,41.1,,2026-2027,
3149,RDDCO-PP-25-0010,3149,Repair / Maintenance of Roads link road Aminani -Abu Talib Shah to village Sajan Bughio Taluka & District Dadu,32,89,Approved,23.10.25,Jun-27,20.000,100.0,,2026-2027,
3150,RDDCO-PP-25-0011,3150,"Construction of CC and Paving Block Roads in various location of Taluka Samaro, Pithoro and Umerkot, District Umerkot",32,89,Approved,23.10.25,Jun-27,78.500,51.0,,2026-2027,
3151,RDDCO-PP-25-0039,3151,"Repairing of existing Bridges as well as Construction of New Bridges [Ref#745] Bridges Village Sheir Khan Brohi, Nari Chach",32,89,Approved,14.10.25,Jun-27,100.000,100.0,,2026-2027,
3152,RDDCO-PP-25-0041,3152,"Village Gul Muhammad Mirbahar, Village Mitho Khan Birmani, Village Jam Jalil Jonejo, Village Molvi Ashraf Jat Naseer wah, Village Syed & Jat Khanti wah, Village Abbas Kehar, Village Bachal Shah, Village Noman, Village Nawaz Ali. [Ref#860]",32,89,Approved,14.10.25,Jun-27,50.000,100.0,,2026-2027,
3153,RDDCO-PP-25-0042,3153,"Bridges Bridge @ Jeelani Shakh to Village Haji Wado Rind, Bridge @ Gunj Behar wah to Village Haji Moosa Khatti, Bridge @ 4R Sim to Village Malook Burgri, Bridge @ Sim Naali to Village Vasu Lojo, Bridge @ Jaffar wah to Village Allah Bachayo Sodo, Bridge @ Baghar Wah to Village Ibrahim Parehar, Bridge @ Saeeda wah to Village Dar Malook Shah, Bridge @ Ghari wah to Village Amoon Samejo, Bridge @ Shaikha wah to Village Saleh Muuhammad Abro, Bridge @ Mehmooda wah to Village Qasim Bukero, Brige @ Hyder wah to Village Jalal Kharik, Brige @ Hyder wah to Village Nabi Bux Kharik, Brige @ Hyder wah to Village Dilshad Kharik, Bridge @ Jafra wah to Village Haji Hashim Sodho, Bridge @ Sim Naali to Village Uris Kandra, 03 Calvert @ Village Pandhi Khaskheli, Bridge @ Bosano Wah Village Shakoor Samoon, Bridge@ Raj Wah to Village Hussain Kanpai, Bridge @ Raj Wah to Village",32,89,Approved,14.10.25,Jun-27,80.000,100.0,,2026-2027,
3154,RDDCO-PP-26-0001,3154,"Ghulam Raza Samoon, Bridge @ Raj wah to Village Molvi Saleh Muhammad Jakhro, Bridge @ Nangan Sim to Village Sahib Dino Pusio & various villages of district Sujawal. [Ref#866] Rehabilitation of 3Km link road from Begu Kaka to Agro Rahu Taluka Saeedabad District Matiari",32,89,Approved,04.05.26,Jun-28,58.138,34.4,,2026-2027,
3155,RDDHC-PP-16-0138,3155,"Electrification of Off Grid areas through Solar Technology, Schools & Villages (R:2000.000) (SDG # 7)",32,90,Approved,12.06.15,Jun-27,2000.000,89.9,,2026-2027,
3156,RDDHC-PP-17-0258,3156,"Installation of Solar Lights in Rural Sindh, Phase-II (R:1531.000) (SDG # 7)",32,90,Approved,09.07.17,Jun-27,1531.000,49.0,,2026-2027,
3157,PHEDR-PP-22-1197,3157,"Solar Scheme Sim Nalo Drain Khamiso Masi, Taluka Hospital Sakrand, Taluka Hospital Qazi Ahmed, RHC Mehrabpur Govt. Higher Secondary School Nawab Wali Muhammad and Sakrand/Qazi Ahmed Schools (SGD #6)",32,90,Approved,23.10.25,Jun-27,100.000,40.0,,2026-2027,
3158,RDDHC-PP-22-1351,3158,"Installation of Solar Lights in Rural Sindh (SDG # 7) (Missing scheme ADP 2017-18, Sr. No. 2265)",32,90,Approved,12.06.15,Jun-27,3296.000,94.7,,2026-2027,
3159,RDDHC-PP-23-0233,3159,"Uplifting Village Jadani Panhwar and Peeral Panhwar, UC Wahur,Taluka Sehwan as Model village, District Jamshoro",32,90,Approved,17.10.24,Jun-27,140.000,36.9,,2026-2027,
3160,RDDHC-PP-23-0240,3160,Construction of 3 Community Centers at Bhutta Village & Sikandarbad District Kemari Karachi,32,90,Approved,18.07.23,Jun-27,99.985,100.0,,2026-2027,
3161,RDDHC-PP-23-0241,3161,"Construction of Community Center at Different UCs of NA-248, District Kemari Karachi",32,90,Approved,03.11.24,Jun-27,100.000,100.0,,2026-2027,
3162,RDDHC-PP-25-0001,3162,Installation of Solar Street Lights in District Malir,32,90,Approved,25.08.25,Jun-27,110.000,30.7,,2026-2027,
3163,RDDHC-PP-25-0002,3163,"Installation of Solar Street Lights in Taluka Gadap, District Malir",32,90,Approved,25.08.25,Jun-27,40.000,50.0,,2026-2027,
3164,RDDHC-PP-25-0003,3164,Installation of Solar Street Lights in District Sukkur,32,90,Approved,25.08.25,Jun-27,80.000,32.5,,2026-2027,
3165,RDDHC-PP-25-0004,3165,Construction of Community Center at District Malir,32,90,Approved,25.08.25,Jun-27,76.037,33.5,,2026-2027,
3166,RDDHC-PP-25-0005,3166,Installation of Solar Street Lights in District Jamshoro,32,90,Approved,23.10.25,Jun-27,90.000,30.3,,2026-2027,
3167,RDDHC-PP-25-0006,3167,Installation of Solar Street Lights in Larkana & Kamber-Shahdadkot,32,90,Approved,23.10.25,Jun-27,90.000,16.7,,2026-2027,
3168,RDDHC-PP-25-0007,3168,"Installation of Solar Street Lights in District Shaheed Benazirabad, Nausheroferoze, Sanghar",32,90,Approved,23.10.25,Jun-27,86.000,30.3,,2026-2027,
3169,RDDHC-PP-25-0008,3169,Construction of Boundary Wall for Graveyard Bolan Shah & Graveyard Syed Faqeer Muhammad Shah Village Misri Khan Jarwar Tando Allahyar,32,90,Approved,25.08.25,Jun-27,32.000,100.0,,2026-2027,
3170,RDDHC-PP-25-0009,3170,"Installation of Solar Street Lights at Taluka Thari, Faiz Ganj & Sobhodero, District Khairpur. [Ref#74]",32,90,Approved,17.09.25,Jun-27,50.000,100.0,,2026-2027,
3171,RDDHC-PP-25-0013,3171,Installation of Solar Lights @ Taluka Hala [Ref#542],32,90,Approved,17.09.25,Jun-27,50.000,100.0,,2026-2027,
3172,RDDHC-PP-25-0014,3172,Installation of Solar Lights at Taluka Matiari/Hala/Saeedabad [Ref#549],32,90,Approved,18.08.25,Jun-27,100.000,100.0,,2026-2027,
3173,RDDHC-PP-25-0015,3173,Installation of Solar Lights at Municipal Committee Hala Taluka Hala [Ref#553],32,90,Approved,17.09.26,Jun-27,50.000,100.0,,2026-2027,
3174,RDDHC-PP-25-0016,3174,Installation of Solar Street Lights @Town Talhar [Ref#668],32,90,Approved,17.09.25,Jun-27,50.000,100.0,,2026-2027,
3175,RDDHC-PP-25-0018,3175,Providing & Fixing Solar Streets Lights in various Location of Taluka Samaro District Umerkot [Ref#653],32,90,Approved,17.09.25,Jun-27,50.000,100.0,,2026-2027,
3176,RDDHC-PP-25-0019,3176,"Solar Street Lights in various Villages Taluka Lakhi, TALUKA GARHI YASIN. [Ref#111] Solar Lights in Villages Khalid Khan Teghani, Jam Abdul Rehman, Allad Dad Sabzoi, Misri",32,90,Approved,14.10.25,Jun-27,55.000,100.0,,2026-2027,
3177,RDDHC-PP-25-0020,3177,"Khan, Munir Khan Khoso, Haji Arbab Khoso, Naveed Khan Golo, Buxan Khan Golo, Usman Khan Khoso, Raheem Buksh Khoso, Abdul Ghani Khoso, 27 Mahal, Raisaldar, Mithal Khan Jakhrani, Mehboob Khan Jakrhani, Saif Din Jakhrani, Bachal Khan Jakhrani, Jani Khan Jakhrani, Gulab Khan Jakhrani, Hafiz Talib Noor Jakhrani, Pervaiz Khan Domki, Ali Murad Khan Domi, Khadim Khan Domki, Gulzar khan Domki and Zulfiqar Khan Domki, (227 Units) [Ref#824]",32,90,Approved,14.10.25,Jun-27,50.000,100.0,,2026-2027,
3178,RDDHC-PP-25-0021,3178,"Community Halls Village haji Gul Muhammad palijo, Village Aitbar Ali Shah, Village Soomar Khallifo, Village Looni kot, Village Muhammad Ali Gathani, Village Allah Bux Hingorjo, Villge Nim Jakhro, Village Long Kehar, Village Muhammad Khan Jakhro, Village Haji Nooruddin Khan Jokhio, Village Allah Jurio Brohi, Village Yaqoob Palari,",32,90,Approved,14.10.25,Jun-27,50.000,100.0,,2026-2027,
3179,RDDHC-PP-25-0023,3179,"Village Amin Mancheri [Ref#858] Provision of Solar Street Lights for different village of UC Chhachh Jahan Khan, UC Ladiyoon, UC Islamgarh and UC Shah Bundar [Ref#973]",32,90,Approved,14.10.25,Jun-27,50.000,100.0,,2026-2027,
3180,RDDHC-PP-25-0024,3180,"Provision of Solar Street Lights for different village of UC Daulatpur, UC Jan Muhammad Jat, UC Goongani and UC Jungo Jalbani [Ref#974]",32,90,Approved,14.10.25,Jun-27,50.000,100.0,,2026-2027,
3181,RDDHC-PP-25-0025,3181,"Provision of Solar Street Lights for different village of UC Kar Malak, UC Gul Muhammad Baran, UC Mughalbeen, UC Kochi and UC Ghulamullah Otho [Ref#975]",32,90,Approved,14.10.25,Jun-27,50.000,100.0,,2026-2027,
3182,RDDHC-PP-25-0026,3182,"Provision of Solar Street Lights for different village of UC Mureed Khoso, UC Marho Bula Khan, UC Shah Kapur and UC Beghna [Ref#976]",32,90,Approved,14.10.25,Jun-27,50.000,100.0,,2026-2027,
3183,RDDHC-PP-25-0027,3183,Installation of New Solar Lights in Various Wards of M.C Shikarpur [Ref#99],32,90,Approved,10.02.26,Jun-27,50.000,100.0,,2026-2027,
3184,RDDHC-PP-25-0028,3184,Two Community Centers NA-230 District Malir [Ref#224],32,90,Approved,30.10.25,Jun-27,50.000,100.0,,2026-2027,
3185,RDDHC-PP-25-0029,3185,"Installation of solar lights and construction of surface drains and paver blocks / tough tiles in different villages of Taluka Shikarpur, Khanpur and Lakhi. [Ref#530]",32,90,Approved,12.11.25,Jun-27,100.000,100.0,,2026-2027,
3186,RDDHC-PP-25-0030,3186,Installation of solar lights and construction of surface drains and paver blocks / tough tiles in different villages of Taluka Tangwani and Kandhkot. [Ref#531],32,90,Approved,12.11.25,Jun-27,50.000,100.0,,2026-2027,
3187,RDDHC-PP-25-0031,3187,"Construction of Community Centers at taluka Murad Memon, District Malir Karachi [Ref#588]",32,90,Approved,12.12.25,Jun-27,153.800,100.0,,2026-2027,
3188,RDDHC-PP-25-0035,3188,"Construction of Community Centers at PS-89 District Malir Karachi Phase-I, Taluka IbrahimHyderi [Ref#1087]",32,90,Approved,12.12.25,Jun-27,50.000,100.0,,2026-2027,
3189,LGDWS-PP-22-0657,3189,"Water Supply scheme in village Hamzo Bhatti, Taluka Nasirabad, District Kamber Shahdadkot Rehabilitation / Restoration of Water Supply",32,88,Approved,10.02.26,Jun-27,50.000,24.0,,2026-2027,
3190,RDDWS-PP-25-0001,3190,Scheme Dargah Pir Ali Katal Shah & Surrounding Mohallas and CC Paver Block at Pir Ali Katar Shah and Surrounding Mohalla Miran jo Daro Taluka and District Ghotki (Revised Date: 05-03-2026 Capital: 135.00 Revenue: 0.00 Total Cost: 135.00),32,88,Approved,25.08.25,Jun-27,135.000,59.3,,2026-2027,
3191,RDDWS-PP-25-0002,3191,"Providing Paving Block i/c Drainage in village Madd Koondhar, District Nausheroferoze",32,88,Approved,23.10.25,Jun-27,12.000,100.0,,2026-2027,
3192,RDDWS-PP-25-0003,3192,"Providing/Installation of Deep hand Pumps at Various villages of U.C Jungshahi, U.C Kohistan U.C Jhimpir and Town Makli Taluka Thatta District Thatta [Ref#458] Deep Pump for Drinking Water with Solar &",32,88,Approved,17.09.25,Jun-27,60.000,100.0,,2026-2027,
3193,RDDWS-PP-25-0004,3193,"Summer Village Noor Muhammad Jokhio, Village Hashim Sholani, Village Siddique Shah, Village Abu Shah, Village Sabz Ali Brohi, Village Bhambhra Near Paper Mill Chilliya, Village Soomar Jakhro, Village Godar Chang, Village Jhimpr Union Council, Village Ghulam Muhammad Jokhio 7/4, Solor, Summer. & (20) Hand Pumps & Deep Hand Pump in various Villages of District Thatta [Ref#861]",32,88,Approved,17.09.25,Jun-27,150.000,100.0,,2026-2027,
3194,RDDWS-PP-25-0005,3194,"Water Supply Village Rasheed Mullan Abbasi (Water Tank), Village Gul Muhammad Dal (Water Tank) Village Muhammad Usman Hingorjo (Water Tank), Village Ghulam Hussain Toho (Water Tank), Village Muhammad Rahim Dal (Water Tank) [Ref#854]",32,88,Approved,14.10.25,Jun-27,60.000,100.0,,2026-2027,
3195,RDDWS-PP-25-0007,3195,"Water Supply Village Ahmed Khan Zaur, Village Baahro Toho Pityal, Village Muhammad, Village Khamiso, Village Muhammad Ismail Katiar Aaerki & other villages of district sujawal [Ref#865]",32,88,Approved,14.10.25,Jun-27,80.000,100.0,,2026-2027,
3196,RDDWS-PP-25-0008,3196,Construction of Paving Blocks & open surface drain at Pithoro District Umerkot [Ref#926],32,88,Approved,28.11.25,Jun-27,60.000,100.0,,2026-2027,
3197,RDDWS-PP-25-0009,3197,"Construction of Paving Blocks & open surface drain at City & Road Samaro taluka samaro, District Umerkot [Ref#927]",32,88,Approved,28.11.25,Jun-27,136.090,100.0,,2026-2027,
3198,RDDHC-PP-25-0010,3198,"Solar street light , C.C and Pavor Block for Villages of Tarko Wado, Tarko Nandho & Village Mandan [Ref#329]",32,88,Approved,17.09.26,Jun-27,50.000,100.0,,2026-2027,
3199,RDDWS-PP-25-0010,3199,"Construction of Paving Blocks & open surface drain at Chhore City & New Chhore City Taluka umerkot, District Umerkot [Ref#931]",32,88,Approved,28.11.25,Jun-27,152.980,100.0,,2026-2027,
3200,RDDWS-PP-25-0011,3200,Construction of Dranige/Sewerage System R.O Plants following Villages at Taluka Mirwah & Faiz Ganj [Ref#73],32,88,Approved,30.10.25,Jun-27,114.000,100.0,,2026-2027,
3201,RDDHC-PP-25-0011,3201,"Solar Street light, C.C & Pavor Block of the Villages of Mehar Veesar Village Sui Gas & Marwari Muhalla village Hassan Uddin Kamboh & Awan Pump to Main Disposal Thari. [Ref#331]",32,88,Approved,17.09.26,Jun-27,60.000,100.0,,2026-2027,
3202,RDDCO-PP-25-0012,3202,Construction of Drainage/Sewerage System. Paver Block & Surface Drain in various villages of Taluka Nara Faiz Ganj. [Ref#70],32,88,Approved,17.09.25,Jun-27,67.000,100.0,,2026-2027,
3203,RDDHC-PP-25-0012,3203,"solar street light, C.C & Pavor Block of the Villages of Moula Bux Panhyar Village Pharhyaro & Various Place of village sikandarabad. [Ref#336] Paver Block alongwith Surface Drain. 1) From Village Mir Pahore to Sipi Shakh Road (20",32,88,Approved,17.09.26,Jun-27,60.000,100.0,,2026-2027,
3204,RDDWS-PP-25-0012,3204,"Million) 2 ) Village Karim Pahore to Kalhora Shakh (10 Million ) 3)Link Road to Village Shafi Muhammad Mahar Fakir via Papu Tanwari Shop to Mian AneesuRahman House, and Tanwari Muhalla Villag Mian Jo Goth (05 Million) 4) Various Streets of Village K B Allah Bux Soomro & Village Tahir Suhindro (05 Million) 5) Various Street of Village",32,88,Approved,12.11.25,Jun-27,50.000,100.0,,2026-2027,
3205,RDDCO-PP-25-0013,3205,"Redho.Via Muneer Pahore House.and Village Karam Pahore, (10 Million) [Ref#364] Construction of Drainage/Sewerage System. Paver Block and Surface Drain Taluka Sobhodero [Ref#71]",32,88,Approved,17.09.25,Jun-27,70.000,100.0,,2026-2027,
3206,RDDCO-PP-25-0014,3206,Construction of Drainage /Sewerage System. Paver Block & Surface Drain at the following villages of Taluka Thari Mirwah [Ref#72],32,88,Approved,17.09.25,Jun-27,199.000,100.0,,2026-2027,
3207,RDDCO-PP-25-0015,3207,Construction of Drain & Pavement of Streets in Different Villages of Union Council Panu [Ref#347],32,88,Approved,17.09.25,Jun-27,50.000,100.0,,2026-2027,
3208,RDDCO-PP-25-0016,3208,Construction of Drain & Pavement of Streets in Different Villages of UC Palijani [Ref#348],32,88,Approved,17.09.26,Jun-27,50.000,100.0,,2026-2027,
3209,RDDCO-PP-25-0017,3209,Construction of Drain & Pavement of Streets in Different Villages of UC Hussain Hingoro [Ref#349],32,88,Approved,17.09.26,Jun-27,50.000,100.0,,2026-2027,
3210,RDDCO-PP-25-0018,3210,Construction of Drain & Pavement of Streets in Different Villages of UC Oderolal Station [Ref#350],32,88,Approved,17.09.26,Jun-27,50.000,100.0,,2026-2027,
3211,RDDCO-PP-25-0019,3211,Construction of Drain & Pavement of Streets in Different Villages of UC Khando+G348 [Ref#351],32,88,Approved,17.09.25,Jun-27,50.000,100.0,,2026-2027,
3212,RDDCO-PP-25-0020,3212,Provision of Paver block and Drainage including solar lights at MC Badin City [Ref#429],32,88,Approved,17.09.26,Jun-27,100.000,100.0,,2026-2027,
3213,RDDCO-PP-25-0021,3213,Provision of Paver Block at Bhugra Memon and Seerani City [Ref#430],32,88,Approved,17.09.26,Jun-27,50.000,100.0,,2026-2027,
3214,RDDCO-PP-25-0022,3214,"Provision of Paver Blocks and draingane along with solar lights and Khorwa City [Ref#432] Water Tank, Solor, Machine, Water Pipe Line, Summer Village Soof Khaskheli, Village Godar",32,88,Approved,17.09.26,Jun-27,50.000,100.0,,2026-2027,
3215,RDDHC-PP-25-0022,3215,"Chang, Village Haji Sofan Sanghar, Village Karo Sheedi, Village Haji Pini Ladho Samoon, Village Millan Babar, Village Jalaluddin Babar, Village Obhayo Babar, Village, Village Arbab Wali Muhammad Babar, Village Shaikh Ismail, Village Ramzan Babar, Onger to NHW Village Darya Khan Babar, Village Muhammad Khan Jakhro, Village Molvi Usman Shoro & Various",32,88,Approved,14.10.25,Jun-27,200.000,100.0,,2026-2027,
3216,RDDCO-PP-25-0023,3216,"Villages of District Thatta [Ref#862] Provision of paver blocks and CC drain at villages Chak No. 32 (Oil Field) and surrounding village of Chak No. 30, Chak No. 05 and Chak No. 35 [Ref#433]",32,88,Approved,17.09.26,Jun-27,100.000,100.0,,2026-2027,
3217,RDDCO-PP-25-0024,3217,Provision of Paver blocks at village Ahmed Khan Zaur and surronding villages of Dr. Ghulam Qadir Buledi & Haji Qasim Soomro [Ref#435],32,88,Approved,17.09.26,Jun-27,50.000,100.0,,2026-2027,
3218,RDDCO-PP-25-0025,3218,"Paver Blocks and CC Streets with Surface Drainage [Ref#748] Paver Blocks Drainage Village Bida Khaskheli, Village Jam Khaskheli, Village Suleman",32,88,Approved,17.09.25,Jun-27,200.000,100.0,,2026-2027,
3219,RDDCO-PP-25-0026,3219,"Khaskheli, Village Molvi Muhammad Khaskheli, Village Abdul Sattar Kehar, Village Achoo Gurmani, Village Muhammad Juman Gurmani, Village Noor Muhammad Malanu, Village Haji Lashari, Village Muhammad Khaskheli (Gande jo Goth), Vilage Ibrahim Tuho, Village Ghulam Hussain Tuho, Village Molvi Muhammad Yousif Jatoi (Amri Shareef), Vilalge Ishaque Munaro, Village Ishaque Otho & Vrious Village of District Sujawal [Ref#856]",32,88,Approved,17.09.25,Jun-27,120.000,100.0,,2026-2027,
3220,RDDCO-PP-25-0027,3220,"Paver Blocks Drainage Village Haji Faiz Muhammad Talpur (Ghoongani), Village Haji Abdul Rehman Abbasi, Village Syed Aban Shah, Village Patel Hassan Guno, Village Usman Guno, Village Haji Abdul Raheem Guno, Village Jaiser Guno, Village Pir Aage Dino Shah (Surrounding Bakhar Samoon & Mallah), Village Muhammad Yousif Bhatti, Village Haji Juman Bhattti, Village Gul Muhammad Oplanu, Village Muhammad Ismail Oplanu & Vrious Village of District Sujawal [Ref#857]",32,88,Approved,17.09.25,Jun-27,120.000,100.0,,2026-2027,
3221,RDDCO-PP-25-0028,3221,"Paver Blocks / Drainage Village Essa Bikak, Village Haji Qasim Damach, Village Muhammad Saleh Abro, Village Wahid Dino Abro, Village Ahmed Memon (Jageer), Village Haji Hamzo Soho, Village Satiyani Shareef, Village Yousif Mallah (Khade Dini), Village Mir Muhammad Zaur, Village Juman Rehbar, Village Haji Arif Chandio, Villae Murad Ali Zaur & Surrounding, Village Achar Chaniyo, Village Haji Usman Zaur, Village Darya Khan Zaur, Bathoro & Various vallege of District Sujawal [Ref#867]",32,88,Approved,17.09.25,Jun-27,120.000,100.0,,2026-2027,
3222,RDDCO-PP-25-0029,3222,"Paver Blocks Drainage Village Muhammad Khan Jatoi, Village Shahnawaz Laghari, Village Imam Bux Awan, Village Hussain Parai, Village Siddique Shah, Village Dodo Jhandial, Village Haji Usman (Surrounding Hanif Jamari), Village Muhammad Hassan Kanad, Village Haji Gul Muhammad Boranu, Village Ibrahim Sheedi, Village Siddique Narejo, Village Muhammad Kamdar Amro, Village Haji Pinyal Mallah, Village Gulan Amro, Village Haji Usman Amro, Village Haji Jumoon Samoon, Village Darya Khan Soho, Village Essa Suho (Surrounding Khamiso",32,88,Approved,17.09.25,Jun-27,120.000,100.0,,2026-2027,
3223,RDDCO-PP-25-0032,3223,"Memon), Village Raheem Charan, Village Bassar Charan, & Various Villages of District Sujawal. [Ref#868] Construction of Surface Drains, C.C Topping Paver Block at Various Village’s of UC Mad Aleem & UC Palhano Taluka Bhiria District Naushero Feroz. [Ref#195]",32,88,Approved,17.09.26,Jun-27,50.000,100.0,,2026-2027,
3224,RDDHC-PP-25-0032,3224,Repair of open drain in Drainage System & Replacement of Water Supply Scheme Samaro Town Taluka Samaro District Umerkot [Ref#651],32,88,Approved,30.10.25,Jun-27,50.000,100.0,,2026-2027,
3225,RDDCO-PP-25-0033,3225,"Construction of Surface Drains , C.C Topping Paver Block at Various Villages of UC Kot Bahadur & UC Dali Taluka Bhiria District Naushero Feroz. [Ref#196]",32,88,Approved,17.09.26,Jun-27,50.000,100.0,,2026-2027,
3226,RDDHC-PP-25-0033,3226,Construction of open Surface Drains & paver block in Taluka Samaro District Umerkot. [Ref#652],32,88,Approved,30.10.25,Jun-27,100.000,100.0,,2026-2027,
3227,RDDCO-PP-25-0034,3227,"Construction of Surface Drains , C.C Topping Paver Block at Various Villages of UC Khahi Maman & UC Molhan Taluka Bhiria District Naushero Feroz. [Ref#197]",32,88,Approved,17.09.26,Jun-27,50.000,100.0,,2026-2027,
3228,RDDHC-PP-25-0034,3228,Construction of open surface drains & paver block in Taluka Kunri District Umerkot. [Ref#654],32,88,Approved,30.10.25,Jun-27,50.000,100.0,,2026-2027,
3229,RDDCO-PP-25-0035,3229,"Construction of Surface Drains, C.C Topping Paver Block at Various Villages of UC Khahi Qasim & UC D.K Jalbani Taluka Bhiria District Naushero Feroz [Ref#198]",32,88,Approved,17.09.26,Jun-27,50.000,100.0,,2026-2027,
3230,RDDCO-PP-25-0036,3230,"Construction of Surface Drains, C.C Topping Paver Block at Various Villages of UC Raju Keerio & UC Chaheen Suleman Taluka Bhiria District Naushero Feroz [Ref#199]",32,88,Approved,17.09.26,Jun-27,50.000,100.0,,2026-2027,
3231,RDDCO-PP-25-0037,3231,Construction of Drainge System Povour Block Various Wards Town Qubo Saeed Khan And Municiple Committee Shahdadkot various wards. [Ref#485],32,88,Approved,17.09.25,Jun-27,50.000,100.0,,2026-2027,
3232,RDDCO-PP-25-0038,3232,"Construction of Pavour Block CC Drain Various UC'S of Taluka Qubo Saeed Khan and Taluka Sijawal Junejo - UC Thoof Chosool, UC Dhori, UC Bago Dao, UC Hazarwah. [Ref#486] Paver Blocks & Drainge Village Gandra Ver,",32,88,Approved,17.09.25,Jun-27,50.000,100.0,,2026-2027,
3233,RDDCO-PP-25-0040,3233,"Village Hanif Soomro, Village Noor Bhatti, Village, Muhammad Ali Gathani, Village Ali Muhammad Khaskheli, Village Aziz Magsi, Village Juman brohi, Village Haji Pir Bux Brohi, Village Illakhati Memon, Village Doongar Bhambhro, Village Ashraf Shoro, Village Bashir Shoro, Village Abu Shah, Village Ishaque Shoro & Various Villages of Distirct Thatta. [Ref#859]",32,88,Approved,14.10.25,Jun-27,50.000,100.0,,2026-2027,
3234,RHDRH-PP-16-0139,3234,Establishment of Regional Offices of PDMA (SDG # 13) (C:861.338+R:30.515) (Revised on 26.06.23),33,91,Approved,02.08.17,Jun-27,1835.643,81.1,,2026-2027,
3235,RHDRH-PP-19-0407,3235,"Strengthening Tsunami and Earthquake Preparedness in Coastal Area of Sindh Province (Cost Rs. 180 M + GoS Share 54.0 M (30%), NDRMF Share Rs. 126 M (70%)",33,91,Approved,12.04.19,Jun-27,54.000,62.5,,2026-2027,U/R
3236,ISTIT-PP-22-0534,3236,Online Education Platform for Sindh (Revised on 29.08.24),34,92,Approved,22.02.23,Jun-27,112.625,100.0,,2026-2027,
3237,ISTST-PP-23-0006,3237,Sindh Enterprises Incubation Center,34,92,Approved,16.04.24,Jun-28,233.529,85.0,,2026-2027,
3238,ISTIT-PP-25-0001,3238,Sindh Enterprises Incubation Centers at Divisional Head Quarters,34,92,Approved,02.12.25,Jun-28,1297.489,19.6,,2026-2027,
3239,SGABD-PP-11-0031,3239,Construction of New Secretariat Complex No. 7 (SDG#9),35,93,Approved,04.05.12,Jun-28,4726.000,21.1,,2026-2027,
3240,SGABD-PP-11-0032,3240,Construction of New Secretariat Complex No. 8 (SDG#9),35,93,Approved,04.05.12,Jun-28,4703.000,5.5,,2026-2027,U/R
3241,SGABD-PP-11-0033,3241,Development of Zulfiqarabad (SDG#9),35,93,Approved,13.06.26,Jun-28,13952.720,6.0,,2026-2027,
3242,SGABD-PP-14-0087,3242,Construction of Divisional Complex at Shaheed Benazirabad (SDG#9),35,93,Approved,03.03.15,Jun-27,977.352,0.4,,2026-2027,U/R
3243,SGABD-PP-15-0061,3243,"Construction of Circuit House, Larkano (Cap Rs: 164.936 m + Rev: Rs. 33.096 )",35,93,Approved,21.10.15,Jun-27,198.032,100.0,,2026-2027,
3244,SGABD-PP-16-0140,3244,"Construction of Residential Block in GOR-I at Bath Island, Karachi (Revised on 13.05.22) (SDG#9)",35,93,Approved,18.08.16,Jun-27,950.841,91.9,,2026-2027,U/R
3245,SGABD-PP-16-0142,3245,Construction of Government Rest House Ghari Khairo District Jacobabad (SDG#9),35,93,Approved,01.04.17,Jun-28,75.000,82.9,,2026-2027,U/R
3246,SGABD-PP-16-0144,3246,Establishment of Deputy Commissioner Office Complex at District Korangi (SDG#9),35,93,Approved,09.09.16,Jun-28,379.709,10.6,,2026-2027,
3247,SGABD-PP-16-0145,3247,"Enhancement / Up-gradation Including Rehabilitation of Offices of Commissioner Karachi Including Establishment of Project Directorate for the Commissionaire Karachi (C: Rs: 562.139 M, R: 197.213, Revised 10.01.2022)",35,93,Approved,06.08.16,Jun-27,240.473,100.0,,2026-2027,
3248,SGABD-PP-16-0146,3248,Construction of Office Accommodation for Deputy Commissioner (East) Karachi- (C: Rs. 562.139 M + R: Rs. 14.762 M)(Revised on 23.12.24),35,93,Approved,04.09.17,Jun-27,576.901,100.0,,2026-2027,
3249,SGABD-PP-17-0259,3249,Maintenance & Repair of 333 Flats at Railway Station and PBC Landhi Karachi (SDG#9),35,93,Approved,12.08.17,Jun-28,358.542,73.2,,2026-2027,
3250,SGABD-PP-17-0261,3250,Construction of Anti-Corruption Complex at Karachi (SDG#9),35,93,Approved,25.04.18,Jun-27,506.491,100.0,,2026-2027,U/R
3251,SGABD-PP-20-0115,3251,Construction of New Building for Chief Minister Secretariat (SDG#9) (Revised on 5.6.2025),35,93,Approved,06.04.21,Jun-27,3701.538,72.9,,2026-2027,
3252,SGABD-PP-21-1169,3252,Construction of AS/DS Flats adjacent to DC South Complex (SDG#9) (Revised on 05.05.2025),35,93,Approved,30.11.22,Jun-28,1849.865,60.0,,2026-2027,
3253,SGABD-PP-21-1170,3253,"Construction of Residences of DC West i/c ADCs, Assistant Commissioners / Mukhtiarkar (SDG#9)",35,93,Approved,12.09.21,Jun-27,219.046,100.0,,2026-2027,
3254,SGABD-PP-21-1171,3254,Construction of Office Accommodation for Deputy Commissioner (Keamari) including Residences,35,93,Approved,12.09.21,Jun-28,273.209,100.0,,2026-2027,
3255,SGABD-PP-21-1172,3255,Construction of 20 Secretary Flats at Bath Island Karachi (SDG#9),35,93,Approved,29.03.22,Jun-27,413.970,84.6,,2026-2027,U/R
3256,SGABD-PP-21-1173,3256,"Construction of 75-Nos Deputy Secretary Flats at Defunct Sindh Arid Zone Development Authority Plot ST-9, Block-16 Scheme No 36, Gulistan-e-Johar (06.01.2025)",35,93,Approved,29.03.22,Jun-28,2408.862,71.8,,2026-2027,
3257,SGABR-PP-22-1362,3257,Construction of DC Complex Tando Allahyar (Cap: Rs. 120.483 m + Rev: Rs. 7.999 m) SDG#9),35,93,Approved,04.06.23,Jun-28,128.482,100.0,,2026-2027,U/R
3258,SGABR-PP-22-1363,3258,"Construction of Boundary Wall SGA&CD Plot, Hawksbay (SDG#9) (Revised on 22.08.2025)",35,93,Approved,23.02.23,Jun-28,46.005,100.0,,2026-2027,
3259,SGABR-PP-22-1365,3259,Construction of DC Office including Allied Buildings & Compound Wall for District West Karachi (Phase-II),35,93,Approved,04.06.23,Jun-28,293.937,100.0,,2026-2027,
3260,SGABR-PP-22-1366,3260,Construction of Compound Wall & Residences for Officers/Revenue Staff of Deputy Commissioner Keamari (Phase-II),35,93,Approved,21.12.22,Jun-28,293.562,100.0,,2026-2027,
3261,SGABR-PP-22-1368,3261,Construction of AC Offices & Residences and Circuit House at Sujawal (Cap Rs. 160.730 m+ Rev Rs. 35.206 m) (SDG#9),35,93,Approved,04.06.23,Jun-28,195.936,80.7,,2026-2027,U/R
3262,SGABR-PP-22-1371,3262,Construction of AC & Mukhtiyarkar Office cum residence at Keti Bundar (SDG#9),35,93,Approved,04.06.23,Jun-28,79.681,100.0,,2026-2027,U/R
3263,SGABR-PP-22-1372,3263,Construction of Circuit House Kandhkot at Lake view Park (SDG#9),35,93,Approved,22.03.23,Jun-28,79.413,100.0,,2026-2027,
3264,SGABR-PP-22-1373,3264,Assistant Commissioner Residency & Office at Taluka Garhi Khairo (SDG#9) Flood Response Emergency Housing Project,35,93,Approved,22.03.23,Jun-28,20.000,100.0,,2026-2027,U/R
3265,SGAFH-FP-23-0002,3265,"(WB funded), Total cost Rs. 447,000 M (US$ 1150 M) (WB share Rs. 266,000 M (US$ 950 M) & IsDB Share Rs. 56,000 M (US$ 200 M) (GoS share Rs.75,000 M, GoP Share Rs.50,000 M) (Revised Date: 16-10-2023 Capital: 69245.73 Revenue: 5754.27 Total Cost: 75000.00)",35,93,Approved,01.04.23,Jun-28,75000.000,93.2,,2026-2027,
3266,SGAFH-FP-24-0001,3266,"Flood Response Emergency Housing Project (Phase-II) (Sindh Emergency Housing Reconstruction Project ADB funded), Total cost Rs. 123,200 M (US$ 440.0 m) (ADB share Rs. 112,000 M (US$ 400) (GoS or GOP share Rs.11,200 M)(Revised on 09.07.2024)",35,93,Approved,30.11.22,Jun-28,11200.000,76.7,,2026-2027,
3267,SGAFH-FP-25-0001,3267,Construction of Assistant Commissioner Office Hala District Matiari (SDG#9),35,93,Approved,03.07.25,Jun-27,39.174,100.0,,2026-2027,
3268,SGAFH-FP-25-0002,3268,"Integration, Antomation & Enhancement of Domicile & PRC System in Karachi Division",35,93,Approved,22.08.25,Jun-27,191.281,100.0,,2026-2027,
3269,SGAFH-FP-25-0003,3269,Construction of Offices & Residences of Assistant Commissioner & Mukhtiarkar of Taluka Meharabpur District N' Feroze,35,93,Approved,03.07.25,Jun-27,100.000,100.0,,2026-2027,
3270,SGAFH-FP-25-0005,3270,"Construction of Deputy Commissioner Residence at B&R Colony, T.M.Khan",35,93,Approved,22.08.26,Jun-27,60.900,100.0,,2026-2027,
3271,SGAFH-FP-25-0007,3271,"Construction of Category-III type Bungalow (Additional Deputy Commissioner-II residence) at B&R Colony, T.M Khan",35,93,Approved,22.08.25,Jun-27,27.153,100.0,,2026-2027,
3272,SGAFH-FP-25-0008,3272,Construction of Assistant Commissioner Office & Residence at Tando Muhammad Khan,35,93,Approved,22.08.25,Jun-27,49.831,100.0,,2026-2027,
3273,SGAFH-FP-25-0009,3273,Construction of Offices & Residences of Assistant Commissioner & Mukhtiarkar Ghorabari,35,93,Approved,03.07.25,Jun-28,98.055,100.0,,2026-2027,
3274,SGAFH-FP-25-0011,3274,Reconstruction of Assistant Commissioner House Shahdadpur,35,93,Approved,22.08.25,Jun-27,17.528,100.0,,2026-2027,
3275,SGAFH-FP-25-0012,3275,Construction of Residences of Assistant Commissioner & Mukhtiarkar Jam Nawaz Ali,35,93,Approved,22.08.25,Jun-27,19.123,100.0,,2026-2027,
3276,SGAFH-FP-25-0014,3276,Flood Response Emergency Housing Project (Phase-III)(Sindh Emergency Housing Reconstruction Project EIB & GOS funded),35,93,Approved,24.03.25,Jun-28,7015.000,14.6,,2026-2027,
3277,SGAFH-FP-25-0013,3277,"Construction of Light Gauge Steel Framed Structure on Finance Complex, AK Lodhi Block Building #6 at Sindh Secretarait No. VI, Karachi",35,93,Approved,,Jun-28,133.979,64.3,,2026-2027,
3278,SGAFH-FP-25-0015,3278,Construction of Conference Room and Allied Offices of P&D at Tughlaq House (Sindh Secretariat No.02 Karachi (Phase-II).,35,93,Approved,,Jun-28,199.953,50.0,,2026-2027,
3279,SGABDBD-MD-26-0001,3279,"STAR WASH program Phase-I (SPHF) WB, ADB, GOS",35,93,Approved,,Jun-28,25200.000,2.0,,2026-2027,
3280,SGAST-PP-19-0408,3280,"Establishment of Divisional Office of Central Records Office (CRO), GoS (1st Phase) (Revised on 13.05.22)(C: 131.843+R:87.477)",35,94,Approved,16.09.19,Jun-27,219.320,81.2,,2026-2027,U/R
3281,SGAST-PP-21-1176,3281,Establishment of Divisional Record Office (C:188.420+R: 66.776),35,94,Approved,07.06.23,Jun-28,255.196,53.7,,2026-2027,
3282,SGABR-PP-22-1374,3282,Establishment of Public Record Office (SDG # 9),35,94,Approved,,Jun-28,931.596,0.0,,2026-2027,
3283,PSCSP-PP-23-0002,3283,Strengthening of Sindh Public Service Commission (SDG # 9),36,95,Approved,26.07.23,Jun-27,99.000,100.0,,2026-2027,
3284,SRBSR-PP-15-0062,3284,Establishment of office and Training Academy for SRB (SDG # 8 & 9)',37,96,Approved,18.05.16,Jun-27,1803.680,0.1,,2026-2027,
3285,CMSSP-FP-22-1375,3285,"Strengthening Social Protection Delivery System in Sindh"" Rs. 48,300 million/ US$ 230.00 million World Bank IDA loan: Rs. 42,000 million /US$ 200.00 million Borrower/Counterpart (GoS): Rs. 6,300 million /US$ 30.00 million (Umerkot, Tharparkar, T.M.Khan, Sujawal, Thatta, Badin, Kashmore, Mirpurkhas, Jacobabad, Sanghar, Kambar, T.A.Yar, Ghotki, Matiari & Shikarpur) (Revised Date: 02-03-2026 Capital: 0.00 Revenue: 8400.00 Total Cost: 8400.00)",38,97,Approved,12.06.22,Dec-27,8400.000,24.5,,2026-2027,
3286,SWDSW-PP-15-0064,3286,"Strengthening and Up-gradation of Social Welfare Training Institute at Karachi. (Revised on 18.03.24) (C:24.389 + R:50.102) (SDG#1,2,4,5 & 10)",39,98,Approved,09.12.15,Jun-27,74.491,100.0,,2026-2027,
3287,SWDSW-PP-17-0263,3287,"Establishment & Strengthening of Darul Atfal & Rehabilitation of Street Children through Civil Society Organization, Korangi #5, Karachi (Revised on 23.02.18) (C:173.916+R:91.104) (SDG # 1)",39,98,Approved,28.01.10,Jun-27,265.020,65.6,,2026-2027,
3288,SWDSW-PP-17-0266,3288,Establishment of Rehabilitation Center for Drug Addicts at Karachi (Revised on 15.11.24) (C:83.00 + R:19.995) (SDG # 3),39,98,Approved,08.11.17,Jun-27,102.995,100.0,,2026-2027,
3289,SWDSW-PP-21-1179,3289,Establishment of Rehabilitation Center for Senior Citizens in District Umerkot (C:67.858 + R:22.142) (SDG # 5 & 10),39,98,Approved,06.04.23,Jun-27,90.000,86.5,,2026-2027,
3290,SWDSW-PP-21-1180,3290,Establishment of Rehabilitation Center for Senior Citizens in District Tharparkar (Revised Date: 02-05-2025 Capital: 105.09 Revenue: 15.46 Total Cost: 120.55),39,98,Approved,15.02.22,Jun-27,120.548,87.2,,2026-2027,
3291,SWDSW-PP-21-1190,3291,Establishment of Rehabilitation Center for Senior Citizens in District Noushero Feroze (C:65.036 + R:17.085) (SDG # 5 & 10),39,98,Approved,16.02.22,Jun-27,82.121,79.2,,2026-2027,
3292,SWDSW-PP-21-1191,3292,Establishment of Rehabilitation Center for Senior Citizens in District Sanghar (C:60.853 + R: 17.085) (SDG # 5 & 10),39,98,Approved,15.02.22,Jun-27,77.938,78.1,,2026-2027,U/R
3293,SWDSW-PP-21-1192,3293,Establishment of Rehabilitation Center for Senior Citizens in District Hyderabad (Revised Date: 07-03-2025 Capital: 145.82 Revenue: 15.46 Total Cost: 161.28),39,98,Approved,15.02.22,Jun-27,161.278,75.3,,2026-2027,
3294,SWDSW-PP-21-1194,3294,Establishment of Rehabilitation Center for Senior Citizens in District T.M Khan (C:65.291 + R: 17.399)(SDG # 5 & 10),39,98,Approved,06.04.23,Jun-27,82.690,87.0,,2026-2027,
3295,SWDSW-PP-21-1195,3295,Establishment of Rehabilitation Center for Senior Citizens in District T.A Yar (C:56.730 + R: 17.085) (SDG # 5 & 10),39,98,Approved,15.02.22,Jun-27,73.815,76.9,,2026-2027,U/R
3296,SWDSW-PP-21-1197,3296,Establishment of Rehabilitation Center for Senior Citizens in District Dadu. (C:66.863 + R:15.745) (SDG # 5 & 10),39,98,Approved,22.04.25,Jun-27,82.608,80.9,,2026-2027,
3297,SWDSW-PP-21-1198,3297,Establishment of Rehabilitation Center for Senior Citizens in District Thatta (Revised Date: 02-05-2025 Capital: 109.11 Revenue: 15.46 Total Cost: 124.57),39,98,Approved,15.02.22,Jun-27,124.573,87.6,,2026-2027,
3298,SWDSW-PP-21-1199,3298,Establishment of Rehabilitation Center for Senior Citizens in District Sujawal (C:74.604 + R: 15.396) (SDG # 5 & 10),39,98,Approved,06.04.23,Jun-27,90.000,82.9,,2026-2027,
3299,SWDSW-PP-21-1200,3299,Establishment of Rehabilitation Center for Senior Citizens in District Badin (C:56.593 + R:17.085) (SDG # 5 & 10),39,98,Approved,15.02.22,Jun-27,73.678,76.8,,2026-2027,U/R
3300,SWDSW-PP-21-1205,3300,Establishment of Rehabilitation Center for Senior Citizens in District Karachi Korangi (C:70.956 + R:19.245) (SDG # 5 & 10),39,98,Approved,02.03.22,Jun-27,90.201,78.7,,2026-2027,
3301,SWDSW-PP-22-1378,3301,Construction of Office of the Additional Director in District Noushero Feroze (Revised Date: 07-03-2025 Capital: 87.62 Revenue: 15.03 Total Cost: 102.64),39,98,Approved,18.03.24,Jun-27,102.640,65.9,,2026-2027,
3302,SWDSW-PP-22-1379,3302,"Construction of Social Welfare Complex in District Karachi Malir. (C:75.107 + R:20.075) (SDG # 1,2,4,5&10)",39,98,Approved,12.03.25,Jun-27,95.182,59.8,,2026-2027,
3303,SWDSW-PP-25-0001,3303,Establishment of Rehabilitation Center for Senior Citizens in District Mirpurkhas.(C:120.368+R:19.295) (SDG#5&10),39,98,Approved,23.04.25,Jun-27,139.663,36.1,,2026-2027,
3304,BLKKA-PP-26-0001,3714,Socio-Economic Uplift of Kacha Areas of Sukkur & Larkana Divisions.,49,99,Approved,,Jun-28,10075.569,9.9,,2026-2027,
3305,BLKSI-PP-25-0001,3715,"Special Development Initiatives for Backward / Poor Districts in the Country (Total Cost Rs. 10,000 M GoP Share Rs. 5,000 M + GoS Share Rs. 5,000 M)",50,100,Approved,,Jun-28,5000.000,5.0,,2026-2027,
3306,SYASO-PP-08-0006,3304,"Construction of Sports Stadium Covering Remaining Districts in Sindh (8 Units) (N. Feroze, Khairpur, Ghotki, Kamber, Kashmore, Dadu, T.M. Khan and Matiari.)",40,101,Approved,30.04.09,Jun-27,519.400,60.5,,2026-2027,U/R
3307,SYASO-PP-08-0007,3305,"Construction of Athletic Track and Football Ground at Karachi, Sukkur & Larkano",40,101,Approved,26.03.09,Jun-27,579.874,80.3,,2026-2027,U/R
3308,SYASO-PP-12-0053,3306,"Construction of Sports Stadium at Karachi (5 Units) Gulberg, New Karachi, Landhi, Orangi and Baldia Towns (Revised on 19.10.12)",40,101,Approved,03.09.06,Jun-27,862.629,86.0,,2026-2027,U/R
3309,SYASO-PP-14-0090,3307,Construction of Sports Complex at Sukkur (Re- revised on 03.03.15) (Revised Date: 11-05- 2025 Capital: 2787.70 Revenue: 0.00 Total Cost: 2787.70),40,101,Approved,19.11.09,Jun-27,2787.698,72.0,,2026-2027,
3310,SYASO-PP-19-0412,3308,"Construction of Sports Stadium in Sindh (8 Nos.) (Matiari, Jamshoro, Hyderabad, Tharparkar, Sanghar, Shikarpur, Jacobabad & Tando Allahyar) (Revised on 20.02.20) (C:481.026+R:40.000)",40,101,Approved,28.03.06,Jun-27,521.026,69.1,,2026-2027,
3311,SYASO-PP-21-1208,3309,Construction of Grassy Cricket Ground with Pavilion at Adilpur (Revised on 22.05.25),40,101,Approved,09.02.21,Jun-27,112.464,87.1,,2026-2027,
3312,SYASO-PP-21-1212,3310,Construction of Cricket Net Practice Area i/c Installation of Flood Lights with Stand by Generator in SITE Cricket Stadium Kotri (Revised on 14.04.23) (Revised Date: 13-05- 2026 Capital: 165.30 Revenue: 0.00 Total Cost: 165.30),40,101,Approved,09.02.21,Jun-27,165.302,100.0,,2026-2027,
3313,SYASO-PP-21-1218,3311,Construction of Players Hostel at KHA Ground NIPA (Revised on 14.04.23),40,101,Approved,09.02.21,Jun-27,200.000,100.0,,2026-2027,
3314,SYASO-PP-22-1381,3312,Construction of Mega Sports Complex Mithi City Tehsil Mithi District Tharparkar,40,101,Approved,14.04.23,Jun-27,104.000,100.0,,2026-2027,
3315,SYASO-PP-22-1387,3313,Construction of Sports Complex at Nagarparkar City Tehsil Nagarparkar District Tharparkar (Revised Date: 13-05-2026 Capital: 189.50 Revenue: 0.00 Total Cost: 189.50),40,101,Approved,14.04.23,Jun-27,189.504,59.6,,2026-2027,U/R
3316,SYASO-PP-22-1394,3314,Construction of Sports Complex at Tando Ghulam Hyder District Tnado Muhammad Khan,40,101,Approved,19.10.22,Jun-27,52.000,100.0,,2026-2027,
3317,SYASO-PP-22-1402,3315,"Construction of Synthetic Football Turf at Mauripur Football Stadium, Karachi",40,101,Approved,05.10.23,Jun-27,205.539,100.0,,2026-2027,
3318,SYASO-PP-22-1403,3316,"Construction of Cricket Ground & (Muhammad Sami) Cricket Academy at Al-Falah Ground, Block-H, North Nazimabad, Karachi",40,101,Approved,14.04.23,Jun-27,91.000,100.0,,2026-2027,
3319,SYASO-PP-22-1404,3317,"Construction of Synthetic Football Turf Ground & (Nasir Ismail) Football Academy at Al-Falah Ground Block-H, North Nazimabad, Karachi",40,101,Approved,05.10.23,Jun-27,259.998,100.0,,2026-2027,
3320,SYASO-PP-22-1407,3318,Construction of Synthetic Hockey Turf and Allied Facilities at Sindh Agriculture University Tando Jam,40,101,Approved,05.10.23,Jun-27,234.754,100.0,,2026-2027,
3321,SYASO-PP-22-1412,3319,Construction & Up-gradation of Gymkhana Jacobabad,40,101,Approved,14.04.23,Jun-27,65.000,100.0,,2026-2027,
3322,SYASO-PP-22-1414,3320,Construction of Multipurpose Sports Indoor Hall at Govt. Higher Secondary School Therhi District Khairpur (Revised on 23.01.24),40,101,Approved,19.10.22,Jun-27,185.635,100.0,,2026-2027,
3323,SYASO-PP-22-1415,3321,"Construction of New Pavilion, Rehabilitation, Up-gradation of Existing Grassy Cricket Ground including Flood Lights at Sports Complex Shikarpur",40,101,Approved,14.04.23,Jun-27,104.000,100.0,,2026-2027,
3324,SYASO-PP-22-1416,3322,"Provision of Flood Lights for Synthetic Hockey Turf, Boundary Wall & Allied Works at Sports Complex Shikarpur",40,101,Approved,14.04.23,Jun-27,104.000,100.0,,2026-2027,
3325,SYASO-PP-22-1417,3323,"Rehabilitation, Up-gradation and Construction of Mini Stadium & Gymkhana at Sehwan District Jamshoro",40,101,Approved,14.04.23,Jun-27,78.000,100.0,,2026-2027,
3326,SYASO-PP-22-1421,3324,"Construction of Synthetic Athletic Track at Cadet College Steel Town, Karachi (Revised on 23.05.25)",40,101,Approved,05.10.23,Jun-27,191.103,36.0,,2026-2027,U/R
3327,SYASO-PP-22-1423,3325,"Construction of Boundary Wall, Cricket Net Practice and Toilet Block at Jinnah Municipal Stadium, Sukkur",40,101,Approved,14.04.23,Jun-27,170.263,100.0,,2026-2027,
3328,SYASO-PP-23-0002,3326,Repair and Construction of Badmintan hall and gangoti Ground at Muncipal Committee Rohri,40,101,Approved,30.01.24,Jun-27,77.000,100.0,,2026-2027,
3329,SYASO-PP-23-0004,3327,"Contruction of Jam Murad Ali Khan Sports Complex and Rehabilication of Hunter Football Ground Kohi Goth NA-136, District Malir Karachi",40,101,Approved,30.01.24,Jun-27,44.998,16.7,,2026-2027,
3330,SYASO-PP-23-0008,3328,Construction of Sports Ground at New Sobharo Shah District Tharparkar,40,101,Approved,30.01.24,Jun-27,45.000,100.0,,2026-2027,
3331,SYASO-PP-23-0009,3329,Construction of Sports Ground at UC Mohrano District Tharparkar,40,101,Approved,30.01.24,Jun-27,45.000,100.0,,2026-2027,
3332,SYASO-PP-23-0021,3330,Construction of Synthetic Hockey Turf Ground at Jacobabad,40,101,Approved,30.01.24,Jun-27,143.000,80.5,,2026-2027,U/R
3333,SYASO-PP-23-0026,3331,"Construction of Grassy Cricket Ground and Synthetic Futsal Ground including Flood Lights at Mehran University, Jamshoro (Revised on 22.05.25)",40,101,Approved,30.01.24,Jun-27,159.500,100.0,,2026-2027,
3334,SYASO-PP-23-0028,3332,"Construction / Installation of Synthetic Hockety Turf and Allied Works at Al-Sagir Hockey Ground Nazimabad, Karachi",40,101,Approved,30.01.24,Jun-27,132.000,100.0,,2026-2027,
3335,SYASO-PP-24-0001,3333,"Construction of Pavilion Cum Seating Steps & Fixing, Installation of Flood Lights at Layari International Synthetic Football Stadium, Karachi",40,101,Approved,03.11.25,Jun-27,499.352,100.0,,2026-2027,
3336,SYASO-PP-25-0001,3334,Construction of Players Hostel Woman Sports Club & Allied Works at Adjacent Niaz Stadium SSB Hostel Hyderabad,40,101,Approved,07.10.25,Jun-28,131.998,45.5,,2026-2027,
3337,SYASO-PP-25-0002,3335,Construction of Outdoor Synthetic Sports Arena at adjacent Disabled Center Karachi,40,101,Approved,07.10.25,Jun-28,77.000,43.8,,2026-2027,
3338,SYASO-PP-25-0003,3336,"Construction of Sports Ground at Jawar UC Jawar Taluka Mirpur Methlo, District Ghotki",40,101,Approved,07.10.25,Jun-28,76.000,37.8,,2026-2027,
3339,SYASO-PP-25-0004,3337,"Construction of Sports Ground at Sardargarh UC Kandlo Taluka Khangarh, District Ghotki",40,101,Approved,07.10.25,Jun-28,74.997,100.0,,2026-2027,
3340,SYASO-PP-25-0005,3338,Construction of Grassy Cricket Ground at baledia Taluka Mahar District Dadu,40,101,Approved,07.10.25,Jun-28,76.000,44.4,,2026-2027,
3341,SYASO-PP-25-0006,3339,"Construction of Sports Ground at Qazi Badal UC Qazi Badal Taluka Khangarh, District Ghotki",40,101,Approved,07.10.25,Jun-28,75.500,100.0,,2026-2027,
3342,SYASO-PP-25-0007,3340,Construction of Outdoor Synthetic Sports Arena at Qasimabad Hyderabad,40,101,Approved,07.10.25,Jun-28,109.999,100.0,,2026-2027,
3343,SYASO-PP-25-0008,3341,Construction of Sports Ground at Goth Muhammad Paryal Khan Mahar Taluka Lakhi District Shikarpur,40,101,Approved,07.10.25,Jun-28,75.000,100.0,,2026-2027,
3344,SYASO-PP-25-0009,3342,"Construction of Sports Ground at Waloo Mahar UC Ali Mahar Taluka Khangrah , District Ghotki",40,101,Approved,07.10.25,Jun-28,75.000,45.0,,2026-2027,
3345,SYASO-PP-25-0010,3343,"Construction of Cricket Indoor Net Practice Flood Lights, & Allied Works at Sardar Ali Muhammad Khan Mahar Sports Complex Ghotki",40,101,Approved,07.10.25,Jun-28,88.000,100.0,,2026-2027,
3346,SYASO-PP-25-0011,3344,"Rehb/ Up-Gradation of Sports Ground, Indoor Hall & Establishment of GYM Installation of Receational Lights at Govt. Boys College Mehar Dadu",40,101,Approved,07.10.25,Jun-28,77.000,37.6,,2026-2027,
3347,SYASO-PP-25-0012,3345,Construction of Grassy Cricket Ground Bahdurpur at District Jacobabad,40,101,Approved,07.10.25,Jun-28,74.500,45.3,,2026-2027,
3348,SYASO-PP-25-0013,3346,Construction of Multipurpose Hall Prem Nagar Islamkot Tharparkar,40,101,Approved,07.10.25,Jun-28,87.999,39.8,,2026-2027,
3349,SYASO-PP-25-0014,3347,Construction of Sports Ground at Taluka Head Quarter Khemejo Par District Tharparkar,40,101,Approved,07.10.25,Jun-28,75.000,45.0,,2026-2027,
3350,SYASO-PP-25-0015,3348,"Rehb / Up-Gradation of Sindh Youth & Construction of Gym, Pedal Court, Futsul Arena at SYC Gulistan-e-Johar",40,101,Approved,07.10.25,Jun-28,88.000,100.0,,2026-2027,
3351,SYASO-PP-25-0016,3349,"Construction of Sports Ground at village Sardar Haji Abdullah Halipoto at Kapirmori, Taluka Matli, District Badin",40,101,Approved,08.10.25,Jun-28,74.250,38.7,,2026-2027,
3352,SYASO-PP-25-0017,3350,"Construction of Cricket Ground Mirpur Bhuriro Taluka Thul, District Jacobabad",40,101,Approved,08.10.25,Jun-28,74.000,50.7,,2026-2027,
3353,SYASO-PP-25-0019,3351,Construction of Sports Ground Town Committee Shadi Pali Taluka Pithoro,40,101,Approved,08.10.25,Jun-28,73.900,36.4,,2026-2027,
3354,SYASO-PP-25-0020,3352,"Rehabilitation / Up-gradation of Shaheed Banazir Park, Shikarpur, including compound wall, solar lights, and provision of sports equipment in Ladies club and Gymkahna, Shikarpur.(SDG-104) [Ref#104]",40,101,Approved,08.10.25,Jun-27,75.000,100.0,,2026-2027,
3355,SYASO-PP-25-0021,3353,"Construction of Grassy Football Ground, Pavilion and Flood Light with Earth Filling NA-230 District Malir(SDG-219) [Ref#219]",40,101,Approved,08.10.25,Jun-27,100.000,100.0,,2026-2027,
3356,SYASO-PP-25-0022,3354,"Construction of Grassy Cricket Ground, Pavilion and Flood Light with Earth Filling at Khalifa Jatt UC Rehri. PS-87 Malir Karachi(SDG-225) [Ref#225]",40,101,Approved,08.10.25,Jun-27,100.000,100.0,,2026-2027,
3357,SYASO-PP-25-0023,3355,"Construction of Young Shaheen Grassy Football Ground, Pavilion and Flood Light with Earth Filling PS-87 Malir Karachi(SDG-230) [Ref#230]",40,101,Approved,08.10.25,Jun-27,50.000,100.0,,2026-2027,
3358,SYASO-PP-25-0024,3356,"Construction of Young Muzafarabad Grassy Football Ground, Pavilion and Flood Light with Earth Filling PS-87, District Malir Karachi(SDG-231) [Ref#231]",40,101,Approved,08.10.25,Jun-27,50.000,100.0,,2026-2027,
3359,SYASO-PP-25-0025,3357,"Construction of Janbaz Football Ground UC-6, Dawood Chali District Malir, Karachi(SDG- 589) [Ref#589]",40,101,Approved,08.10.25,Jun-27,126.278,100.0,,2026-2027,
3360,SYASO-PP-25-0026,3358,"Contraction of Jalander Football Ground UC Khudabad, District Malir Karachi [Ref#1079]",40,101,Approved,08.10.25,Jun-27,113.718,100.0,,2026-2027,
3361,SYASO-PP-25-0018,3359,"Installation of Flood Lights at Niaz Stadium, Hyderabad",40,101,Approved,,Jun-28,80.000,6.3,,2026-2027,
3362,SYAYA-PP-22-1425,3360,Construction of Youth Development Centre at District Dadu (Revised 22.05.25),40,102,Approved,13.05.22,Jun-27,189.583,100.0,,2026-2027,
3363,SYAYA-PP-22-1430,3361,Construction of Youth Development Centre at District Sanghar (Revised 22.05.25),40,102,Approved,13.05.22,Jun-27,175.144,100.0,,2026-2027,
3364,SYAYA-PP-22-1436,3362,Construction of Youth Development Centre at District Thatta (Revised 22.05.25),40,102,Approved,13.05.22,Jun-27,175.721,100.0,,2026-2027,
3365,SYAYA-PP-22-1438,3363,Construction of Youth Development Centre at District Keamari (Revised 22.05.25),40,102,Approved,13.05.22,Jun-27,189.669,100.0,,2026-2027,
3366,SYAYA-PP-22-1446,3364,Youth Citizen Journalism Programme,40,102,Approved,30.01.24,Jun-27,20.000,70.1,,2026-2027,
3367,SYAYA-PP-22-1448,3365,Youth Development & Leadership Programme,40,102,Approved,14.04.23,Jun-27,20.000,76.4,,2026-2027,
3368,SYAYA-PP-23-0030,3366,Capacity Building of Youth on E-Commerce & Freelancing,40,102,Approved,30.01.24,Jun-27,30.000,50.6,,2026-2027,
3369,SYAYA-PP-23-0032,3367,Youth Talent Hunting & Rewarding Programme,40,102,Approved,30.01.24,Jun-27,55.000,9.1,,2026-2027,
3370,SYAYA-PP-23-0033,3368,Digital Skill Training for Youth Programme,40,102,Approved,30.01.24,Jun-27,30.000,56.2,,2026-2027,
3371,SYAYA-PP-23-0034,3369,Youth Skill Development Programme (Phase- II),40,102,Approved,30.01.24,Jun-27,30.000,54.7,,2026-2027,
3372,SYAYA-PP-23-0035,3370,Youth Emerging Star Programme,40,102,Approved,30.01.24,Jun-27,30.000,66.0,,2026-2027,
3373,SYAYA-PP-23-0037,3371,Construction of Youth Hostel at Umerkot,40,102,Approved,30.01.24,Jun-27,96.800,99.6,,2026-2027,
3374,SYAYA-PP-23-0038,3372,Construction of Youth Hostel at Shikarpur,40,102,Approved,30.01.24,Jun-27,96.800,100.0,,2026-2027,
3375,SYAYA-PP-23-0039,3373,Construction of Youth Hostel at Sehwan District Jamshoro,40,102,Approved,30.01.24,Jun-27,96.800,49.3,,2026-2027,
3376,SYAYA-PP-23-0040,3374,Construction of Youth Hostel at Tharparkar,40,102,Approved,30.01.24,Jun-27,96.800,100.0,,2026-2027,
3377,SYAYA-PP-25-0001,3375,"Construction of Regional Youth Development Centre in Sindh (05 Units), Hyderabad, Larkano, Khairpur, Mirpurkhas & SBA (Missing Scheme 2021-22)",40,102,Approved,24.12.09,Jun-27,328.711,84.6,,2026-2027,
3378,SYAYA-PP-25-0002,3376,SEEDE (Sindh Economic Empowerment & Development Through Entrepreneurship),40,102,Approved,,Jun-28,17.000,25.0,,2026-2027,
3379,SYAYA-PP-25-0003,3377,Woman Entrepreneurs Initiative,40,102,Approved,,Jun-28,17.000,25.0,,2026-2027,
3380,SYAYA-PP-25-0004,3378,Mental Wellbeing,40,102,Approved,,Jun-28,17.000,25.0,,2026-2027,
3381,ENDTC-PP-16-0151,3379,Construction of Pre-Treatment System for RO Plant LBOD Water Supply Scheme at Nabisar for Thar Coal Power Project.,41,103,Approved,03.08.16,Jun-28,3250.150,51.3,,2026-2027,
3382,ENDTC-PP-22-1452,3380,Rehabilitation of Mine rescue Centre and Mine Poly Trade Institution at Lakhra & Tharparkar,41,103,Approved,05.09.22,Jun-28,356.000,0.0,,2026-2027,
3383,ENDTC-PP-22-1455,3381,Study on Coal Briquetting and Coke Manufacturing,41,103,Approved,12.05.22,Jun-28,32.820,47.2,,2026-2027,
3384,ENDTC-PP-23-0001,3382,Thar Coal Rail Connectivity with existing Railway Network including Last Mile Connectivity with Port Qasim (Revised on 21.05.2026 by ECNEC at a cost of Rs. 90033.163 million. 50% GoP : 50% GoS),41,103,Approved,12.11.23,Jun-28,45016.581,59.1,,2026-2027,
3385,ENDTC-PP-22-1454,3383,"Automation of Royalty Regime in Mining Sector, Establishment of Royalty Check Posts and Installation of WeighBridges at Thatta, Jamshoro Coalfield Areas",41,103,Approved,,Jun-28,100.000,0.0,,2026-2027,
3386,ENDTC-PP-25-0002,3384,Essential work for the handing / taking over of Coal Water Works Project between Irrigation Department and Thar Power Company Ltd.,41,103,Approved,,Jun-28,997.560,11.0,,2026-2027,
3387,SGABD-PP-21-1174,3385,Establishment of Provincial Civil Services Academy Sindh (SDG # 9),42,104,Approved,,Jun-28,1000.000,0.1,,2026-2027,
3388,TRDTM-PP-09-0012,3386,"Rehabilitation of Drivers Training School under Public Private Partnership at Karachi, Hyderabad, Sukkur, Larkano (C: 29.639 + R: 72.569)",43,105,Approved,12.11.09,Jun-27,102.208,74.9,,2026-2027,U/R
3389,TRDTM-PP-11-0035,3387,"Construction of Bus Terminals in Thatta, Badin and Qamber Shahdadkot at Miro Khan (C: 470.70 + R:3.470) (Revised Date: 29-07-2025 Capital: 470.70 Revenue: 3.47 Total Cost: 474.17)",43,105,Approved,15.12.11,Jun-27,474.174,100.0,,2026-2027,
3390,TRDTM-FP-19-0438,3388,"Construction of BRT Red Line Project, Karachi. (Total cost Rs.78,384.30 M including ADB Loan Rs.35,787.67 M + AIIB Rs.14,403.99 M+ AFD Rs.11,403.99 M+GCF Rs.7,782.67M + GoS Share Rs.12,006.00 M)*",43,105,Approved,29.08.19,Jun-27,12006.000,158.0,,2026-2027,
3391,TRDTM-FP-19-0439,3389,"Karachi Urban Mobility Project- Yellow Line BRTs Corridor (World Bank Assisted Project Total Cost Rs.173,586.00 M including WB Loan Rs.150,418.10 M + GoS Rs.10,495.10 M + Private Sector Share Rs.12,672.80 M)** (Revised Date: 02-02-2026 Capital: 10495.10 Revenue: 0.00 Total Cost: 10495.10)",43,105,Approved,02.10.19,Jun-28,10495.100,124.8,,2026-2027,
3392,TRDTM-PP-19-0440,3390,"Automation of RTA,PTA. (Revised on 25.04.2022) (Revised Date: 23-12-2025 Capital: 0.00 Revenue: 137.18 Total Cost: 137.18)",43,105,Approved,06.01.20,Jun-27,137.177,100.0,,2026-2027,
3393,TRDTM-PP-22-1456,3391,Rehabilitation of Existing Bus Terminal at Larkano. (C:191.00 m +R:3.220 m),43,105,Approved,02.01.24,Jun-27,194.220,100.0,,2026-2027,
3394,TRDTM-PP-22-1465,3392,Upgradation of 4 Junction as per International Standards in Karachi,43,105,Approved,03.04.23,Jun-27,310.259,100.0,,2026-2027,
3395,TRDTM-PP-22-1467,3393,Construction of Bus Lay-Bys along Major Roads in Karachi,43,105,Approved,03.04.23,Jun-27,308.313,100.0,,2026-2027,
3396,TRDTM-PP-23-0001,3394,Construction/Establishment of Bus and Taxi Stand at Kandhkot City,43,105,Approved,10.07.23,Jun-27,197.494,100.0,,2026-2027,
3397,TRDTM-PP-23-0002,3395,Construction of Inter City Bus Terminal at Thul.,43,105,Approved,10.07.23,Jun-27,243.989,100.0,,2026-2027,
3398,TRDTM-PP-23-0003,3396,Construction of Parking Plaza in Hyderabad.,43,105,Approved,03.03.25,Jun-28,666.457,52.0,,2026-2027,
3399,TRDTM-PP-23-0004,3397,Conustruction of Bus Terminal in Mirpurkhas,43,105,Approved,05.05.25,Jun-27,303.782,100.0,,2026-2027,
3400,TRDTM-PP-23-0007,3398,Installation/Upgradation of Traffic Signals in Karachi (Phase-II).,43,105,Approved,25.05.24,Jun-27,170.000,100.0,,2026-2027,
3401,TRDTM-PP-23-0008,3399,Construction of Parking Areas and Tuck Shops under Bridges of BRT Orange and Green Lines in Karachi,43,105,Approved,26.07.24,Jun-27,130.805,100.0,,2026-2027,
3402,TRDTM-PP-23-0010,3400,Capacity Building and Logistic Support of SMTA and Transport & Mass Transit Department,43,105,Approved,26.07.24,Jun-27,121.221,100.0,,2026-2027,U/R
3403,TRDTM-PP-23-0011,3401,Upgradation / Installation of Traffic Signals at 3 Junctions in Hyderabad.,43,105,Approved,10.07.23,Jun-27,233.486,100.0,,2026-2027,
3404,TRDTM-PP-23-0012,3402,Construction of Bus Terminal in Sanghar,43,105,Approved,18.04.25,Jun-27,184.639,100.0,,2026-2027,
3405,TRDTM-PP-23-0018,3403,Rehabilitation of Potholes at Different Places of Shahrah-e-Faisal at the Route of Peoples Bus Service from Metropole Hotel to Airport.,43,105,Approved,25.05.24,Jun-27,126.590,100.0,,2026-2027,
3406,TRDTM-PP-23-0019,3404,Modification/ Beautification of junctions in Different Areas of Karachi,43,105,Approved,28.03.24,Jun-27,143.718,100.0,,2026-2027,
3407,TRDTM-PP-23-0022,3405,Improvement / Rehabilitation of Route No.3 (Khuwaja Ajmer Nagar to Nagan Chowrangi via Anda Mor at North Karachi),43,105,Approved,14.05.24,Jun-27,872.009,100.0,,2026-2027,
3408,TRDTM-PP-25-0001,3406,Development of Parking and charging facility for EV Taxi Service,43,105,Approved,14.01.26,Jun-27,265.677,100.0,,2026-2027,
3409,TRDTM-PP-25-0003,3407,Procurement of Intracity Buses,43,105,Approved,16.02.26,Jun-28,3739.283,62.0,,2026-2027,
3410,WDDWD-PP-10-0011,3408,Women Development Complex at Sukkur (Revised Date: 02-01-2024 Capital: 199.94 Revenue: 14.69 Total Cost: 214.63),44,106,Approved,05.05.11,Jun-27,214.629,100.0,,2026-2027,
3411,WDDWD-PP-16-0156,3409,Establishment & Strengthening of Darul Aman at Mirpurkhas & Jacobabad (Revised Date: 27- 11-2023 Capital: 148.84 Revenue: 29.17 Total Cost: 178.02),44,106,Approved,05.05.11,Jun-27,178.017,100.0,,2026-2027,
3412,WDDWD-PP-17-0275,3410,Establishment of Women Development Complex at Karachi (Revised Date: 20-10-2025 Capital: 578.27 Revenue: 84.05 Total Cost: 662.31),44,106,Approved,12.01.18,Jun-28,662.313,8.5,,2026-2027,
3413,WDDWD-FP-19-0442,3411,Project for Improvement of Livelihood and Well-being of Female Home Based Workers (FHBWs) in the Informal Economic Sector in Sindh Province (Assisted by JICA) (SDG # 1&5) Total Cost: Rs.541.086 million JICA's Share: Rs.435.729 million GOS's Share Rs.105.357 million,44,106,Approved,01.01.20,Jun-27,105.357,45.3,,2026-2027,
3414,WDDWD-PP-19-0444,3412,Repair / Renovation and Improvement of Services of Darul Aman Sukkur (C:14.160 + R:15.840)(SDG # 2),44,106,Approved,18.10.19,Jun-27,30.000,100.0,,2026-2027,
3415,WDDWD-PP-21-1258,3413,E-Commerce & Opportunities for Women in Sindh (Revised Date: 22-10-2025 Capital: 0.00 Revenue: 126.06 Total Cost: 126.06),44,106,Approved,22.12.21,Jun-28,126.064,56.3,,2026-2027,
3416,WSDBE-PP-12-0061,3414,Construction of overhead bridge including approaches on Railway Crossing @ 5/3 of TandoAdam Circular road.,45,107,Approved,24.07.12,Jun-27,207.490,63.3,,2026-2027,
3417,WSDBE-PP-14-0100,3415,Construction of Overhead Bridge on Railway line between Kotri City and the Industrial Area Kotri. District Jamshoro (Revised on 29.05.24),45,107,Approved,06.04.15,Jun-27,1747.469,100.0,,2026-2027,
3418,WSDCN-PP-25-0035,3416,"Consultancy Services for Survey, Study and Detailed Engineering Design for Construction of New Highway Bridge over River Indus between Hyderabad and Kotri (1.12 Kms)",45,107,Approved,15.12.25,Jun-27,147.200,50.0,,2026-2027,
3419,WSDBD-PP-05-0003,3417,Construction of Residential Accommodation for Officers of Works & Services Department at Hyderabad (Revised on 11.03.24),45,108,Approved,07.12.05,Jun-27,198.156,100.0,,2026-2027,
3420,WSDBD-PP-12-0062,3418,Construction of 28 Nos.Suit at Sindh House Islamabad. (Under Re-revision Rs. 1670.440 Million ),45,108,Approved,03.05.13,Jun-27,817.084,79.0,,2026-2027,U/R
3421,WSDBR-PP-22-1824,3419,"Repair & Renovation of Residential Colony and Office Building of Camp Office, Sindh Coal Authority at Mithi Tharparkar.",45,108,Approved,19.11.15,Jun-27,335.996,100.0,,2026-2027,U/R
3422,WSDBR-PP-22-1825,3420,"Establishment of Public School & Darul Sakoon at Prem Nagar Islamkot (Revised on 28.09.23) (C: Rs:2052.681 M, R: Rs: 212.171 M)",45,108,Approved,21.03.22,Jun-27,2264.852,100.0,,2026-2027,
3423,WSDGN-PP-25-0001,3421,"Construction of Community Centre (Including solar lights, electricity and the following facilities) Masjid, Girls Vocational Centre, dispensary location Deh Sarki UC Kurkali Taluka Sanjher. District Sanghar, (SDG# 140) [Ref#140]",45,108,Approved,26.12.25,Jun-27,100.214,100.0,,2026-2027,
3424,WSDCN-PP-25-0033,3422,Construction of Auditorium at Public School Prem Nagar Islamkot District Tharparkar (C: 99.343 + R: 18.860) [Ref#1034],45,108,Approved,10.08.25,Jun-27,118.203,100.0,,2026-2027,
3425,WSDBD-PP-26-0001,3423,Renovation Work of Dargah Hazrat Lal Shahbaz Qalandar (R.A) at Sehwan Sharif.,45,108,Approved,,Jun-27,485.000,100.0,,2026-2027,
3426,WSDCN-PP-15-0077,3424,Construction of link road from Kot Lalu Darya Khan Mari to Mehrabpur via Sangi Minor Road (42.00 Kms). Construction of Various Road In Sehwan (03,45,109,Approved,11.05.16,Jun-27,574.000,100.0,,2026-2027,U/R
3427,WSDCN-PP-16-0168,3425,Units) 01) Nursing School Road 02) Garhi Wari (Strategic Area) 03) Syed Abdullah Shah Institute Of Medical Science Sehwan Sharif Mile 0/0-5/5 (Total Length Of All 9.154 Kms) (Revised Date: 09-06-2026 Capital: 1134.74 Revenue: 0.00 Total Cost: 1134.74),45,109,Approved,24.10.16,Jun-28,1134.741,43.2,,2026-2027,
3428,WSDCN-PP-17-0319,3426,Construction of road from Chaheen Manomal to Padidan Station via Ghulam Hussain Gadahi Sachal Dahar and Areeja village road (17.0 Km) (District Naushahro Feroze.,45,109,Approved,18.12.17,Jun-27,432.974,76.5,,2026-2027,
3429,WSDCN-PP-17-0322,3427,"Construction of Road from Islamkot to Thar Coalfield Blocks VIII, IX, X upto Nagarparkar Road (70 Kms) (Revised Date: 26-01-2026 Capital: 6463.90 Revenue: 0.00 Total Cost: 6463.90)",45,109,Approved,06.04.18,Jun-27,6463.899,95.8,,2026-2027,
3430,WSDIM-PP-19-0452,3428,Constrcution of 02 Nos Prestessed Overhead Bridges @ Link road Connecting National Highway N-5 to Motorway M-9 (Revised Date: 28-04-2025 Capital: 1016.72 Revenue: 0.00 Total Cost: 1016.72),45,109,Approved,02.12.24,Jun-28,1016.715,12.7,,2026-2027,
3431,WSDCN-PP-19-0534,3429,Const: of road from Ali Bunder to Nagarparkar road mile 0/0-129/2 (208.0 Kms) (Revised on 03.05.23),45,109,Approved,29.05.07,Jun-27,9713.229,85.5,,2026-2027,
3432,WSDCN-PP-19-0574,3430,Construction of New Bypass road from Kamber Waggan road to Shahdadkot Bypass (7.80 Kms),45,109,Approved,12.02.20,Jun-27,711.674,100.0,,2026-2027,U/R
3433,WSDCN-PP-19-0588,3431,Construction and Reconditioning of road from National Highway (N-5) Dhabeji Creeks Side at mile 31/0 (50.0 Kms) to connect Port Qasim Dual Carriageway Dhabeji Special Economic Zone (CPEC) (8.00 Kms) (Revised Date: 11- 05-2026 Capital: 4091.58 Revenue: 0.00 Total Cost: 4091.58),45,109,Approved,16.07.20,Jun-28,4091.578,22.4,,2026-2027,
3434,WSDCN-PP-20-0145,3432,Land Acquisition for Construction of Tando Jam Bye - Pass road along Hyderabad Mirpurkhas road mile 0/0-6/0 (9.66 Kms).,45,109,Approved,12.04.21,Jun-27,605.025,100.0,,2026-2027,U/R
3435,WSDCN-PP-20-0146,3433,Construction of Tando Jam Bye Pass road along Hyderabad - Mirpurkhas road (9.66 Km) (Revised on 12.04.2021) (Revised Date: 11-05- 2026 Capital: 3827.45 Revenue: 0.00 Total Cost: 3827.45),45,109,Approved,23.05.17,Jun-28,3827.446,70.7,,2026-2027,
3436,WSDCN-PP-20-0150,3434,Construction / Rehabilitation of road from New National Highway near Khairpur Special Economic Zone to Shah Abdul Latif Univeristy Khairpur via Khairpur Tando Masti road i/c Overhead Bridge Over Main Railway Line near Police Training Center (24' FT Wide road) (7.00 Kms) (Revised on 27.11.24),45,109,Approved,18.10.19,Jun-27,2114.015,100.0,,2026-2027,
3437,WSDCN-PP-21-1492,3435,"Construction of road from Miranpur Buriro to village Muhammad Hayat Brohi via Miskan Brohi, Sharbat Brohi, Gul Hassan Brohi, Ferozabad Bulledi (14.00 Kms) (Revised on 21.05.24)",45,109,Approved,16.11.21,Jun-27,169.991,54.3,,2026-2027,
3438,WSDCN-PP-21-1510,3436,Reconstruction of road from Kandhkot via Kher Shah upto Shahi Wah (13.25 Kms).,45,109,Approved,04.11.21,Jun-27,99.848,100.0,,2026-2027,
3439,WSDCN-PP-21-1514,3437,Construction / Reconditioining of road from Kamran Magsi road Mandhani Point Connect Muhammad Zaman Sarki via Noonari Goth Shabbirabad (8.50 Kms) District Kashmore,45,109,Approved,04.11.21,Jun-27,98.961,100.0,,2026-2027,
3440,WSDCN-PP-21-1515,3438,Construction of road from Lashkar Khan Suhriyani road to Ahmadan Khan Bhangwar / Mushtaq Khan Bhangwar (11.00 Kms),45,109,Approved,04.11.21,Jun-27,96.683,99.2,,2026-2027,
3441,WSDCN-PP-21-1518,3439,Construction / Reconditioning of road form Mandhani Chowk to connect Jamal Pull road (8.75 Kms),45,109,Approved,04.11.21,Jun-27,93.668,100.0,,2026-2027,U/R
3442,WSDCN-PP-21-1627,3440,Reconditioning of road from Warrer Mori Stop to Main Road Lakhat via Nago Shah Chowk to Seri Zaur (0.00-9.00 Kms). (Revised Date: 29- 08-2024 Capital: 166.38 Revenue: 0.00 Total Cost: 166.38),45,109,Approved,06.10.21,Jun-27,166.377,100.0,,2026-2027,
3443,WSDCN-PP-21-1631,3441,Construction / Reconditioning of road from Abdul Majeed Nizamani Otaq to village Muhammad Ali Chang (0.00-8.30 Kms) (Revised on 06.04.23),45,109,Approved,06.10.21,Jun-27,186.273,48.8,,2026-2027,
3444,WSDCN-PP-21-1633,3442,Construction / Reconditioning of road from Haji Khan Stop to village Rahim Khaskheli mile 0/0-6/2 (10.00 Kms) (Revised on 13.04.23),45,109,Approved,14.09.21,Jun-27,148.373,100.0,,2026-2027,
3445,WSDCN-PP-21-1655,3443,"Construction of road from Golo Faqeer to Shahik Rodhan, Bahlil Shah, Sawro & Sijawal Alkhani (10.00 Kms) (Revised on 18.04.23)",45,109,Approved,06.10.21,Jun-27,149.243,100.0,,2026-2027,
3446,WSDCN-PP-22-1674,3444,"Construction of Road Network upgradation of 17 existing roads, connecting to Chuhar Jamali (203 Kms) (RGC) (Revised on 09.12.24)",45,109,Approved,06.05.21,Jun-28,5910.372,60.6,,2026-2027,
3447,WSDCN-PP-22-1675,3445,"Reconditioning / Construction of road from N.H.Way Chandan Mori to connect Majeed Keerio Mudd Banglow road at Commando Centre via Ali Muhammad Mari, Nihal Khan Mari, Fateh Ali Mari, Haji Meehan Khan Mari & other roads mile 0/0-11/7 = 19.00 Km (with 3.80 cm Thick Carpet with Paver Machine) (Width 12ft) . (Revised Date: 19-05-2025 Capital: 364.58 Revenue: 0.00 Total Cost:",45,109,Approved,06.05.21,Jun-28,364.575,59.2,,2026-2027,
3448,WSDCN-PP-22-1678,3446,364.58) Construction of 50 Rft Pre-stressed Bridge over Bulri Shah Wah along Mattaro Jat road i/c link connect to T.M.Khan-Sujawal road (1.90 Kms) (Revised on 17.04.24),45,109,Approved,07.04.22,Jun-27,81.465,54.7,,2026-2027,
3449,WSDCN-PP-22-1679,3447,Construction of 100 Rft Pre-stressed Bridge over Ganj Bahar Wah along Latif Samo road i/c link connect to Naseer Wah road (1.40 Kms) (Revised on 17.04.24),45,109,Approved,07.04.22,Jun-27,92.110,56.6,,2026-2027,
3450,WSDCN-PP-22-1680,3448,Construction of 200 Rft Pre-stressed Bridge over Gooni Canal near Bachal Leghari i/c link connect to Cattle Farm road (2.40 Kms) (Revised on 17.04.24),45,109,Approved,07.04.22,Jun-28,158.253,8.8,,2026-2027,
3451,WSDCN-PP-22-1686,3449,"Construction of road from Darya Khan Mari road to Yousuf Leghari, Mehran Farm mile 0/0- 1/7 (3.00 Kms) (Revised on 17.04.24)",45,109,Approved,19.05.22,Jun-27,66.658,100.0,,2026-2027,U/R
3452,WSDCN-PP-22-1694,3450,Construction of road from Bahoo Khoso to village Bero Jakhrani via Jan Muhammad Jakhrani via Ali Murad Jakhrani and Wahid Bux Jakhrani U.C Bahoo Khoso Taluka Thul (10.00 Kms).,45,109,Approved,17.02.23,Jun-27,169.100,100.0,,2026-2027,
3453,WSDCN-PP-22-1695,3451,Reconditioning of road from Abad to Mubarak via Noor Wah Taluka Thul (12.00 Kms) District Jacobabad.,45,109,Approved,17.02.23,Jun-27,144.485,100.0,,2026-2027,
3454,WSDCN-PP-22-1705,3452,"Construction / Reconditioning of roads of various areas of Taluka Kambar, & City, Taluka Warah & City, Taluka Nasirabad & City",45,109,Approved,17.03.23,Jun-27,222.622,87.5,,2026-2027,
3455,WSDCN-PP-22-1726,3453,"W&R / Reconditioning of roads at different villages of Union Council Zair Pir, Abdul Wahid Buriro and Muhammad Ramzan Unar (3 Units) (7.60 Kms)",45,109,Approved,08.03.23,Jun-27,178.139,100.0,,2026-2027,
3456,WSDCN-PP-22-1728,3454,"Construction / Reconditioning of roads at different villages of Union Council Shahmir Rahu, Sikandarabad & Bhale Dino Kaka (3 Units) 9.00 Kms",45,109,Approved,08.03.23,Jun-27,174.871,51.8,,2026-2027,
3457,WSDCN-PP-22-1736,3455,"Construction of road from Thul City along with path of Anees Minor upto village chuto dool via village Muhammad Ramzan Sarki, village Murad Sarki mile 0/0-5/3+330' (8.75 Kms).",45,109,Approved,23.02.23,Jun-27,160.651,69.0,,2026-2027,
3458,WSDCN-PP-22-1768,3456,Construction of road from abadin Bypass road to Sugar Mill byepass via Syed Khadim Ali Shah (with asphalt) Length 6.00 KMs,45,109,Approved,17.03.23,Jun-27,277.974,66.7,,2026-2027,
3459,WSDCN-PP-22-1781,3457,Construction of Dual Carriageway TandoAllahyar to Nasarpur City MILE 0/0-6/5 (10.60 Kms). (Revised Date: 05-05-2025 Capital: 1012.85 Revenue: 0.00 Total Cost: 1012.85),45,109,Approved,06.03.23,Jun-27,1012.846,86.9,,2026-2027,
3460,WSDCN-PP-22-1782,3458,W/R of road from Manzoor Ali Pitafi road to connect Chamber road @ Fazal Mandri Stop i/c link Haji Ahmed Khan Pitafi and Ahmed Khan Rustamani mile 0/0-8/6 (14.00 Kms). (Revised Date: 19-05-2025 Capital: 468.87 Revenue: 0.00 Total Cost: 468.87),45,109,Approved,22.05.23,Jun-27,468.870,91.4,,2026-2027,
3461,WSDCN-PP-22-1784,3459,"Construction / Reconditioning of various Asphalt Concrete roads in UC- Tando Fazal, Tando Alam Mari, Taluka Rural, District Hyderabad",45,109,Approved,08.03.23,Jun-27,69.878,100.0,,2026-2027,U/R
3462,WSDCN-PP-22-1819,3460,Construction of link road from Tando Adam - Tando Allahyar road Mehran Sugar Mill to Fazlani Mori Right Side IP of Naseer Canal i/c link to connect Tando Adam road & Tando Soomro road mile 0/0-13/0 (20.80 Kms),45,109,Approved,17.03.23,Jun-27,809.406,80.0,,2026-2027,
3463,WSDCN-PP-22-1826,3461,Extension/ construction of Sindh Coastal Highways from 0.00 to 20.00=20.00 Kms (A) Construction of road from RD-97 road to,45,109,Approved,06.03.23,Jun-27,9318.084,100.0,,2026-2027,U/R
3464,WSDCN-PP-22-4214,3462,Village Khushhal Magsi to Village Juma Khan Magsi = 3.0 Kms and (B) Construction road from Bago Daro road to Village Fida Hussain Katohar Magsi and Village Aurangzeb Khan Magsi Mile: 2/5+330'-3/2+330'= 1.0 Kms Total = 4.0 Kms (Revised on 21.05.24),45,109,Approved,24.05.23,Jun-27,124.515,73.8,,2026-2027,U/R
3465,WSDCN-PP-23-0190,3463,Construction of road from Rizwanabad to Daoo road mile 0/0-4/3 (7.00 Kms).,45,109,Approved,10.07.23,Jun-28,139.565,26.3,,2026-2027,
3466,WSDCN-PP-23-0191,3464,"Construction of Flyover on Sui Gas Dhora & Bypass road from village Mehar Vesar to Mehran National Highway, Taluka Mirwah (2.00 Kms)",45,109,Approved,06.07.23,Jun-28,613.685,69.0,,2026-2027,
3467,WSDCN-PP-23-0192,3465,"Construction of road from village Kazi Naeem Akbar to village Khabri, Taluka Lakhi, District Shikarpur (5.00 Kms) District Shikarpur.",45,109,Approved,12.07.23,Jun-27,91.902,100.0,,2026-2027,
3468,WSDCN-PP-23-0228,3466,Construction of Road from Village Sari to Bus Stop Ishaq Lalani UC-Thana Ahmed Khan 9.20 Kms i/c Masonry Structure Asphalt,45,109,Approved,27.06.23,Jun-27,184.867,65.3,,2026-2027,
3469,WSDCN-PP-23-0230,3467,Construction / Reconditioning of roads of Taluka Mirokhan & Taluka Kamber- Shahdadkot (06 units) 8.80 kms,45,109,Approved,07.07.23,Jun-27,149.978,100.0,,2026-2027,
3470,WSDCN-PP-23-0231,3468,Construction / Reconditioning of roads of Taluka Shahdadkot & Taluka Qubo Saeed Khan & Taluka Sijawal Junejo (09 units) 11.10 kms,45,109,Approved,07.07.23,Jun-27,199.923,75.0,,2026-2027,
3471,WSDCN-PP-23-0274,3469,Construction / Reconditioning of roads in Taluka Kazi Ahmed and Sakrand (6.30 Kms) Construction / Reconstruction of road from Adilpur Muhammadpur link road to village,45,109,Approved,19.12.24,Jun-28,197.773,25.0,,2026-2027,
3472,WSDCN-PP-23-0333,3470,"Ghareja via villages Khadwari, Pir Bux Kalhoro, Imamad Bux Kalhoro, Muhammad Bachal Kalhoro Alah Wadhayo Dakhan / Wasan Ruk Chanesar Ruk & Tolo Bhatio road to village Siyano Shaih various links Wazir Quershi Makhan Faqeer Kalhoro, Khadim Hussain Kalhoro, Balach Bullo, Ughan Chachar various Streets, Allah Wasayo MIrbahar , Hoat Sahto villge various Streets & UC Khadwari",45,109,Approved,07.07.23,Jun-28,195.083,42.7,,2026-2027,
3473,WSDCN-PP-23-0335,3471,"(11.40 Kms) (Revised on 29.02.2024) Construction, Widening & Reconditioning of road from Indus Highway @ Jani Bund Police Check Post to connect Warah Nasirabad road via Scarp Drain and Jara Wahoocha i/c approaches (8.00Kms)(18FT.Wide)",45,109,Approved,26.06.23,Jun-28,410.060,85.3,,2026-2027,
3474,WSDCN-PP-23-0336,3472,Construction of Road from Bareecha Hotel to Wahi Aarab Khan Mile 0/0-3/3 (5.40 Kms) I/C Masonry Structure,45,109,Approved,05.07.23,Jun-28,171.746,29.7,,2026-2027,
3475,WSDCN-PP-23-0337,3473,Construction of road from Karchat road to Thana Arab Khan Mile 0/0 - 3/1 (5.00 Kms) Masonary Structure,45,109,Approved,05.07.23,Jun-28,194.104,15.9,,2026-2027,
3476,WSDCN-PP-23-0338,3474,Construction of road from Gul Baig Noohani to village Tall Mari (7.0 Km).,45,109,Approved,27.06.23,Jun-28,193.453,47.6,,2026-2027,
3477,WSDCN-PP-23-0340,3475,Construction of Road from Buhara @5.00 KM Sindh Coastal Highway Ghazi Khan Hadio Baloch to connect Haji Ilyas Bawoh Baloch I/C Links KM=0.00- 10.00=10.00 KMs,45,109,Approved,06.07.23,Jun-27,259.837,68.0,,2026-2027,
3478,WSDCN-PP-23-0341,3476,Construction of Road @39.00 KMs from Gharo Keti Bandar Road to Village Abbass Katiyar KM=0.00-8.00=8.00 KMs,45,109,Approved,27.06.23,Jun-27,196.000,56.6,,2026-2027,
3479,WSDCN-PP-23-0346,3477,Reconditioning of road from Tando Allahyar Piyaro Lund road Shaheed Chowk Post to Dasoori Minor i/c link Ghulam Hussain Lund (19.80 Kms),45,109,Approved,06.07.23,Jun-28,329.613,66.0,,2026-2027,
3480,WSDCN-PP-23-0347,3478,"Construction of two Nos. Overhead Bridges on Nai Desvi (River) road from Thana Bola Khan to Thana Ahmed Khan and on river (Nai) Saree to Mole road near village Wadero Malik Khan Palari, Taluka Thana Bula Khan (Revised Date: 19-05-2025 Capital: 2356.53 Revenue: 0.00 Total Cost: 2356.53)",45,109,Approved,26.06.23,Jun-28,2356.531,2.6,,2026-2027,
3481,WSDCN-PP-23-0349,3479,Remaining work of Construction of road Bridge along Rohri main Canal RD-118 at Tando Masti,45,109,Approved,28.04.25,Jun-28,389.824,100.0,,2026-2027,
3482,WSDCN-PP-23-0350,3480,Construction of Bridge & Road from Mado to Allah Bachayo Jassar and other Villages. (Revised Date: 19-05-2025 Capital: 481.59 Revenue: 0.00 Total Cost: 481.59),45,109,Approved,20.07.23,Jun-27,481.594,40.5,,2026-2027,
3483,WSDCN-PP-24-0002,3481,Scope of Services & Tour for Consultancy Service for Construction of Road from Karachi to Gorakh Hills via Rani Kot (325.00 Kms) & Wahi Pandhi to Gorakh Hills 54.00 Kms (379.00 Kms) (PC-II),45,109,Approved,19.12.24,Jun-27,58.310,100.0,,2026-2027,
3484,WSDCN-PP-24-0031,3482,Construction of road from Naukot to Nohto @ Point Vankel to Ghar Patel Chaton Ghar 80 Rft Bridge over the Dhora to village Ramesh Kumar Bheel Seenglani village Chacher Deh Haido UC Talhi Taluka Kunri (5.00 kms),45,109,Approved,28.04.25,Jun-28,299.142,100.0,,2026-2027,
3485,WSDCN-PP-24-0044,3483,Construction Of Link From Lashari Road To Village Allahyar Veesar I/C Construction Of Link Road From Miani Noor Malah Road To Village Imam Bux Mirani I/C Reconditioning Of Bridge I/C Reconditioning Of Road From Khairodero Regulator To Village Mushtaq Korkani I/C Construction Of Road From Village Mushtaq Korkani To Village Bachal Veesar Via Warrah Barrage (8.00 Kms).,45,109,Approved,18.04.25,Jun-28,297.091,25.3,,2026-2027,
3486,WSDCN-PP-24-0045,3484,Construction / Reconditioning Of Road From Larkano Road To Akil Bridge Via Village Jeewan Bhutto And Agriculture Form (6.60 Kms) & Reconditioning Of Road From Otha Chowk Main Airport Road To Village Fazul Muhammad Abro (Simaie Unar) I/C Retaining Wall (2.00 Kms) (8.60 Kms),45,109,Approved,28.04.25,Jun-28,259.800,25.5,,2026-2027,
3487,WSDCN-PP-24-0046,3485,Construction Of Road From Indus Highway Larkano Ratodero Road To Village Illahi Bux Gopang Via Village Haji Gahrio Jagirani Via Ali Sher Khokher Via Village Mor Khokhar Upto Gadani Mahota Road (4.00 Kms) & Construction Of Road From Irrigation Bungalows To Dargah Haji Mahmood Via Village Soomar Chandio Parallel In Saidu Shakh (I/C M.Structure) (1.50 Kms) (5.50,45,109,Approved,18.04.25,Jun-28,289.280,13.5,,2026-2027,
3488,WSDCN-PP-24-0052,3486,"Kms) Construction of Road @ 24.00 KMs of Sindh Coastal Highway Road to Connect Village Soomar Jatt Village Pandhi Jatt, Village Hashim Jatt, KM 0.00-4.00=4.00 KMs",45,109,Approved,14.04.25,Jun-28,144.769,28.5,,2026-2027,
3489,WSDCN-PP-24-0053,3487,Construction of road from Sindh Coastal Highway @ 3.60 KMs to connect Village Muhammad Hassan Hadyo i/c links Km 0.00- 1.50 = 1.50 Kms,45,109,Approved,14.04.25,Jun-27,49.475,100.0,,2026-2027,
3490,WSDCN-PP-24-0074,3488,Construction of Pre-stressed Bridge i/c approaches for village Kachay Wara Radhan Taluka Shewan mile 0/0-0/3 (0.60 Km),45,109,Approved,23.04.25,Jun-28,169.676,45.1,,2026-2027,
3491,WSDCN-PP-24-0075,3489,Construction of road from village Duri Dero to village Haji Salih Bughio Taluka Sehwan mile 0/0-1/5 (2.60 kms),45,109,Approved,23.04.25,Jun-28,195.914,46.2,,2026-2027,
3492,WSDCN-PP-24-0089,3490,Construction of 3 Nos. Pre-Stressed Bridge and 20 RFT Bridge / Re decking of Existing Bridges Slabs on Northern Bypass Road (Taluka Tando Allahyar),45,109,Approved,21.04.25,Jun-28,667.034,11.0,,2026-2027,
3493,WSDCN-PP-24-0095,3491,Construction Of Overhead Bridge At Gaddani Phatak Sukkur Along With Dislocation W/R Of Road From Gaddani Phattak To Numaish Chowk @ Near Zoo Park (500 Rft Pre-Stressed Brdige & Dual Carriageway Road I/C Qureshi Road Remaining Work) (4.20 Kms) Construction / Improvement of Various Roads In Taluka Sehwan (12 Units) 01) Village,45,109,Approved,23.04.25,Jun-28,1344.045,100.0,,2026-2027,
3494,WSDCN-PP-24-0096,3492,Bhambhan 02) Village Muhammad Ayoub Panhwar 03) Akk Ghuryani To Manchar Band 04) Village Muhammad Saleeh Bhand 05) Village Mehon Khan Shahani 06) Syed Imtiaz Ali Shah Ji Landhi 07) Village Atur Rind 08) Pir Shaikh Via Dargah Talib Shah Bukhari 09) Ameer Ali Birmani Landhi & Duabo 10) Village Ameer Bux Shahkhani 11) Village Wahur 12) Rodnani Colony Bhan Syedabad Via Lundi Shakh ( Total length of all units 32.00 Kms) (Revised Date: 09-06-2026,45,109,Approved,23.04.25,Jun-28,2028.686,40.3,,2026-2027,
3495,WSDCN-PP-24-0100,3493,Capital: 2028.69 Revenue: 0.00 Total Cost: 2028.69) Construction Of Road From Ubauro / Gudu Kashmore Road Mattarkot Bridge Of Dahar Canal RD-15 To Reni Canal RD-75 (4.00kms),45,109,Approved,23.04.25,Jun-28,147.135,20.0,,2026-2027,
3496,WSDIM-PP-24-0101,3494,"Construction Of Road From Gudu, Kashmore Road New Bridge Of Ghotki Feeder Canal RD- 52 To Reni Canal RD-55 (4.00 Kms)",45,109,Approved,28.04.25,Jun-28,147.617,23.4,,2026-2027,
3497,WSDCN-PP-24-0103,3495,Construction Of Road From Machka Seri Mori To Village Hybat Solangi (2.50kms),45,109,Approved,23.04.25,Jun-27,94.291,57.4,,2026-2027,
3498,WSDCN-PP-24-0104,3496,Construction / Reconditioning Of Road From Right Bank Of Ghotki Feeder Canal RD-44 Mureed Shakh Regulator To Mir Kosh Regulator Ghotki Feeder Canal RD-64 And Connect It With Ubaro To Gudu Kashmore Road (7.00 Kms),45,109,Approved,23.04.25,Jun-28,198.121,22.5,,2026-2027,
3499,WSDCN-PP-24-0106,3497,Construction of new Bridge on Ghotki Feeder Canal at RD-52 Opposite Village Khambhra (280 ft.),45,109,Approved,28.04.25,Jun-28,192.399,12.3,,2026-2027,
3500,WSDCN-PP-24-0107,3498,Construction of New Bridge on Ghotki Feeder Canal at RD-38 M-5 Motorway Interchange (294 ft.) Construction / Reconditioning Of road From (I) Village Samander Khan Luhar To Khuwra,45,109,Approved,28.04.25,Jun-28,202.020,12.2,,2026-2027,
3501,WSDCN-PP-24-0109,3499,Marri Link Road UC Sher Kot Taluka Lakhi 0/0-1/4(2.30kms) (2) Village Makka To Lakhi Road Mile 0/0-1/1(1.80kms) (3) Village Rehan Jamali To Lakhi Road Mile 0/0-1/0(1.60kms) (4) Village Nau Goth Shikarpur To Jhali Bund Mile 0/0-0/6(1.20kms)(5)Village Haji Ali Muhammad Brohi Moshque To Lakhi Road Mile 0/0-2/2(3.60kms) (6) Village Mud Khoso,45,109,Approved,21.04.25,Jun-28,505.535,23.8,,2026-2027,
3502,WSDCN-PP-24-0110,3500,To Sukkur Road Mile 0/0-3/6(6.00kms) Total Kms (16.50kms) Construction Of Road From War Waloo Village Pehalwan Shar To Hassan Gurgage (4.00 Kms),45,109,Approved,21.04.25,Jun-28,142.325,13.2,,2026-2027,
3503,WSDCN-PP-24-0114,3501,Construction of road from Sirhari Shakh to Asian Development Bank road (6.00 km),45,109,Approved,28.04.25,Jun-28,241.848,100.0,,2026-2027,
3504,WSDCN-PP-24-0121,3502,Construction of Road from Kharsar to Village Pabsiro Mile 0/0-3/6 (6.00 Kms),45,109,Approved,28.04.25,Jun-28,437.812,11.0,,2026-2027,
3505,WSDCN-PP-24-0122,3503,Construction of road from Edani Kalario road to village Dhanani mile 0/0-2/0 (3.20 kms),45,109,Approved,28.04.25,Jun-28,143.784,11.0,,2026-2027,
3506,WSDCN-PP-24-0123,3504,Construction of road @ 2.80 KMs of Village Ahmed Khan Kalmati road Village Raees Aijaz Kalmati and village Jaan Muhammad Kalmati. KM 0.00-1.60=1.60 KMs,45,109,Approved,21.04.25,Jun-28,64.608,100.0,,2026-2027,
3507,WSDCN-PP-24-0126,3505,"Construction / Reconditioning Of Road From Gudu Kashmore Road New Birdge Of Ghotki Feeder RD-52 To Village Ghazi Dashti, Dashti Farm, Motorway M-5 Via Allah Dita Memon, Mehmood Memon, Bakhir Kosh Muhammad",45,109,Approved,23.04.25,Jun-28,246.573,22.0,,2026-2027,
3508,WSDCN-PP-24-0127,3506,"Construction/Reconditioning Of Road From Right Bank Of Ghotki Feeder Canal RD-17, Waris Pull To Mureed Shakh Regulator RD-44 (8.70kms)",45,109,Approved,23.04.25,Jun-28,304.131,21.6,,2026-2027,
3509,WSDCN-PP-24-0129,3507,Construction Of Road From @ Point Daro Village Moor Kalhoro To Sadique Kalhoro To Village Jhijhan Road Mile 0/0-6/2 With 200 Rft Pre-Sreessed Bridge (Revised Date: 19-05- 2026 Capital: 1010.28 Revenue: 0.00 Total Cost: 1010.28),45,109,Approved,28.04.25,Jun-28,1010.280,71.7,,2026-2027,
3510,WSDCN-PP-24-0132,3508,Construction Of Bypass From Waggan-Warah Road @ Yarodero To Connect Indus Highways (N-55) Via Kamber-Waggan Road (5.00 Kms),45,109,Approved,23.04.25,Jun-28,1025.147,19.4,,2026-2027,
3511,WSDCN-PP-25-0001,3509,Construction Of Road Along Right Bank Of Pinyari Canal From Hyderabad Bypass To Ganghra Mori Via Ex-National Highway Hyderabad 0.0 - 3.5 Kms (Phase-1),45,109,Approved,08.09.25,Jun-27,1185.115,39.0,,2026-2027,
3512,WSDCN-PP-25-0002,3510,Construction Of Road Along Left Bank Of Pinyari Canal From Phuleli Mori Regulator To Ganghra Mori Via Hyderabad Bypass Hyderabad 0.0 - 3.00 Kms Phase-1,45,109,Approved,08.09.25,Jun-27,1003.025,54.8,,2026-2027,
3513,WSDCN-PP-25-0004,3511,Construction of Road from Bado Mahar Road to connect Dost Mohammad Chutto Road via Village Saleemabad Road and Soomar Chutto Road 0.00-3.0 km (with 3.80 cm thick asphalt surface.,45,109,Approved,01.10.25,Jun-27,109.693,50.1,,2026-2027,
3514,WSDCN-PP-25-0006,3512,Construction of Additional Carriageway from Larkano Professor Colony to Kambar via Beero Chandio (21.60 Kms),45,109,Approved,05.08.25,Jun-27,4999.489,67.3,,2026-2027,
3515,WSDCN-PP-25-0007,3513,"Constraction of Road from Shahdadkot / Ratodero (M-8) to village Soonharo Shakh, via Village Sirai Qurban Bhatti, Thatare (3.30 Km) and Reconditioning of Road from (M-8) to village Sain Rakhio Brohi (1.40 kms) , (Total 4.70 Kms)",45,109,Approved,31.10.25,Jun-27,175.833,45.5,,2026-2027,
3516,WSDCN-PP-25-0008,3514,Construction Of Bypass From Larkana- Mirokhan Road To Connect Kamber-Sijawal Road (5.50 Kms).,45,109,Approved,05.08.25,Jun-27,985.296,52.4,,2026-2027,
3517,WSDCN-PP-25-0009,3515,Construction Of Bypass From (N-55)@Point Chanhar To Connect (N-55) Chingni Shakh Via Saeed Khan Panhwar (5.80 Kms),45,109,Approved,27.08.25,Jun-27,1056.582,100.0,,2026-2027,
3518,WSDCN-PP-25-0010,3516,Construction/Reconditioning of Road From Indus Highway JB Police Post to Qabool Teewno o via Bachee & Chowdero (4.00 Kms),45,109,Approved,09.07.25,Jun-27,149.691,69.0,,2026-2027,
3519,WSDCN-PP-25-0011,3517,Construction / Reconditioning Of Road From Kandhkot Saifal Road To Village Kamran Khan Bajekani (6.44 Km),45,109,Approved,30.09.25,Jun-27,157.656,22.6,,2026-2027,
3520,WSDCN-PP-25-0012,3518,Construction Of Wall From Mirwah Canal Bridge Khaki Shah To Garhi Pul I/C Foot Path & Roads Work,45,109,Approved,09.07.25,Jun-27,79.410,38.1,,2026-2027,
3521,WSDCN-PP-25-0014,3519,Construction Of Road Along Nazar Railway Line To Connect Indus Highway (Remaining Portion),45,109,Approved,09.07.25,Jun-27,64.963,100.0,,2026-2027,
3522,WSDCN-PP-25-0015,3520,Construction Road From Larkana Khairpur To Abdul Rehman Kalhoro (4.00 Kms) Construction / Reconditioning of Road /,45,109,Approved,09.07.25,Jun-27,159.971,23.4,,2026-2027,
3523,WSDCN-PP-25-0016,3521,"Paverwork Of Village Din Muhammad Napar, Village Pehlwan Chandio , Village Khan Muhammad Khan Pathan, Village Nabi Bux Soomro , Mian Sahib (City) , Village Mangrio Wahi Soomro Goth , Village Jiapur Kato, Village Tahir Khan Khunwaro, Village Sudhir Unar, Village Mirbahar/Khan Muhammad",45,109,Approved,30.09.25,Jun-27,284.454,100.0,,2026-2027,
3524,WSDCN-PP-25-0017,3522,"Pathan Unar Village (6.00 Kms) Construction & Re-Construction Of Road From Dhandhi Thikratho Link Road To Thikratho Cadet College Via Village Shah Muhammad Bhatti And Asgher Bhogr, Somer Shaheed, Hameer Mangrio (5.40 Kms)",45,109,Approved,09.07.25,Jun-27,127.907,100.0,,2026-2027,
3525,WSDCN-PP-25-0018,3523,Construction Of Road From Dhandhi Batti Chowk To Drig Bhit Via Shahpur Bhilini Lath Minor Road And Various Kot Links Of Uc Roopar(20.00Kms),45,109,Approved,27.08.25,Jun-27,581.275,55.9,,2026-2027,
3526,WSDCN-PP-25-0020,3524,"Construction / Reconditioning Of Road From Larkano-Khairpur Road To Connect Sukkur Road Via Purano Abad, Sono Jatoi & Dodo Sanhri (37.00 Kms) (12' Ft: Wide).",45,109,Approved,30.09.25,Jun-27,1396.358,65.0,,2026-2027,
3527,WSDCN-PP-25-0025,3525,"Construction of Tuff Paver at Village Ali Hassan Bambal, Village Haji Shabir Bambal, Village Ibrahim Bambal Taluka Thul District Jacobabad [Ref#139]",45,109,Approved,27.01.26,Jun-27,50.000,100.0,,2026-2027,
3528,WSDCN-PP-25-0026,3526,Construction of Tuff Paver at various villages of Taluka Thul District Jacoababd [Ref#462],45,109,Approved,27.01.26,Jun-27,100.000,100.0,,2026-2027,
3529,WSDCN-PP-25-0027,3527,"Construction of Surface Drains, Paver Block, C.C block and culverts at the village of Hamidabad Taluka Kingri, UC Kolab Jail and Reconditioning of road from BHU Wada Mahesar to Village Khuda Bux Maitlo 1.00 Km Taluka Kingri District Khairpur Mir’s [Ref#411]",45,109,Approved,19.11.25,Jun-27,49.993,100.0,,2026-2027,
3530,WSDCN-PP-25-0028,3528,"Construction of Surface Drains, Paver Block, C.c block and culverts at the UC Rahooja , U.C Manganwari Taluka Kingri and Reconditioning of road from Ahmedpur manganwari road to Chatan Shah 3.00 Kms Taluka Kingri District Khairpur Mir’s. [Ref#412]",45,109,Approved,19.11.25,Jun-27,99.986,100.0,,2026-2027,
3531,WSDCN-PP-25-0034,3529,Construction of Dual Carriageway from Qamber to Shahdadkot via Behram (31.00 Kms),45,109,Approved,13.10.25,Jun-27,6484.699,62.5,,2026-2027,
3532,WSDCN-PP-25-0003,3530,"Construction Of Interchange, Interchange Road, 30M Wide Road, 25M Wide Approach And Earth Reinforced Wall At Malir Expressway A) Construction Of 1 Nos Pre- Stressed Overhead Bridge @ Shahra-E-Bhutto (Malir Expresswasy) Connecting Education City To Malir Expressway B) Construction Of 1.36 Km Road Connecting Malir Interchange To Education City",45,109,Approved,,Jun-28,2200.000,2.3,,2026-2027,
3533,WSDFA-FP-22-4201,3531,"Sindh Flood Emergency Reconstruction Project (Emergency Flood Assistance Project EFAP - Sindh Works & Services Department Component) (Total Rs. 60,053.771 million - 87% ADB loan - Rs. 52,067.60 million, 13% GOS). (Revised Date: 21-05-2026 Capital: 7986.16 Revenue: 0.00 Total Cost: 7986.16)",45,110,Approved,06.12.22,Jun-27,7986.160,100.0,,2026-2027,
3534,WSDGN-PP-13-0039,3532,"Up-grading of (44 Nos.) Vulnerable Un- manned Level Crossing in Sindh (Hyd, Matiari, Jamshoro, TA Yar, N.F, Dadu, Larkano, Shikarpur, Kandhkot, Jcd, Ghotki)",45,111,Approved,09.05.14,Jun-27,565.411,100.0,,2026-2027,U/R
3535,WSDIM-PP-11-0036,3533,W/R of National Highway Chandan Escape to Oderolal Station via Deh Dari road 6/1-14/1 (12.88 Km) (Revised on 22.05.23) (Revised Date: 19-05-2025 Capital: 626.95 Revenue: 0.00 Total Cost: 626.95),45,112,Approved,12.08.21,Jun-28,626.954,100.0,,2026-2027,
3536,WSDIM-PP-12-0056,3534,Improvement of road from Jamshoro road National Highway Bye Pass road via J.J.V.L Gas Company road mile 0/0-6/0 (9.66 Kms) (Revised on 22.05.23) (Revised Date: 19-05- 2025 Capital: 1158.31 Revenue: 0.00 Total Cost: 1158.31),45,112,Approved,04.10.12,Jun-28,1158.309,18.5,,2026-2027,
3537,WSDIM-PP-14-0091,3535,"Block provision for improvement of roads in Sindh (N.Feroze, Khairpur, Sukkur, Ghotki, Shikarpur, Larkano, Shahdadkot, Jacobabad, Kashmore, Thatta, Hyderabad, T.Yar, T.M.Khan Matiari, M.Khas, Sujawal, Thar, Sanghar, U.K, Badin, Jamshoro, S.B.A, Dadu, Karachi.",45,112,Approved,24.03.15,Jun-27,2324.061,92.4,,2026-2027,
3538,WSDIM-PP-14-0094,3536,W/R of road from RQC Lakhi Ghulam Shah to Khanpur upto Shikarpur Rustam road (13.50 Kms),45,112,Approved,29.05.15,Jun-27,199.381,99.8,,2026-2027,U/R
3539,WSDIM-PP-15-0067,3537,W/R of road from Mounder Naka to Gul Muhammad Dawach mile 0/0-10/0 (16.10 Kms) (Revised Date: 02-03-2026 Capital: 302.37 Revenue: 0.00 Total Cost: 302.37),45,112,Approved,01.06.16,Jun-27,302.371,71.8,,2026-2027,
3540,WSDIM-PP-15-0069,3538,Widening / Reconditioning of road from Jati to Ladyoon mile 0/0-15/7 (25.00 Km),45,112,Approved,02.09.15,Jun-27,306.209,98.6,,2026-2027,U/R
3541,WSDIM-PP-17-0302,3539,"W/R & Rehabilitation of raod from Khairpur Shadi Shaheed road @ mile 3.00 to Shah Waryal Usta Gahi road via Khadim Hussain Katohar with link Gundero, Sonon Shaikh & Kajalo Katohar road (20.00 Kms) (Revised on 02.01.2024)",45,112,Approved,21.03.18,Jun-27,491.971,70.7,,2026-2027,
3542,WSDIM-PP-19-0445,3540,Improvement / Construction of Ghulamullah to Garho road i/c Bridge over Creek and Construction of link upto National Highway on west of Garho Town mile 0/0-18/0=29.98 Kms (Revised),45,112,Approved,05.06.20,Jun-28,570.717,45.6,,2026-2027,U/R
3543,WSDIM-PP-19-0511,3541,Improvement of road from Nangreja to Naseer Fakeer Jalalani road (15.25 Kms) (Revised on 01.10.24),45,112,Approved,20.02.20,Jun-28,324.249,51.8,,2026-2027,
3544,WSDIM-PP-19-0526,3542,Widening/Reconditioning Construction of road from Gujjo-Jungshahi road @mile 1/5 to Haleji Lake mile 0/0-3/3=5.43 Kms,45,112,Approved,03.03.20,Jun-27,164.606,100.0,,2026-2027,U/R
3545,WSDIM-PP-19-0452-A,3543,Reconstruction of pre-stressed Bridge 1185 RFT (361.17 meter) on Malir Nadi @ mile 10/0@ link road connecting (National Highways N-5 to Motorway M-9) @ Kathore (Revised on 12.08.24),45,112,Approved,30.09.20,Jun-28,976.330,41.9,,2026-2027,
3546,WSDIM-PP-20-0129,3544,Re-Conditioning & Construction of road from New Indus Bridge @ Razi Dero to khan Wahan (35.40 Kms) (Revised on 12.02.24),45,112,Approved,24.07.17,Jun-27,667.779,74.6,,2026-2027,
3547,WSDIM-PP-20-0141,3545,Rehabilitation/ Construction of Asphalt Road/ Chuher Luck Cutting From Super Highway to Thano Ahmed Khan (25.50Km) (Revised on 03.05.23),45,112,Approved,18.02.21,Jun-27,968.189,100.0,,2026-2027,
3548,WSDIM-PP-21-1271,3546,"Reconditining of road from GGPS Dhamrah to village Vikya Sanghi, Pandhi Golo, Besham-Ji- Wandh upto Larkano Mirokhan road. Reconditioning / Construction of road from village Razi Khan Jagirani, village Khan Muhammad Jhinjhin, village Hazori Sanghi upto village Mehrab Jhinjhin. Reconditioning of road from Indus Highway to village Shah Baig Jamali, village Lal Dino Bhutto upto Larkano Rasheed Waggan road (15.10 Kms)",45,112,Approved,26.10.21,Jun-27,202.724,100.0,,2026-2027,
3549,WSDIM-PP-21-1422,3547,"(i/c M. Structure) (Revised on 20.02.25) Widening / Reconditioning of Asphalt Concrete road from Tando Fazal to Seri road mile 0/0- 5/4 (8.80 Kms), Taluka Rural Hyderabad (Revised Date: 19-05-2025 Capital: 441.97 Revenue: 0.00 Total Cost: 441.97)",45,112,Approved,13.01.22,Jun-27,441.970,75.6,,2026-2027,
3550,WSDIM-PP-21-1425,3548,Widening / Reconditioning of road from Ansari Sugar Mill (Hyderbad - Badin road) to Moya (9.00 Kms) (Revised on 22.05.23),45,112,Approved,13.01.22,Jun-27,409.638,90.2,,2026-2027,
3551,WSDIM-PP-21-1429,3549,Reconditioning of road from TMK - Sujawal road to Syed Qadir Dino Shah via Syed Rafiq Shah Farm (5.90 Kms) (Revised on 13.04.23),45,112,Approved,06.10.21,Jun-27,148.796,85.0,,2026-2027,
3552,WSDIM-PP-21-1473,3550,"Improvement of road from Sita K.N Shah road to K.N Shah Sindhi Butira road via Raman Khoso & Eisa Machi & Mallah Muhalla at Sita road to Gabarji village, Rajib Rind village, along approach to Sukhpur Shaikh mile 0/0-8/0 (12.87 Kms) (Revised on 18.04.23)",45,112,Approved,06.10.21,Jun-27,120.260,100.0,,2026-2027,U/R
3553,WSDIM-PP-22-1469,3551,"W/R / Construction of road from N.H.Way Rain Shakh to connect Sakrand Mehrabpur road via Trighat Mori, Pir Paryal Shah & Khamiso Chandio and other roads mile 0/0- 11/0 = 17.60 Km (with 5cm thick Asphalt Surface) (Width 12ft - 18ft) (Revised Date: 19- 05-2025 Capital: 455.08 Revenue: 0.00 Total Cost: 455.08)",45,112,Approved,06.05.21,Jun-28,455.082,69.1,,2026-2027,
3554,WSDIM-PP-22-1477,3552,"Reconditioning of road from Mirpurkhas Tando Adam road to connect Tando Allahyar Tando Adam via Pannah Shah, Darya Khan Mirjat, Syed Bachal Shah, Sawali Mehkani, Jumoo Waryah and Anwar Shah mile 0/0-6/6 (10.86 Kms) (1 ½ Thick Asphalt) (Revised on 17.04.24)",45,112,Approved,19.05.22,Jun-27,177.775,46.3,,2026-2027,
3555,WSDIM-PP-22-1480,3553,"Construction / Reconditioning of roads in various UC / Wards of Taluka Sakrand, Nawabshah & Kazi Ahmed of District Shaheed Benazirabad (24.50 Kms) (Revised on 11.03.25)",45,112,Approved,13.05.22,Jun-27,452.822,74.8,,2026-2027,
3556,WSDIM-PP-22-1506,3554,"Repair of road from Indus Highway Habibullah Morr to Indus Bazar, mile 0/0- 11/0 (17.70 kms)",45,112,Approved,06.03.23,Jun-28,634.537,52.4,,2026-2027,
3557,WSDIM-PP-22-1507,3555,W/R & Construction of road from Hub Power Plant road (village Haji Shah Baig) to Hawksbay road village Mubarak mile 0/0-4/1 (6.60 Kms),45,112,Approved,19.05.22,Jun-27,205.427,100.0,,2026-2027,
3558,WSDIM-PP-22-1539,3556,Reconditioning of link road from Kapoor Mori Saleem Gujjar road to Mullakatiar road (11.00 KMs) (Revised Date: 14-05-2026 Capital: 188.35 Revenue: 0.00 Total Cost: 188.35),45,112,Approved,08.03.23,Jun-27,188.346,94.2,,2026-2027,
3559,WSDIM-PP-22-1544,3557,Reconditioning of Love Lane Bridge on Manghopir road and connected roads of the bridge,45,112,Approved,08.03.23,Jun-27,70.806,100.0,,2026-2027,
3560,WSDIM-PP-22-1553,3558,W/R of road from Larkana Miro Khan road to connect Larkana Arija Phero road (1.80 Kms) (Revised Date: 28-02-2026 Capital: 79.60 Revenue: 0.00 Total Cost: 79.60),45,112,Approved,17.02.23,Jun-27,79.600,100.0,,2026-2027,
3561,WSDIM-PP-22-1566,3559,Wedening / Reconditioning of road from Adilpur to Muhammad Pur (7.50 Kms) (Revised on. 29.02.2024).,45,112,Approved,02.03.23,Jun-27,198.311,54.7,,2026-2027,
3562,WSDIM-PP-22-1593,3560,"Reconditioning / Construction of road from N.H Way-Kandi Stop to Connect Sakrand- Mehrabpur road, Majeed Keerio Mudd Bunglow road via village Ghulam Hyder Bhutto, Bachal Dahyo, Jam Dahyo, Noor Bhoora, Loung Chandio, Noor Muhammad Rajput, Jumman Khero, Ahmed Din Chandio, Aalh Dad Chandio, Nadir Pathan, Pir Pariyal Shah, Allah Ditto Chandio, Rukooja Unar, Nizamuin Pathan, Dadh and other roads (22.60 Kms) (3.80cm Thick Asphalt Concrete)",45,112,Approved,05.01.23,Jun-27,348.950,100.0,,2026-2027,
3563,WSDIM-PP-22-1624,3561,"(Revised Date: 26-01-2026 Capital: 348.95 Revenue: 0.00 Total Cost: 348.95) Reconditioning of road from Sujawal Tando Muhammad Khan road Dargah Bulri Shah Karim Gate to village Wali Muhammad Samoo Deh Pakhyari, Nasir Wah (6.00 Kms)",45,112,Approved,08.03.23,Jun-27,103.516,82.9,,2026-2027,U/R
3564,WSDIM-PP-22-1625,3562,Reconditioning of road from Moya Matli road to Mujahid Bridge via village Akbar Rind (6.00 Kms) (Revised Date: 14-05-2026 Capital: 130.39 Revenue: 0.00 Total Cost: 130.39),45,112,Approved,08.03.23,Jun-27,130.389,84.0,,2026-2027,
3565,WSDIM-PP-22-1652,3563,"Widening / Reconditioning / Construction of road from N.H Way to connect Nawabshah Kazi Ahmed road at Chanesar Stop via Dino Shah, Bahadur Chandio, Masti Khan Chandio, Khair Muhammad Rind & Usman Otho other roads 0.00-16.00 Kms (with 5cm Thick Asphalt Surface)",45,112,Approved,13.05.22,Jun-27,315.575,100.0,,2026-2027,
3566,WSDIM-PP-22-1656,3564,W/R of Digri Tando Ghulam Ali road at point Naga Stop to Chutto Madrani via Ghulam Nabi Junejo Mile 0/0 - 6/7 (11.00 Kms),45,112,Approved,06.03.23,Jun-28,341.841,68.0,,2026-2027,
3567,WSDIM-PP-22-1662,3565,Widening / Reconditioning of road from Sheranpur Jaggan Sultankot (30.00 Kms),45,112,Approved,06.03.23,Jun-27,582.562,90.8,,2026-2027,
3568,WSDIM-PP-22-1663,3566,"Reconditioning of road from Chamber to Hyderabad Gulab Laghari Shaikh Bhirkio road via Miran Khori i/c links to village Adbul Rehman Memon, Riaz Memon & Muhamamd Khan Zaur Mile 0/0-12/6 (20.40 Kms)",45,112,Approved,17.03.23,Jun-28,482.985,67.9,,2026-2027,
3569,WSDIM-PP-22-1664,3567,"Reconditioning of road from Sanghar Jamrao Head road to Waheed Kiyani & Chak No,12 road mile 0/0 - 9/3 = 15.00 Kms (With 1-1/2"" thick Asphalt Surface)",45,112,Approved,17.03.23,Jun-27,228.778,58.4,,2026-2027,
3570,WSDIM-PP-22-1665,3568,"Recondioning / Construction of road from Ghaghar Phattak Pak Land road to Alyan, Achar, Sallar village (10.00 Kms)",45,112,Approved,17.03.23,Jun-27,257.948,63.0,,2026-2027,
3571,WSDIM-PP-22-1669,3569,Reconditioning / Construction of road from Garho Ghorabari road 132 Mori to Udasi via Dhandari (15.00 Kms),45,112,Approved,17.03.23,Jun-27,288.221,100.0,,2026-2027,
3572,WSDIM-PP-22-1673,3570,(A) Improvement of road from Sher Shah Soori road to Halipota bridge Shah Bukhari Dargah via Talti i/c Masonary Structure mile (8.00 Kms) (B) Construction of Road from karampur to village mahi Otho (5.00 Kms),45,112,Approved,06.03.23,Jun-28,359.722,77.1,,2026-2027,
3573,WSDIM-PP-22-1835,3571,Improvement / Construction of various roads of District Tando Allahyar,45,112,Approved,06.03.23,Jun-28,677.611,62.5,,2026-2027,
3574,WSDIM-PP-22-1836,3572,Reconditioning of road from Sultankot Mian Jo Goth link to Channa Distry Bridge road.,45,112,Approved,17.03.23,Jun-27,224.743,80.0,,2026-2027,
3575,WSDIM-PP-23-0002,3573,Widening / Reconditioning of road from Indus Highway to the Great Fort Rani Kot upto Meeri Kot i/c new and remaining works of pre- stressed bridges (33.00 Kms),45,112,Approved,26.06.23,Jun-28,1149.478,72.2,,2026-2027,
3576,WSDIM-PP-23-0003,3574,Rehabilitation of road from Old National Highway to Kotdiji @ point Shaheed Benazir Park (Double Road) (1.10 Kms) (Revised Date: 18-11-2025 Capital: 124.07 Revenue: 0.00 Total Cost: 124.07),45,112,Approved,07.07.23,Jun-27,124.074,82.3,,2026-2027,
3577,WSDIM-PP-23-0004,3575,W/R of road from Nawabshah Kazi Ahmed road @ Juna Mori Stop to connect Majeed Keerio Amri road via village Syed Budhal Shah road 0.00-13.00 Kms (with 5cm thick Asphalt Concrete),45,112,Approved,26.06.23,Jun-28,357.885,48.2,,2026-2027,
3578,WSDIM-PP-23-0007,3576,"W/R & Construction of road from Mir Wah Mori, Indus Highway near Qabool Teewno village to Warah road @ Thariri Hashim via Ismail Chutto, Abad Kalhoro and other villages i/c approaches (14.50 Kms).",45,112,Approved,26.06.23,Jun-28,499.850,38.8,,2026-2027,
3579,WSDIM-PP-23-0008,3577,"W/R road from Mazzari Oil Field to Ayoub Hotel 12', 18, 24 width 2"" Asphalt 7.0 KM",45,112,Approved,26.06.23,Jun-27,230.661,100.0,,2026-2027,
3580,WSDIM-PP-23-0009,3578,"Improvement of road from Dumbalo to Ghulam Shah 12' W width with 1 1/2"" Asphalt Total Length 25 Length taken Phase 1=10 Km 10.0 KM",45,112,Approved,03.07.23,Jun-27,164.690,100.0,,2026-2027,
3581,WSDIM-PP-23-0029,3579,Reconditioning Of Road From Haso Daho To Wangar Via Ora Daho Taluka Ubauro (5.00 Kms) Construction of Various Roads In Taluka,45,112,Approved,21.04.25,Jun-27,124.598,61.6,,2026-2027,
3582,WSDIM-PP-23-0036,3580,Sehwan And Manjhand (09 Units) For Villages 1) Bux Ali Mari I/C Masonary 02) Khan Muhammad Brohi 03) Manchar Band Village 04) Village Essa Khan Noohani 05) Village Raja Khan & Rajab Khan Mari 06) Buxio Rind 07) Hyder Rind Village 08) Village Koro Khan Khoso 09) Bubak (Total length of all 19.23 Kms) (Revised Date: 09-06-2026 Capital: 645.86 Revenue: 0.00 Total Cost: 645.86),45,112,Approved,27.06.23,Jun-28,645.856,40.5,,2026-2027,
3583,WSDIM-PP-23-0046,3581,Rehabilitation / Construction of road from Khuwaja Mohallah Pull Khuhra to Daraza Parallel to Abul Wah (Link to Dr. Saleem Ahmed Kharal Farm asphalt work) @ oint Gambat R/Wall Point Gambat R/Wall I/C link from Madd road to Nawab Khan Khuhro,45,112,Approved,10.07.23,Jun-27,129.873,100.0,,2026-2027,
3584,WSDIM-PP-23-0049,3582,Rehabilitation of road from Tando Masti Khan to Kolab Jial (asphalt work) (2.40 kms) Construction of road from Fatehpur Bridge to,45,112,Approved,12.07.23,Jun-27,49.977,100.0,,2026-2027,U/R
3585,WSDIM-PP-23-0069,3583,Kot Nawaz Karmani Samoon to Jam Samoon Kot road Mile 0/0-1/4 + 350 (2.52 Kms) i/c Pre-Stressed Bridge over Rohri Canal @ Fatehpur (30 Meter) (Revised Date: 19-12-2024 Capital: 169.77 Revenue: 0.00 Total Cost: 169.77),45,112,Approved,05.07.23,Jun-27,169.771,58.8,,2026-2027,
3586,WSDIM-PP-23-0070,3584,Recondition of Road from Matiari Nasarpur road @ Detha Petroleum Service to Suleman Shah Filling Station Palijani road via Jani Detho road 0/0-3/7 (6.20 Kms) Taken up Length 5.00 Kms,45,112,Approved,05.07.23,Jun-27,98.365,100.0,,2026-2027,
3587,WSDIM-PP-23-0071,3585,Recontioning of road @ Salaro Point to Village Mir Bozdar via Village Jam Khosa (5.00 Kms) Re-Condition of road from Village Ghaffar,45,112,Approved,05.07.23,Jun-27,99.826,100.0,,2026-2027,
3588,WSDIM-PP-23-0073,3586,Khoso to Chani Chutto Village 2.00 Kms and Constrcution of road from Village Muhammad Raheem Bareecho to Village Sohbat Kaheri via Village Ramzan Bareecho & Wali Muhammad Bareecho (0.00 - 3.40 Kms) (Total Length 5.40 Kms),45,112,Approved,05.07.23,Jun-27,99.985,100.0,,2026-2027,
3589,WSDIM-PP-23-0076,3587,Reconditioning of road from Mirwah KGM Link road to connect Goth Saleem Ghelro via Jamil Dal Mile 0/0 - 4/0 (6.50 Kms),45,112,Approved,03.07.23,Jun-27,99.860,100.0,,2026-2027,
3590,WSDIM-PP-23-0079,3588,Reconditioning of road Mirwah-Digri road to Link Road from the Bandhi Shakh to connect village Sardar Ghulam Muhammad Nohani Mile 0/0 - 4/0 (6.50 Kms),45,112,Approved,03.07.23,Jun-27,99.910,100.0,,2026-2027,
3591,WSDIM-PP-23-0080,3589,Improvement of road Mirpurkhas - Sindhri road to Bisham Brohi Road Mile 0/0 - 5/0=8.00 Kms,45,112,Approved,03.07.23,Jun-27,167.837,100.0,,2026-2027,
3592,WSDIM-PP-23-0082,3590,Improvement of road Mirpurkhas - Mirwah Road to Syed Ghulam Hyder Shah & Syed Adil Shah Length 10.00 Kms,45,112,Approved,06.07.23,Jun-27,256.610,100.0,,2026-2027,
3593,WSDIM-PP-23-0127,3591,Construction of road from Dargah Hazrat ameer Bux R.A. Ali Sain abad to M-6 Interchange Larkana and Khairpur.,45,112,Approved,06.07.23,Jun-28,499.863,15.3,,2026-2027,
3594,WSDIM-PP-23-0130,3592,W/R of road from Tando Bago to Digri via Dehio road mile 0/0-33/0 (53.00 Kms),45,112,Approved,26.06.23,Jun-28,2314.649,100.0,,2026-2027,
3595,WSDIM-PP-23-0131,3593,"Improvement of road from Ansari Sugar mill to Sanjar Chang 24 ft wide with 2"" Asphalt 29.00 Kms",45,112,Approved,26.06.23,Jun-28,912.288,41.9,,2026-2027,
3596,WSDIM-PP-23-0133,3594,Widening & Reconditioning Of Umerkot Chachro road (65.00 Kms),45,112,Approved,26.06.23,Jun-28,3597.022,51.8,,2026-2027,
3597,WSDIM-PP-23-0135,3595,Widening / Reconditioning of road from Warah to Waggan upto Larkana Mile: 0/0-12/0 (19.20 Kms),45,112,Approved,26.06.23,Jun-28,919.311,42.3,,2026-2027,
3598,WSDIM-PP-23-0136,3596,"Improvement of road from Indus Highway Pehriyu water to village Allah Bachayo Khoso, Village Moosa Shahani Brohi & Fannani Khoso i/c Masonary Structure (10.00 Kms) Taluka Manjhand",45,112,Approved,27.06.23,Jun-28,199.059,0.0,,2026-2027,
3599,WSDIM-PP-23-0137,3597,Improvement of road from Indus Highway to Manzoorabad Stop to Village Badhapur i/c Masonary Structure (7.00 Kms) Taluka Kotri,45,112,Approved,27.06.23,Jun-28,120.665,0.0,,2026-2027,
3600,WSDIM-PP-23-0145,3598,Widening / Reconditioning of road from Mureed Khan Babar to Nai Gaj Dam (32.56 Kms) (Revised on 02.01.24),45,112,Approved,26.06.23,Jun-28,994.329,51.7,,2026-2027,
3601,WSDIM-PP-23-0146,3599,Reconditioning of road from Radhan to Dokri 0/0 - 18/0 = 29.00 Kms,45,112,Approved,26.06.23,Jun-28,500.000,34.6,,2026-2027,
3602,WSDIM-PP-23-0147,3600,Rehabilitation for Rain Damages portion of Nawabshah Saeedabad road mile 0/0- 20/0 (0.00-32.00 KM) In Portion (Revised on 27.11.24),45,112,Approved,26.06.23,Jun-27,1126.501,84.9,,2026-2027,
3603,WSDIM-PP-23-0153,3601,Widening & Recondition of Road from Thatta to Jhampir Via Satyoon Baradabad road 40.00 KMs (Revised Date: 19-05-2026 Capital: 2892.22 Revenue: 0.00 Total Cost: 2892.22),45,112,Approved,06.07.23,Jun-27,2892.218,79.6,,2026-2027,
3604,WSDIM-PP-23-0157,3602,"Improvement / Construction of roads in Various Villages of UC-Girnar & UC-Indo Including Village of Udasi to Allah Dino Holani Via Hanif Lakho, Achar Mallah Siyan Mori to Misri Parheri, Dargah Shah Ismail & I/C Other Connecting Village links of Taluka Ghorabari . (12.50 KMs).",45,112,Approved,06.07.23,Jun-28,299.997,50.1,,2026-2027,
3605,WSDIM-PP-23-0158,3603,"Improvement / Construction of roads in Various Village of UC-Bet Mahal & Mehal Including Village of Allah Warayo Gabol, Urs Gabol, Usman Jhalak Yousuf Gabol, Moosa Jat , Muhammad Jat Misri Jat, Mehyar Khaskheli, Junam Pirozani Sidique Khaskheli, Karam Rajiro Yousuf Sholani & Other Connecting Village Links of Taluka Ghorabari. (14.10 KMs)",45,112,Approved,06.07.23,Jun-28,349.996,50.1,,2026-2027,
3606,WSDIM-PP-23-0159,3604,"Improvement / Construction of roads in Various Villages of UC-Bet Mahar & UC Keti Bundar Including Village of Haji Moosa Katiyar Haji Abo Jat Muhammad Rahim Goto Umar Ghoto Sher Murghar Majeed Utradi, Bachal Patani Usman Morio, Dadoe Jat , Allah Bachayo Mallah & uc Other Connecting Villages links Taluka Keti Bunder. 0.00- 15.80=15.80 KMs.",45,112,Approved,06.07.23,Jun-28,349.834,50.1,,2026-2027,
3607,WSDIM-PP-23-0160,3605,"Improvement / Construction & Paving Block of Road sin Various of UC Jaradali &TC Ghorabari Including Village of Bacho Manjrio, Abdul Kareem Chandio to Jamal Chandio Rasool Kamwani Haji Shah Kanghal Korejo, Haji Ibrahim Panhwar, Abdullah Dal Alo Korejo, Haji Ishaque Pitafi Dino Katai, Muhammad Hassan Tandio, Bachayo Pital Ramzan Walasiyo Jumon Walisyo Natho Kitai, UmerTandio, Yusuf Mathai, Qasim Marai IC Other Connecting Village links Taluka",45,112,Approved,06.07.23,Jun-28,299.996,43.2,,2026-2027,
3608,WSDIM-PP-23-0161,3606,"Ghorabari. (16.00 KMs). Improvement / Construction of roads in Various Villages of UC-Baghan, including Village of Pir Usman Shah Pakhro Gulri, Ameer Gulri, Mamo Jat, Ahmed Sakani, Set Hussain Karmon, Poro Jokhio and I/C Other Connecting Village links Taluka Keti Bandar.(13.80 KMs)",45,112,Approved,06.07.23,Jun-28,300.000,50.1,,2026-2027,
3609,WSDIM-PP-23-0162,3607,Reconditioning of road from Mirpur Bathoro to Village Jaar i/c Village Links. 0.00- 16.00=16.00 KMs (Under Revision Rs. 449.648 Million),45,112,Approved,26.06.23,Jun-28,300.350,28.0,,2026-2027,U/R
3610,WSDIM-PP-23-0164,3608,Improvement/Construction of road from Shahpur Stop @ 4.20 Kms to Village Achar Khaskhelil road via Dargah Bhawan Shah i/c links of Ibrahim Baloch and Village Ali Tunio KM= 0.00-12.00=12.00 Kms,45,112,Approved,26.06.23,Jun-28,280.734,50.1,,2026-2027,
3611,WSDIM-PP-23-0165,3609,"Improvement / Construction of roads in Various Villages of UC-Gulel &UC Khann Including Village of Haji Babro, Qasim Khushk, Var to Rajab Ali Khuwaja, Hayat Khaskheli, Ali Khushk & Other Connecting Village links Taluka Ghorabari. KM 0.00- 11.00=11.00 KMs.",45,112,Approved,06.07.23,Jun-28,254.272,50.1,,2026-2027,
3612,WSDIM-PP-23-0167,3610,Improvement / Construction of road from Buhara Kando Baloch @ 6.0 Kms to connect Ahmedpur J.T via Village Mureed Baghiar I/C village Links KM 0.00-10.00=10.00 Kms,45,112,Approved,06.07.23,Jun-27,240.264,84.6,,2026-2027,
3613,WSDIM-PP-23-0169,3611,Improvement / Construction of road from Thatta Ghorabari road @17.00 KMs 103 Mori Stop to Ghulamullah Town via Village Abdul Ghani Khaskheli and Village Kareem Jat i/c Village Links KM 0.00 -10.00 Kms,45,112,Approved,06.07.23,Jun-28,213.780,50.1,,2026-2027,
3614,WSDIM-PP-23-0170,3612,Improvement/Construction of Road from Makli-Ghulamullah Road @11.00 KMs Thatta Cement Factory to Village Jumoon Nahiyo Via Mole Dino Jokhio KM=0.00-8.00=8.00 KMs,45,112,Approved,27.06.23,Jun-27,195.000,75.0,,2026-2027,
3615,WSDIM-PP-23-0171,3613,Improvement/Construction of Road from Baghan to Sodho Khan Gabol KM=0.00- 7.00=7.00 KMs,45,112,Approved,27.06.23,Jun-27,161.000,75.0,,2026-2027,
3616,WSDIM-PP-23-0172,3614,Improvement of road from Chachro Islamkot 40.00 Kms,45,112,Approved,26.06.23,Jun-28,900.000,42.2,,2026-2027,
3617,WSDIM-PP-23-0173,3615,Improvement of road from Vijhuto to Chelhar (18ft width) (35.00 Kms),45,112,Approved,26.06.23,Jun-28,1478.510,42.4,,2026-2027,
3618,WSDIM-PP-23-0174,3616,W/R of road from Mithi Diplo road to Bhakuo (20.00 Kms),45,112,Approved,26.06.23,Jun-28,720.000,42.2,,2026-2027,
3619,WSDIM-PP-23-0175,3617,Improvement of road from Kaloe to Dipli via Lus (37.00 Kms),45,112,Approved,26.06.23,Jun-28,1049.914,51.3,,2026-2027,
3620,WSDIM-PP-23-0176,3618,W/R of road from Khandu stop @ National Highway to old Hala 18.00 kms,45,112,Approved,06.07.23,Jun-28,544.897,40.2,,2026-2027,
3621,WSDIM-PP-23-0179,3619,Reconditioning Of Road From Tharushah to Mithiani road 18.00 Kms,45,112,Approved,06.07.23,Jun-28,600.323,33.8,,2026-2027,
3622,WSDIM-PP-23-0180,3620,W/R of road from Akri Chowdagi road to village Noor Mohammad Haji road 16.00 Kms,45,112,Approved,06.07.23,Jun-28,513.456,100.0,,2026-2027,
3623,WSDIM-PP-23-0188,3621,W/R of road from Main Tando Adam road to village Syed Muhammad Hassan Shah to connect Shahpur Rizvi 0/0-1/4 (2.40 Kms),45,112,Approved,06.02.25,Jun-28,192.493,6.3,,2026-2027,
3624,WSDIM-PP-23-0348,3622,Reconditioning of road from Tando Masti to Kotdigi Town (13.00 Kms). (Revised Date: 29- 09-2025 Capital: 854.44 Revenue: 0.00 Total Cost: 854.44),45,112,Approved,06.07.23,Jun-28,854.436,100.0,,2026-2027,
3625,WSDIM-PP-23-0351,3623,Improvement of road from Main Entrance to Central Jail upto 15 office Jacobabad City (Dual Carriageway) (4.50 Kms),45,112,Approved,20.07.23,Jun-28,851.237,60.7,,2026-2027,
3626,WSDBE-PP-24-0001,3624,Improvement / Construction of Various Roads Taluka Sehwan & Manjhand District Jamshoro (13.41 KMs) 01) Improvement of road from Imam Ali Dal road to Village Abdullah Gaincho I/C Masonry Structure Taluka Sehwan Mile 0/0-1/0 (1.60 KMs) 02) Improvement of road from Bukhari Shah to village Wahur via Nazir Halepota & Meer Muhammad Brohi Muhalla I/C Masonry Structure Taluka Sehwan (1.80 KMs) 03) Construction of road from village Bhootra to village Shah Muhammad Rind I/C Masonry Structure Taluka Sehwan Mile 0/0-1/2 (2.0 KMs) 04) Improvement of road from Sehwan Jhangara road to Meer Shaikh Muhalla Peer Babar Sher road I/C Masonry Structure Taluka Sehwan Mile 0/0-0/6 (1.20 KMs) 05) Construction of road from Haji Chhato Rind road to Village Kolhi including Masonry Structure Taluka Sehwan Mile 0/0-0/5 (1.00 KMs) 06) Construction of road from Bajara Sher Muhammad Rind road to Village Hamzo Khan Rind i/c Masonry Structure,45,112,Approved,10.06.25,Jun-28,325.990,38.3,,2026-2027,
3627,WSDCN-PP-24-0012,3625,Taluka Sehwan Mile 0/0-0/5. (1.0KMs) 07) Construction of road from Indus Highway to village Meeran Khashkheli approach to Ilyas & Tayyab KhashKheli i/c Masonry Structure Taluka Manjhand Mile 0/0-1/1. (1.81 KMs) Reconditioning of link road from Haji Ashraf Otho road @ 7.50 KMs to Village Haji Ashraf Otho Village Mile 0/0-5/5=9.00 KMs,45,112,Approved,14.04.25,Jun-28,255.161,28.9,,2026-2027,
3628,WSDCN-PP-24-0013,3626,Reconditioning of link road from Jati – Khorwah road @ 25.00 KMs to Village Ibrahim Mallah Mile 0/0-1/2=2.00 KMs,45,112,Approved,14.04.25,Jun-27,69.124,100.0,,2026-2027,
3629,WSDIM-PP-24-0014,3627,Reconditioning / Construction Of Road From Pnnho Khan Colony Highway To Village Shabir Ahmed Dashti (5.00 Kms),45,112,Approved,23.04.25,Jun-28,137.921,100.0,,2026-2027,
3630,WSDCN-PP-24-0014,3628,"W/R of road from Baga Pace to Erazee via Sahib Khan Laleejo, Khan Jatoi, Waryam Jatoi, Ali Murad Jatoi Laghari village Korai village (15.0 Kms) Reconditioning Of Road From Indus Highway",45,112,Approved,05.05.25,Jun-28,748.416,100.0,,2026-2027,
3631,WSDIM-PP-24-0015,3629,"@ Raja Pump Upto Grid Station Kandhkot Via District Nazim Office, Saqi Hotel, DC Office Ghanta Ghar Chowk, Car Stand Including Mitha Chowk Upto Ghanta Ghar Chowk (Paver Block) Including Link Upto Railway Crossing Jhollay Lal Pump, Massan To Labarari, Dagree Collage Dua Chowk /CIA Center Including Approach Thull Kandhkot Road (Paver Block)",45,112,Approved,18.04.25,Jun-28,1223.509,46.5,,2026-2027,
3632,WSDCN-PP-24-0015,3630,Mile 0/0-7/2 (11.62 Kms). Recondition Of Road From N.H Way Sangi To Gandorkee Phatak (10.00 Kms),45,112,Approved,21.04.25,Jun-28,395.421,26.6,,2026-2027,
3633,WSDCN-PP-24-0017,3631,W/R Of Road From Sadhuja Bus Stop Pano- Akil To BHU Hussain Kalwar (11.00 Kms),45,112,Approved,21.04.25,Jun-28,414.346,20.0,,2026-2027,
3634,WSDIM-PP-24-0018,3632,Reconditioning of road from Mehar to Radhan via Thariri Muhabbat i/c links Indus Highway & Old Indus Highway Road (17.70 kms) Improvement of road from Mehar Gaji-Khuwar,45,112,Approved,21.04.25,Jun-28,594.535,59.2,,2026-2027,
3635,WSDIM-PP-24-0019,3633,"road to Meer Khan Khoso via Baledai, Tharo Depar upto Dhamrah Wah i/c links Mehar Gaji Khuhawar Road to Tomb of Mukhtyar-Solangi, village Abdul Hameed Tunio, Abdul Samad Lashari & link to Loung Tunio i/c masonary structures and retaining wall (11.00 kms)",45,112,Approved,21.04.25,Jun-28,272.279,11.7,,2026-2027,
3636,WSDIM-PP-24-0020,3634,Rehabilitation / Reconditioning of Various Roads of Taluka Daur Mile 0/0-15/1 (24.20 Kms),45,112,Approved,21.04.25,Jun-28,990.670,31.4,,2026-2027,
3637,WSDCN-PP-24-0022,3635,Widening & Reconditioning Of Road From National Highway FFC Mirpur Mathlo To Syedpur (5.00kms) Reconditioning Of Road From Larkano-,45,112,Approved,23.04.25,Jun-28,280.149,23.8,,2026-2027,
3638,WSDCN-PP-24-0024,3636,Naudero Road To Tagar Bridge Via Village Balani Tagar I/C Reconditioning Of Road From Village Moria Faqeer To Village Wahid Bux Sethar I/C Retaining Wall & Reconditioning Of Road From Ratodero-Larkano Road To Village Mullan Kalhoro I/C Reconditioning Of Road From Agani Village To Akil Bridge Remaining,45,112,Approved,18.04.25,Jun-28,257.070,25.5,,2026-2027,
3639,WSDIM-PP-24-0027,3637,Portion (9.00 Kms) Improvement of road from Mirpurkhas Umerkot road to Shah Jahan Arisar ( 6.75 Kms),45,112,Approved,28.04.25,Jun-28,188.975,5.5,,2026-2027,
3640,WSDCN-PP-24-0027,3638,"Reconditioning of various roads of various villages (1) Reconditioning Of Road From Ratokot To Village Ghulam Muhammad Chawro (2.00kms) (2) Reconditioning Of Road From Gerello Road To Muhammad Khan Abro Via Mirza Abro (1.00km) (3)Reconditioning Of Road From Village Mehrabpur Road To Pir Wadhal Shah (1.00 km) (4)Reconditioning Of Road From Village Rasheed Waggan Road To Village Fazul Kalhoro (1.50 kms) (5)Reconditioning Of Road From Farooqui Masjid To Village Chutto Kalhoro (2.50 kms) (6) Reconditioning Of Road From Larkano Circular Road To Phull Road Via Village Juman Shah, Muhammad Khan Chandio, Liaquat Korai House, Village Shahmir Shiakh & Village Gulab Bhutto (4.00 kms) (7)Reconditioning Of Road From Gerello Road To Farooqui Masjid Wadho Lashari Via Ghazi Mashori (3.00 kms) (8)Reconditioning Of Road",45,112,Approved,18.04.25,Jun-28,553.012,60.7,,2026-2027,
3641,WSDIM-PP-24-0028,3639,"From Rasheed Waggan Road To Village Buxal Khakhrani & Sono Khan Khakhrani (2.00 kms) (9) Reconditioning Of Road From Arija Phero To Village Malook Khuhro (3.00kms).Total Lenth 20.00 Kms Improvement of road from Umerkot Khipro road to Sabhu, Seendhal Nohyoon via Faqeer Usman Mangrio (8.50 Kms)",45,112,Approved,28.04.25,Jun-28,270.493,11.0,,2026-2027,
3642,WSDIM-PP-24-0030,3640,Improvement of road from Dodo Khan Rind to Abdul Rehman Bhurgari (7.15 Kms),45,112,Approved,28.04.25,Jun-28,199.524,5.5,,2026-2027,
3643,WSDIM-PP-24-0038,3641,Improvement / Construction of various roads in UC Shalamani Taluka Manjhand (12.50 Kms),45,112,Approved,23.04.25,Jun-28,497.362,47.1,,2026-2027,
3644,WSDIM-PP-24-0039,3642,Reconditioning of road from Thatta Sujawal @ 14.20 KMs Dam Damo Stop to Matla Bellow Road @ Mile 0/0-3/1=5.00 KMs,45,112,Approved,21.04.25,Jun-27,135.695,27.7,,2026-2027,
3645,WSDIM-PP-24-0040,3643,Reconditioning of road from Sujawal – Jati road @ 27.00 KMs Village Lano Samejo i/c Link (3.00 KMs),45,112,Approved,21.04.25,Jun-27,104.605,25.7,,2026-2027,
3646,WSDIM-PP-24-0041,3644,W/R of road Maya Charan Mandar to Rathi mile 0/0-1/2 (2.00 Kms),45,112,Approved,28.04.25,Jun-28,146.647,11.0,,2026-2027,
3647,WSDCN-PP-24-0041,3645,W/R of road from Kot Bulla / NH Way N-55 to BHU Samo via Kalay Shah Peer Nabi Shah Hussain Kalawar Mitho Kalwar village Dreha (10.0 Kms),45,112,Approved,05.05.25,Jun-28,688.434,11.4,,2026-2027,
3648,WSDIM-PP-24-0042,3646,"Reconditioning / Construction of road @ 35.00 KMs of Gharo Keti Bunder road to Village Ali Muhammad Khaskheli, Village Ismail Palijo and Dargah Noor Shah i/c links Km 0.00-2.50 = 2.50 Kms",45,112,Approved,21.04.25,Jun-27,81.125,56.3,,2026-2027,
3649,WSDCN-PP-24-0042,3647,Reconditioning Of Road From Kodrani Road To Village Jumo Agham Via Village Pir Bux Brohi I/C Construction Of Link Road From Jumo Agham Road To Village Raham Ali Khan Lolai I/C Construction Of Road From Jumo Agham Road To Village Rustam Khan Jalbani I/C Retaining Wall (10.50 Kms),45,112,Approved,18.04.25,Jun-28,340.626,25.1,,2026-2027,
3650,WSDIM-PP-24-0043,3648,Reconditioning / Construction of road @ 1.60 KMs of Ghulamullah Var 103 Mori road to Connect Dargah Dars Dad Road via Village Gul Muhammad Dars Allah Bachayo Dars i/c Links Km 0.00-3.00=3.00 Kms Reconditioning Of Road From Ratodero-,45,112,Approved,21.04.25,Jun-27,100.275,64.9,,2026-2027,
3651,WSDCN-PP-24-0043,3649,Naudero Road To Village Daro Illahi Bux Via Wandh Imdad Ali Bhutto I/C Internal Road Of Wandh Imdad Ali Bhutto I/C Reconditioning Of Road From Naudero Panjudero Road To Asadullah Narejo House Via Eid Gah I/C Construction Of Road From House Mehboob Narejo Upto Rice Canal Road At Village Wandh Ali Muhammad Kartio,45,112,Approved,18.04.25,Jun-28,226.055,25.7,,2026-2027,
3652,WSDIM-PP-24-0045,3650,Reconditioning / Construction of Sakro - Timka Stop @ 1.00 Km to Village Haji Muhammad Ali Chandio to Village Molvi Ashraf Chandio and other village i/c links mile 0/0-5/0 = 8.00 Kms,45,112,Approved,21.04.25,Jun-28,338.016,24.3,,2026-2027,
3653,WSDIM-PP-24-0046,3651,Widening & Reconditioning of Umerkot to Ratnore road (40.00 kms),45,112,Approved,28.04.25,Jun-28,4948.850,25.2,,2026-2027,
3654,WSDIM-PP-24-0047,3652,W/R Of Road From Mir Kosh Dil Waro Canal To Via Bori Hasoo Dehro (6.00kms),45,112,Approved,23.04.25,Jun-28,241.968,11.9,,2026-2027,
3655,WSDIM-PP-24-0048,3653,W/R Construction Of Road From Ubauro / Gudu Kashmore Road Mir Kosh Stop To Reni Canal RD-67 Via Azizabad Through Village Gurkano (5.50 Kms),45,112,Approved,23.04.25,Jun-28,211.471,12.1,,2026-2027,
3656,WSDIM-PP-24-0049,3654,"W/R of road from Ubauro City to Gudu Kashmore Road via village Mattarkot, Mattarkot Bridge Of Dehar Wah RD-15 (6.60 Kms)",45,112,Approved,28.04.25,Jun-28,509.890,20.8,,2026-2027,
3657,WSDIM-PP-24-0051,3655,Rehabilitation Of Road From Panhwaro To Village Gaibidero (18ft. Wide) (15.50kms).,45,112,Approved,23.04.25,Jun-28,621.295,19.7,,2026-2027,
3658,WSDIM-PP-24-0052,3656,Reconditioning Of Road From Kandhkot Thull Sokar Laro Upto Tangwani Via Qasim Khan Khoso Janib Malik Mureed Khan Nandwani Saubh Sadique Hafeezulllah Khoso & Tair Khan Khoso (2) Naseer Bajarani to Gul Muhammad Bajarani (17.00 KMs),45,112,Approved,18.04.25,Jun-28,509.348,28.2,,2026-2027,
3659,WSDIM-PP-24-0053,3657,Rehabilitation Of Road From Shaikh Zaid Chowk To Municipal High School Larkano Via Al Murtaza House (1.40 Kms) (48' ft. wide),45,112,Approved,18.04.25,Jun-28,151.685,48.6,,2026-2027,
3660,WSDIM-PP-24-0054,3658,Rehabilitation Of Road From Attaturk Tower To Phull Road Via Baitull Mall Colony Larkano (2.30 Kms) (18' + 24' ft. Wide).,45,112,Approved,18.04.25,Jun-28,137.614,48.7,,2026-2027,
3661,WSDIM-PP-24-0055,3659,Rehabilitation Of Road From S.P Chowk To Bazigar Bridge I/C Shell Petrol Pump To Sim Drain Via Bhains Colony Road (2.20+2.40 Kms) (24' + 36' ft. Wide) (I/C Redecking Slab Of 300 RFT Pre-Stressed Bridge Over Rice Canal,45,112,Approved,28.04.25,Jun-28,282.013,47.7,,2026-2027,
3662,WSDIM-PP-24-0056,3660,Widening / Reconditioning Of Road From Shanden Regulator To K.T Mumtaz I/C Approches And 425 Rft Pre-Streesed Briege (4.50 Kms),45,112,Approved,28.04.25,Jun-28,664.974,62.9,,2026-2027,
3663,WSDCN-PP-24-0059,3661,Reconditioning of link road from Jati Khorwah (Baranabad) road @ 37.50 KMs to Village Aloo Thaheem via Haji Umar Thaheem (Begna) Arif Thaheem & Khamiso Thaheem. Mile 0/0-4/3 (7.00 Kms),45,112,Approved,14.04.25,Jun-28,207.914,100.0,,2026-2027,
3664,WSDCN-PP-24-0060,3662,Reconditioning of link road from Chach Jahan Khan Jati road to Village Nabi Bux Thaheem via Haji Sahib Dino Jat i/c links mile 0/0-4/7 (7.80 Kms),45,112,Approved,14.04.25,Jun-28,238.042,43.1,,2026-2027,
3665,WSDCN-PP-24-0061,3663,Reconditioning of link road from Jati Khorwah road @ 32.00 KMs Baranabad stop to Dargah Bai Budhi. Mile 0/0-5/5=9.00 KMs,45,112,Approved,14.04.25,Jun-28,250.618,37.0,,2026-2027,
3666,WSDCN-PP-24-0062,3664,Reconditioning / Construction of link road from Sujawal - Chuhar Jamali road @ 5.0 KMs to Molvi Muhammad Yousuf Village Via Marro Boola Khan road i/c links mile 0/0-13/0 (21.00 Kms),45,112,Approved,14.04.25,Jun-28,627.690,31.1,,2026-2027,
3667,WSDCN-PP-24-0063,3665,Reconditioning of Link Road from Ashraf Otho road @ 6.30 KMs to Village Ajaib Soomro. Mile 0/0-3/1=5.00 KMs.,45,112,Approved,14.04.25,Jun-28,147.845,8.7,,2026-2027,
3668,WSDCN-PP-24-0065,3666,Reconditioning Of Road From Village Miskeen Brohi To Village Bashir Khan Kosh I/C Construction Of Road From Village Thango Khan Bozdar and Reconditioning Of Road From Thango Bozdar Road To Village Attaullah Junejo / Allah Dino Junejo & Reconditioning Of Road From Ratodero- Shahdadkot Road To Village Abdul Raheem Bhutto (9.50 Kms),45,112,Approved,18.04.25,Jun-28,266.186,25.4,,2026-2027,
3669,WSDCN-PP-24-0066,3667,"Reconditioning Of Road From Ratodero- Naudero Road @Taib To Ratodero Shikarpur Road Via Village Bado Jalbani, Village Yaru Jalbani I/C Construction Of Road From Village Bado Jalbani To Village Yaru Jalbani I/C Reconditioning Of Link Road From Ratodero- Shikarpur Road To Soomra Muhalla & Memon",45,112,Approved,18.04.25,Jun-28,248.213,25.5,,2026-2027,
3670,WSDCN-PP-24-0068,3668,Muhalla At Village Bhando Qubo (8.00 Kms) Reconditioning Of Road From Mubarakpur To Jacobabad Thull Road Via Nasar Mohammad Brohi Mile 0/0-12/4(20.00kms).,45,112,Approved,14.04.25,Jun-28,478.588,26.2,,2026-2027,
3671,WSDCN-PP-24-0080,3669,Rehabilitation of Rain Damaged road from Agra Morr to village Taj Muhammad Zardari (6.50 Kms),45,112,Approved,21.04.25,Jun-28,286.876,11.6,,2026-2027,
3672,WSDCD-PP-24-0081,3670,Reconditioning / Construction Of Varioius Roads In Taluka Larkano & Bakrani (15.00 Kms),45,112,Approved,18.04.25,Jun-28,551.523,42.8,,2026-2027,
3673,WSDCN-PP-24-0097,3671,"Reconditioning / Construction of road @ 7.00 Kms of Mazar Khan Malkani road to Connect Village Iqbal Arain, Village Lal Khan Luko, Village Bachal Shah Peero Lakhani i/c Links (Km 0.00-8.00=8.00 Kms)",45,112,Approved,14.04.25,Jun-28,266.328,28.0,,2026-2027,
3674,WSDCN-PP-24-0098,3672,"Reconditioning / Construction of road from Var Ghulamullah road @ 1.80 KMs to Connect Village Gul Muhammad Chandio, Village Samor Chandio, Village Bahadur Chandio, Raheem Dad Chandio and Village Ishaque Chandio i/c Links 0.00-5.60=5.60 Kms",45,112,Approved,14.04.25,Jun-28,184.585,35.8,,2026-2027,
3675,WSDCN-PP-24-0099,3673,Reconditioning / Construction of road from Ghulamullah Sakro Road @ Point 1.00 KM to Connect Village Imam Bux Ghaho & Rasool Bux Ghondar Km 0.00-1.50 Km = 1.50 Kms,45,112,Approved,14.04.25,Jun-27,51.591,100.0,,2026-2027,
3676,WSDCD-PP-24-0100,3674,Reconditioning Of Road From Hamayoon Thull Road To Connect Indus Highway @ PARCO Via Mian Jo Goth Zerkhail Rahimabad And Shujrah Mile 0/0-18/5 (30.00kms),45,112,Approved,21.04.25,Jun-28,731.121,25.5,,2026-2027,
3677,WSDCN-PP-24-0101,3675,Reconditioning Of Road From Warah To Mehar Via Gaji Khuhawar (29.80kms),45,112,Approved,18.04.25,Jun-28,1935.950,78.0,,2026-2027,
3678,WSDCN-PP-24-0102,3676,Widening / Reconditioning Of Road From Kamber To Khiarpur Jusu (N-55) @ Point 9/0 Via Village Sharifani (10.50 Kms) (12ft. To 18ft. Wide),45,112,Approved,18.04.25,Jun-28,655.791,19.6,,2026-2027,
3679,WSDCN-PP-24-0108,3677,"Rehabilitation Of Road From Old National Highway @ Mile 295/0 Jiskani To Choondiko Sanghar Road Via Bago Daro, Bozdar Wada & Thari Mirwah Road (69.00 Kms)",45,112,Approved,23.04.25,Jun-28,6561.073,28.0,,2026-2027,
3680,WSDIM-PP-25-0001,3678,Reconditioning Of Road From Rajo Khanani Budho Qambrani At Stop Tando Iqbal To Village Qari Muhammad Ali Mile 0/0-3/6=6.03 Kms With Asphalt Concerete 12'Ft Width.,45,112,Approved,30.06.25,Jun-27,136.000,25.0,,2026-2027,
3681,WSDIM-PP-25-0002,3679,Rehabilitation Of Road From Bajara To Bandhani Road Via Nawab Khan Rind I/C Masonry Structure 0/0-5/0 (8.0 Kms),45,112,Approved,01.10.25,Jun-27,188.576,51.4,,2026-2027,
3682,WSDIM-PP-25-0003,3680,Rehabilitation of road from Indus Highway to Peeral Chandio road i/c approach to village Ilyas Gancho i/c Masonsary Structure mile 0/0- 1/1 (2.20 Kms) (12' wide),45,112,Approved,30.06.25,Jun-27,52.076,100.0,,2026-2027,
3683,WSDIM-PP-25-0004,3681,"Reconditioning Of Dual Carriageway Road From Jahaz Chowk Sehwan To (Sehwan Dadu Road) Degree College Sehwan Entrance Gate I/C Paving Block, Foot Path. Solar Lights, Drainage & Water Supply (3.0 Kms",45,112,Approved,13.10.25,Jun-27,622.956,100.0,,2026-2027,
3684,WSDIM-PP-25-0005,3682,Rehabilitation of flood affected road from Johi road to village Badani (4.00 Kms),45,112,Approved,30.06.25,Jun-27,75.000,37.5,,2026-2027,
3685,WSDIM-PP-25-0006,3683,"Reconditioning Of Road From Chak No. 83 To Shafiabad Road Mile 0/0- 10/0 (16.00 Kms) (With 2"" Thick Asphalt Surface) (12' Width)",45,112,Approved,30.09.25,Jun-27,542.942,50.0,,2026-2027,
3686,WSDIM-PP-25-0007,3684,"W/R / Construction Of Road From Sanghar Head Jamrao Road @16/7 To Chak 32,62 Village Ghulam Muhammad Dahri Via Iqbal Mori I/C Link Villlage Gulzar Rind Road (0.00 To 12.0 Kms) (12' To 18' Width) 2"" Thick Asphalt Surface Phase-I",45,112,Approved,27.08.25,Jun-27,765.550,100.0,,2026-2027,
3687,WSDIM-PP-25-0008,3685,"Reconditioning Of Road From Patohiyoon To Village Qurban Shah Road (4.20 Kms) (1-1/2"" Thick Asphalt Surface).",45,112,Approved,30.06.25,Jun-27,168.575,54.3,,2026-2027,
3688,WSDIM-PP-25-0009,3686,W/R / Construction Of Road From Nawabshah Saeedabad Road Along Sim Nala To Connect Nawabshah - Sanghar Road @ Cheezal Abad Road 0.00-18.50 Km (Dual Carriageway Of 18 Ft Wide Each) Phase-1,45,112,Approved,08.09.25,Jun-27,8687.929,100.0,,2026-2027,
3689,WSDIM-PP-25-0010,3687,W/R of road from Bathoro to Jati Chowk (Revised Date: 09-03-2026 Capital: 942.10 Revenue: 0.00 Total Cost: 942.10),45,112,Approved,30.09.25,Jun-27,942.103,100.0,,2026-2027,
3690,WSDIM-PP-25-0011,3688,Reconditioning Of Road From Ghulamullah Sakro Road @ 4.50 Kms To Village Molvi Abdul Haleem Gorai Kms 0.00-3.00=3.00 Kms,45,112,Approved,30.06.25,Jun-27,86.050,100.0,,2026-2027,
3691,WSDIM-PP-25-0012,3689,"Reconditioning / Construction Of Road From Thatta - Ghorabari Road @ 27.00 Kms To Connect Village Phul Sasiyo, Ayoub Hingoro, Dawood Bhatti, Muhammad Bhatti Rec: 3.00 + Const: 2.00 = Total 5.00 Kms",45,112,Approved,30.06.25,Jun-27,150.679,100.0,,2026-2027,
3692,WSDIM-PP-25-0013,3690,Reconditioning of road (asphalt) from Naro Bag Mithiri Minor to Village Qazi Badal Mahar Taluka Khangarh. (8.80 Kms),45,112,Approved,09.07.25,Jun-27,199.094,75.1,,2026-2027,
3693,WSDIM-PP-25-0014,3691,Widening and Reconditioning of Road From Shahranpur Kheerthar Canal 24.00 Kms to 35.65 Kms of Jacoababad Dodapur Garhi Khairo Road upto village Rindo Malghani (11.65 Kms) (I) W/R Of Road From A-Section Police Station Thull To Village Abdul Sattar Buriro,45,112,Approved,05.08.25,Jun-27,665.101,100.0,,2026-2027,
3694,WSDIM-PP-25-0015,3692,"Sher Khan Buriro I/C Link Road Karim Bux Buriro (4.50 Kms) (II) Reconditioning Of Road From Jacobabad Thull Road To Connect Ali Murad To Kandrani Road Via Ghous Bux And Inam Ali Shah (1.20 Kms), (III)Construction Of Paver Road From Soon Wah Mosalabad Bridge I/C Link Rahimabad Colony (0.6 Km), (IV)Construction / Reconditioning Of Road From Arsalan Banglani To Bara Samejo Via Ghulam Rabbani Banglani (3.50 Kms), (V) Various Street Of Paver Jeelani Ground, Allah",45,112,Approved,30.09.25,Jun-27,469.863,100.0,,2026-2027,
3695,WSDIM-PP-25-0016,3693,"Rakhio Colony, Uner Colony, Shah Faisal Colony (6.90 Kms) Reconditioning (Taken Up Rain Damages Portion At Naseer Khan Bhangar To Bahoo Khoso Town (10.00Kms)",45,112,Approved,30.09.25,Jun-27,421.106,100.0,,2026-2027,
3696,WSDIM-PP-25-0017,3694,"Reconditioning of Road from DC Chowk to Jamali Bye-pass via City Police Station Chowk/Quaid-e-Azam upto Mouladad Phatak mile 0/0-2/ 6 (4.36 Kms) District, Jacobabad i) Widening / Reconditioning Of Road From",45,112,Approved,13.10.25,Jun-27,463.105,54.0,,2026-2027,
3697,WSDIM-PP-25-0018,3695,"Qubo Saeed Khan To Village Muhammad Amin Brohi upto Qubo Nabi Shah Road at point village Muhammad Bux Brohi (3.00Kms) (1.00 Km Paver In Village) (Total Length 4.00 Kms) ii) Widening And Reconditioning Of Road From Main Sim Nala / Drain Via Village Daulat Ji Wandh, Taluka Sijawal Junejo",45,112,Approved,05.08.25,Jun-28,853.388,68.4,,2026-2027,
3698,WSDIM-PP-25-0019,3696,Connecting Shahdadkot Road (9.40 Kms) Reconditional of road from Shahdadkot City to connect (M-8) @ Iqra Petrol Pump (Old Shahdadkot Qubo Road 3.60 Kms),45,112,Approved,09.07.25,Jun-27,165.859,36.2,,2026-2027,
3699,WSDIM-PP-25-0020,3697,"Reconditioning of road from (M-8) @PSO Pump to village Muhammad Bux Brohi via village Aijaz Ahmed Brohi, Taj Muhammad Brohi, Kamal Brohi, Fateh Muhammad Shaikh, Arif Khan and Qubo Nabi Shah road (6.50 Kms)",45,112,Approved,05.08.25,Jun-27,177.362,19.9,,2026-2027,
3700,WSDCN-PP-25-0021,3698,Rehabilitation / Construction of Road From Kazi Ahmed Deran Road @ Tooti Stop To Village Sikandar Ali Shah Via Razi Khan Jatoi Road 0.00-25.00 kms,45,112,Approved,27.08.25,Jun-27,2015.314,100.0,,2026-2027,
3701,WSDIM-PP-25-0023,3699,"Construction / Reconditioning Of Road From Ratodero-Naudero Road To Ratodero-Larkano Road Via Village Mazar Brohi, Village Hakeem Brohi & New Water Supply Qado Wah (Construction = 2.50 Kms, Reconditioning = 1.50 Kms) (Total Length 4.00 Kms) (12' Ft: Wide).",45,112,Approved,27.08.25,Jun-27,140.940,100.0,,2026-2027,
3702,WSDIM-PP-25-0024,3700,Rehablitation Of 2 Nos. Bridges In Larkana City,45,112,Approved,09.07.25,Jun-27,90.340,100.0,,2026-2027,
3703,WSDIM-PP-25-0025,3701,Reconditioning Of Road From Larkano Moen- Jo-Daro Road To Sonhari Regulator Via Village Kariyo Shaikh (6.30 Kms),45,112,Approved,09.07.25,Jun-27,189.982,36.8,,2026-2027,
3704,WSDIM-PP-25-0026,3702,Reconditioning of road from Airport to Bagerji via Sukkur road. (7.00 Kms),45,112,Approved,27.08.25,Jun-27,299.680,100.0,,2026-2027,
3705,WSDIM-PP-25-0027,3703,Reconditioning of road from Sangrar minor link road to village Dadh (4.50 Kms),45,112,Approved,09.07.25,Jun-27,99.962,50.0,,2026-2027,
3706,WSDIM-PP-25-0028,3704,Construction of Road Soomra Panhwari Bridge Via Hussain Belli To Khadhari Bridge 7 Km Taluka Pano Akil District Sukkur Drains Paver Blocks Brick soling and culverts,45,112,Approved,09.07.25,Jun-27,193.963,51.6,,2026-2027,
3707,WSDIM-PP-25-0030,3705,"in Town Committee Mithani (Ashique Hussain Chandio House to Rashid Ali House, Nazimuddin Street to Sikandar House, Lal Masjid to Grils School, Abdullah Malik to Haji Sohrab Malik, Sikandar Goht to Memon Shop, Moon Star School to Sama Mohalla Aftab House, Sardar Imtiaz to Muhammad Qabil Chandio, Ghulam Ali to Abdullah Shah Sahab. [Ref#778]",45,112,Approved,27.01.26,Jun-27,49.993,100.0,,2026-2027,
3708,WSDIM-PP-25-0031,3706,"Drain Paver Blocks Brick Soling and Culverts UC Latt (Village Laat, village Sohan, Jan Muhammad Chandio, village Saindad Chandio, Ghulam Ali, Village Channo Mashori Mirwah, Village Ghulam Mir Chandio, village Sain Bux Chandio, Village Ustad Azmat Chandio, village Ramzan Chandio, Village Ilyas Chandio, Village Rafiuque Chandio, Village Chuttan Shah Dadan Shah, Village Latt Junaid Chandio, Village Latt Ali Bux Chandio, Village Shabbir Chandio [Ref#779]",45,112,Approved,27.01.26,Jun-27,49.994,100.0,,2026-2027,
3709,WSDIM-PP-25-0032,3707,"Drains Paver Blocks Brick soling and culverts UC Thatt Dalipata and Bhurand Boundary Wall Grave Yard Moral Shah (Village Umar Khuhawar to Haji Hashim Panhwar, Village Sat Lumberi to village Korho Khan Lahouti Solangi, village Ghulam Ali Solangi to village Saiffal Panhwar, village Sendhal/Sabu Solangi",45,112,Approved,27.01.26,Jun-27,49.992,100.0,,2026-2027,
3710,WSDIM-PP-25-0033,3708,"to Sajan Khaskheli [Ref#781] Reconditioning of roads in various villages of UC Manahi, Kenchi Jagir & Fatoo Balal [Ref#869]",45,112,Approved,26.12.25,Jun-27,59.979,100.0,,2026-2027,
3711,WSDIM-PP-22-1505,3709,Widening of Railway Underpasses in Larkano City (02 Nos.) i/c extension of Level Crossing @ New Bus Stand Larkano,45,112,Approved,,Jun-28,35.000,20.0,,2026-2027,
3712,WSDIM-PP-25-0022,3710,Rehabilitation of Road From Kotdiji Sorah Upto Nara Gate (Total length 41.00 Kms taken up length 10.00 Km),45,112,Approved,,Jun-28,800.000,1.3,,2026-2027,
